Snapshot_Date,SKU,Current_Stock,On_Order,Lead_Time_Days,Safety_Stock,Reorder_Point,Inventory_Value,Total_Pipeline_Stock,Is_Below_Reorder_Point,Is_Below_Safety_Stock,Stock_Status,Average_Forecast_Demand,Stock_Coverage_Weeks,Lead_Time_Weeks,Lead_Time_Demand,Available_Stock,Stockout_Gap,Stockout_Risk,Excess_Stock,Overstock_Risk,Overall_Risk,Recommendation,Risk_Score
2024-01-01,SKU001,16,23,11,7,18,58420.96,39,1,0,Reorder Needed (<= Reorder Point),84.35095557248381,0.18968368397736768,1.5714285714285714,132.55150161390313,39,100.55150161390313,HIGH,-996.2114668698057,LOW,HIGH,REORDER NOW,60
2024-01-01,SKU002,29,12,4,5,10,163983.4,41,0,0,Healthy (> Reorder Point),60.610605206310034,0.47846412193522986,0.5714285714285714,34.63463154646288,41,-1.3653684535371227,LOW,-698.3272624757204,LOW,LOW,HEALTHY,0
2024-01-01,SKU003,34,23,14,6,20,209060.22,57,0,0,Healthy (> Reorder Point),34.20813909588409,0.993915509542899,2.0,68.41627819176819,57,17.416278191768185,HIGH,-376.4976691506091,LOW,HIGH,REORDER NOW,60
2024-01-01,SKU004,34,4,7,5,12,42257.92,38,0,0,Healthy (> Reorder Point),27.974245966626015,1.2154036266272508,1.0,27.974245966626015,38,-5.025754033373985,LOW,-301.6909515995122,LOW,LOW,HEALTHY,0
2024-01-01,SKU005,23,5,5,6,11,170945.89,28,0,0,Healthy (> Reorder Point),101.36967098364632,0.2268923217054786,0.7142857142857143,72.40690784546166,28,50.40690784546166,HIGH,-1193.4360518037558,LOW,HIGH,REORDER NOW,60
2024-01-01,SKU006,13,6,5,5,10,86143.2,19,0,0,Healthy (> Reorder Point),37.22048017150538,0.3492700776588132,0.7142857142857143,26.586057265360985,19,12.586057265360985,HIGH,-433.6457620580645,LOW,HIGH,REORDER NOW,60
2024-01-01,SKU007,12,2,3,7,10,54576.36,14,0,0,Healthy (> Reorder Point),148.4626504518179,0.08082841013197782,0.42857142857142855,63.62685019363624,14,56.626850193636244,HIGH,-1769.5518054218146,LOW,HIGH,REORDER NOW,60
2024-01-01,SKU008,18,22,7,5,12,119954.52,40,0,0,Healthy (> Reorder Point),97.15146048182743,0.18527770875217026,1.0,97.15146048182743,40,62.15146048182743,HIGH,-1147.8175257819291,LOW,HIGH,REORDER NOW,60
2024-01-01,SKU009,13,14,12,5,17,38968.54,27,1,0,Reorder Needed (<= Reorder Point),61.66929685639556,0.21080181974949508,1.7142857142857142,105.71879461096381,27,83.71879461096381,HIGH,-727.0315622767467,LOW,HIGH,REORDER NOW,60
2024-01-01,SKU010,28,9,12,5,17,200807.32,37,0,0,Healthy (> Reorder Point),99.10270304793268,0.2825351795546619,1.7142857142857142,169.8903480821703,37,137.8903480821703,HIGH,-1161.2324365751922,LOW,HIGH,REORDER NOW,60
2024-01-01,SKU011,5,3,3,5,10,19335.45,8,1,1,Critical (<= Safety Stock),18.21293984749243,0.27453008914913885,0.42857142857142855,7.805545648925326,8,4.805545648925326,HIGH,-213.55527816990914,LOW,HIGH,REORDER NOW,60
2024-01-01,SKU012,24,14,3,5,10,34697.76,38,0,0,Healthy (> Reorder Point),152.60360509957462,0.15727020331098915,0.42857142857142855,65.40154504267484,38,32.40154504267484,HIGH,-1807.2432611948955,LOW,HIGH,REORDER NOW,60
2024-01-01,SKU013,5,19,4,6,10,38741.0,24,1,1,Critical (<= Safety Stock),82.29389569333014,0.06075784792875283,0.5714285714285714,47.02508325333151,24,29.02508325333151,HIGH,-982.5267483199617,LOW,HIGH,REORDER NOW,60
2024-01-01,SKU014,20,12,6,6,12,62421.2,32,0,0,Healthy (> Reorder Point),126.68761064142299,0.157868633710427,0.8571428571428571,108.58938054979113,32,82.58938054979113,HIGH,-1500.2513276970758,LOW,HIGH,REORDER NOW,60
2024-01-01,SKU015,23,20,6,5,11,28908.47,43,0,0,Healthy (> Reorder Point),21.863857921842072,1.0519643917473007,0.8571428571428571,18.740449647293204,43,-19.259550352706796,LOW,-239.36629506210488,LOW,LOW,HEALTHY,0
2024-01-01,SKU016,20,18,3,7,10,40171.0,38,0,0,Healthy (> Reorder Point),81.77833745970412,0.24456354361391736,0.42857142857142855,35.047858911301766,38,4.047858911301766,HIGH,-961.3400495164494,LOW,HIGH,REORDER NOW,60
2024-01-01,SKU017,28,11,7,5,12,187691.28,39,0,0,Healthy (> Reorder Point),83.9279095755806,0.3336196521704717,1.0,83.9279095755806,39,49.9279095755806,HIGH,-979.1349149069672,LOW,HIGH,REORDER NOW,60
2024-01-01,SKU018,32,37,13,7,20,85466.88,69,0,0,Healthy (> Reorder Point),149.6531105639159,0.21382783077090137,1.8571428571428572,277.92720533298666,69,215.92720533298666,HIGH,-1763.8373267669908,LOW,HIGH,REORDER NOW,60
2024-01-01,SKU019,7,32,12,5,17,22770.72,39,1,0,Reorder Needed (<= Reorder Point),95.61862243779252,0.07320749684041991,1.7142857142857142,163.9176384647872,39,129.9176384647872,HIGH,-1140.4234692535103,LOW,HIGH,REORDER NOW,60
2024-01-01,SKU020,31,17,3,5,10,171719.54,48,0,0,Healthy (> Reorder Point),84.59106805499508,0.3664689513063721,0.42857142857142855,36.253314880712175,48,-6.746685119287825,LOW,-984.0928166599409,LOW,LOW,HEALTHY,0
2024-01-01,SKU021,26,17,4,5,10,7983.56,43,0,0,Healthy (> Reorder Point),50.40102463578332,0.5158625283490909,0.5714285714285714,28.800585506161898,43,-9.199414493838105,LOW,-578.8122956293998,LOW,LOW,HEALTHY,0
2024-01-01,SKU022,32,20,6,6,12,172882.88,52,0,0,Healthy (> Reorder Point),58.31515299485604,0.5487424512600131,0.8571428571428571,49.984416852733744,52,3.9844168527337445,HIGH,-667.7818359382725,LOW,HIGH,REORDER NOW,60
2024-01-01,SKU023,29,8,5,5,10,110391.4,37,0,0,Healthy (> Reorder Point),87.54378131244553,0.3312628214732742,0.7142857142857143,62.531272366032525,37,30.531272366032525,HIGH,-1021.5253757493465,LOW,HIGH,REORDER NOW,60
2024-01-01,SKU024,10,12,12,7,19,13334.3,22,1,0,Reorder Needed (<= Reorder Point),76.4636135364613,0.1307811590048847,1.7142857142857142,131.08048034821937,22,116.08048034821937,HIGH,-907.5633624375355,LOW,HIGH,REORDER NOW,60
2024-01-01,SKU025,34,10,12,7,19,132634.0,44,0,0,Healthy (> Reorder Point),18.585355361227894,1.8293973582517336,1.7142857142857142,31.86060919067639,44,-5.139390809323615,LOW,-189.0242643347347,LOW,LOW,HEALTHY,0
2024-01-01,SKU026,14,33,11,7,18,86502.36,47,1,0,Reorder Needed (<= Reorder Point),133.0415205457043,0.10523030661838026,1.5714285714285714,209.065246571821,47,169.065246571821,HIGH,-1582.4982465484513,LOW,HIGH,REORDER NOW,60
2024-01-01,SKU027,25,1,11,5,16,114596.5,26,0,0,Healthy (> Reorder Point),145.90675541794133,0.1713423064503694,1.5714285714285714,229.2820442281935,26,208.2820442281935,HIGH,-1725.881065015296,LOW,HIGH,REORDER NOW,60
2024-01-01,SKU028,5,3,9,7,16,2444.2,8,1,1,Critical (<= Safety Stock),31.106388794354906,0.1607386840386752,1.2857142857142858,39.99392844988488,8,38.99392844988488,HIGH,-368.2766655322589,LOW,HIGH,REORDER NOW,60
2024-01-01,SKU029,5,17,13,5,18,17080.5,22,1,1,Critical (<= Safety Stock),92.13179246289059,0.05427008274059067,1.8571428571428572,171.10190028822538,22,154.10190028822538,HIGH,-1100.581509554687,LOW,HIGH,REORDER NOW,60
2024-01-01,SKU030,30,23,10,5,15,61890.9,53,0,0,Healthy (> Reorder Point),29.57372506362793,1.0144139750895411,1.4285714285714286,42.248178662325614,53,-5.751821337674386,LOW,-324.88470076353514,LOW,LOW,HEALTHY,0
2024-01-01,SKU031,22,17,4,5,10,55557.7,39,0,0,Healthy (> Reorder Point),112.061080321504,0.19632150552967945,0.5714285714285714,64.03490304085942,39,30.03490304085942,HIGH,-1322.732963858048,LOW,HIGH,REORDER NOW,60
2024-01-01,SKU032,19,21,9,5,14,86773.0,40,0,0,Healthy (> Reorder Point),54.992586929301225,0.3455011131668802,1.2857142857142858,70.7047546233873,40,35.7047546233873,HIGH,-640.9110431516146,LOW,HIGH,REORDER NOW,60
2024-01-01,SKU033,10,17,4,5,10,33995.0,27,1,0,Reorder Needed (<= Reorder Point),102.66265597604806,0.09740640260011461,0.5714285714285714,58.66437484345603,27,36.66437484345603,HIGH,-1221.9518717125766,LOW,HIGH,REORDER NOW,60
2024-01-01,SKU034,29,2,6,5,11,44777.16,31,0,0,Healthy (> Reorder Point),118.43921646150007,0.24485133274608212,0.8571428571428571,101.51932839557148,31,75.51932839557148,HIGH,-1392.2705975380009,LOW,HIGH,REORDER NOW,60
2024-01-01,SKU035,23,18,5,5,10,134510.44,41,0,0,Healthy (> Reorder Point),125.03438379015351,0.18394940097918294,0.7142857142857143,89.31027413582395,41,53.310274135823946,HIGH,-1477.412605481842,LOW,HIGH,REORDER NOW,60
2024-01-01,SKU036,25,16,6,6,12,37496.5,41,0,0,Healthy (> Reorder Point),28.401220974970112,0.8802438466301292,0.8571428571428571,24.343903692831525,41,-10.656096307168475,LOW,-315.81465169964133,LOW,LOW,HEALTHY,0
2024-01-01,SKU037,32,1,4,5,10,180687.36,33,0,0,Healthy (> Reorder Point),148.2476501285819,0.21585502348431795,0.5714285714285714,84.71294293061823,33,56.712942930618226,HIGH,-1746.971801542983,LOW,HIGH,REORDER NOW,60
2024-01-01,SKU038,23,21,8,7,15,73666.93,44,0,0,Healthy (> Reorder Point),46.60615974096913,0.4934969997062825,1.1428571428571428,53.264182561107575,44,16.264182561107575,HIGH,-536.2739168916296,LOW,HIGH,REORDER NOW,60
2024-01-01,SKU039,17,25,14,6,20,51918.85,42,1,0,Reorder Needed (<= Reorder Point),18.63885467149666,0.9120732094122249,2.0,37.27770934299332,42,1.2777093429933188,HIGH,-206.6662560579599,LOW,HIGH,REORDER NOW,60
2024-01-01,SKU040,22,0,4,5,10,25620.1,22,0,0,Healthy (> Reorder Point),90.19968398617831,0.24390329353450013,0.5714285714285714,51.54267656353046,22,34.54267656353046,HIGH,-1060.3962078341397,LOW,HIGH,REORDER NOW,60
2024-01-01,SKU041,23,8,9,5,14,130472.79,31,0,0,Healthy (> Reorder Point),64.96817258818683,0.3540195003758208,1.2857142857142858,83.53050761338308,31,57.53050761338308,HIGH,-756.618071058242,LOW,HIGH,REORDER NOW,60
2024-01-01,SKU042,15,26,9,6,15,116416.8,41,1,0,Reorder Needed (<= Reorder Point),136.1102257325676,0.11020479849524556,1.2857142857142858,174.99886165615837,41,139.99886165615837,HIGH,-1618.3227087908112,LOW,HIGH,REORDER NOW,60
2024-01-01,SKU043,17,2,13,5,18,63453.35,19,1,0,Reorder Needed (<= Reorder Point),130.258832688137,0.13050938388724123,1.8571428571428572,241.90926070654015,19,227.90926070654015,HIGH,-1546.1059922576442,LOW,HIGH,REORDER NOW,60
2024-01-01,SKU044,27,6,13,5,18,26919.81,33,0,0,Healthy (> Reorder Point),53.04250247248853,0.5090257574857832,1.8571428571428572,98.50750459176442,33,70.50750459176442,HIGH,-609.5100296698623,LOW,HIGH,REORDER NOW,60
2024-01-01,SKU045,16,6,3,7,10,29093.12,22,0,0,Healthy (> Reorder Point),147.55999314681097,0.10843047399765882,0.42857142857142855,63.23999706291898,22,48.239997062918974,HIGH,-1754.7199177617317,LOW,HIGH,REORDER NOW,60
2024-01-01,SKU046,22,21,9,5,14,104256.9,43,0,0,Healthy (> Reorder Point),54.18980348712668,0.40598043514267984,1.2857142857142858,69.6726044834486,43,31.672604483448595,HIGH,-628.2776418455202,LOW,HIGH,REORDER NOW,60
2024-01-01,SKU047,23,11,4,7,11,140956.19,34,0,0,Healthy (> Reorder Point),88.06846728987554,0.26116044377490955,0.5714285714285714,50.32483845135745,34,23.32483845135745,HIGH,-1033.8216074785064,LOW,HIGH,REORDER NOW,60
2024-01-01,SKU048,15,10,8,5,13,53980.8,25,0,0,Healthy (> Reorder Point),52.66637908493151,0.28481168177160066,1.1428571428571428,60.190147525636014,25,40.19014752563601,HIGH,-616.9965490191781,LOW,HIGH,REORDER NOW,60
2024-01-01,SKU049,11,1,11,5,16,58149.41,12,1,0,Reorder Needed (<= Reorder Point),147.86670983735698,0.07439132183369218,1.5714285714285714,232.36197260156095,12,225.36197260156095,HIGH,-1763.4005180482836,LOW,HIGH,REORDER NOW,60
2024-01-01,SKU050,19,18,11,6,17,65977.69,37,0,0,Healthy (> Reorder Point),35.23463894720143,0.5392420801720491,1.5714285714285714,55.36871834560225,37,24.368718345602247,HIGH,-403.8156673664172,LOW,HIGH,REORDER NOW,60
2024-02-01,SKU001,918,496,3,246,346,3351902.58,1414,0,0,Healthy (> Reorder Point),84.35095557248381,10.883101368201471,0.42857142857142855,36.15040953106449,1414,-1131.8495904689355,LOW,-94.21146686980569,LOW,LOW,HEALTHY,0
2024-02-01,SKU002,277,465,4,154,234,1566324.2,742,0,0,Healthy (> Reorder Point),60.610605206310034,4.570157302622713,0.5714285714285714,34.63463154646288,742,-553.3653684535371,LOW,-450.32726247572043,LOW,LOW,HEALTHY,0
2024-02-01,SKU003,309,257,11,39,177,1899988.47,566,0,0,Healthy (> Reorder Point),34.20813909588409,9.032938013198699,1.5714285714285714,53.755647150675,566,-473.24435284932497,LOW,-101.49766915060911,LOW,LOW,HEALTHY,0
2024-02-01,SKU004,168,422,5,141,236,208803.84,590,1,0,Reorder Needed (<= Reorder Point),27.974245966626015,6.00552380215818,0.7142857142857143,19.981604261875724,590,-429.01839573812424,LOW,-167.69095159951218,LOW,LOW,REORDER SOON,0
2024-02-01,SKU005,401,292,10,161,373,2980404.43,693,0,0,Healthy (> Reorder Point),101.36967098364632,3.9558183045172575,1.4285714285714286,144.81381569092332,693,-387.1861843090767,LOW,-815.4360518037558,LOW,LOW,HEALTHY,0
2024-02-01,SKU006,464,145,9,63,212,3074649.6,609,0,0,Healthy (> Reorder Point),37.22048017150538,12.466255079514562,1.2857142857142858,47.85490307764977,609,-498.14509692235026,LOW,17.35423794193548,HIGH,HIGH,MARKDOWN / CLEAR,40
2024-02-01,SKU007,282,685,13,143,390,1282544.46,967,1,0,Reorder Needed (<= Reorder Point),148.4626504518179,1.899467638101479,1.8571428571428572,275.7163508390904,967,-548.2836491609096,LOW,-1499.5518054218146,LOW,LOW,REORDER SOON,0
2024-02-01,SKU008,186,157,10,128,376,1239530.04,343,1,0,Reorder Needed (<= Reorder Point),97.15146048182743,1.914536323772426,1.4285714285714286,138.7878006883249,343,-76.21219931167514,LOW,-979.8175257819291,LOW,LOW,REORDER SOON,0
2024-02-01,SKU009,94,252,14,72,218,281772.52,346,1,0,Reorder Needed (<= Reorder Point),61.66929685639556,1.5242593120348105,2.0,123.33859371279112,346,-150.66140628720888,LOW,-646.0315622767467,LOW,LOW,REORDER SOON,0
2024-02-01,SKU010,100,131,13,24,69,717169.0,231,0,0,Healthy (> Reorder Point),99.10270304793268,1.009054212695221,1.8571428571428572,184.04787708901785,231,-22.952122910982155,LOW,-1089.2324365751922,LOW,LOW,HEALTHY,0
2024-02-01,SKU011,596,324,13,139,466,2304785.64,920,0,0,Healthy (> Reorder Point),18.21293984749243,32.72398662657735,1.8571428571428572,33.824031145343085,920,-747.175968854657,LOW,377.4447218300909,HIGH,HIGH,MARKDOWN / CLEAR,40
2024-02-01,SKU012,67,83,13,13,56,96864.58,150,0,0,Healthy (> Reorder Point),152.60360509957462,0.43904598424317803,1.8571428571428572,283.40669518492433,150,146.40669518492433,HIGH,-1764.2432611948955,LOW,HIGH,REORDER NOW,60
2024-02-01,SKU013,269,157,10,25,104,2084265.8,426,0,0,Healthy (> Reorder Point),82.29389569333014,3.268772218566902,1.4285714285714286,117.56270813332878,426,-283.4372918666712,LOW,-718.5267483199617,LOW,LOW,HEALTHY,0
2024-02-01,SKU014,383,1,8,98,241,1195365.98,384,0,0,Healthy (> Reorder Point),126.68761064142299,3.023184335554677,1.1428571428571428,144.78584073305484,384,-141.21415926694516,LOW,-1137.2513276970758,LOW,LOW,HEALTHY,0
2024-02-01,SKU015,607,325,10,120,297,762932.23,932,0,0,Healthy (> Reorder Point),21.863857921842072,27.762712425678764,1.4285714285714286,31.234082745488674,932,-780.7659172545114,LOW,344.6337049378951,HIGH,HIGH,MARKDOWN / CLEAR,40
2024-02-01,SKU016,299,121,11,66,173,600556.45,420,0,0,Healthy (> Reorder Point),81.77833745970412,3.6562249770280646,1.5714285714285714,128.50881600810646,420,-225.49118399189354,LOW,-682.3400495164494,LOW,LOW,HEALTHY,0
2024-02-01,SKU017,218,315,7,85,175,1461310.68,533,0,0,Healthy (> Reorder Point),83.9279095755806,2.5974672918986723,1.0,83.9279095755806,533,-364.0720904244194,LOW,-789.1349149069672,LOW,LOW,HEALTHY,0
2024-02-01,SKU018,645,236,5,130,222,1722691.8,881,0,0,Healthy (> Reorder Point),149.6531105639159,4.30996721397598,0.7142857142857143,106.89507897422564,881,-644.1049210257744,LOW,-1150.8373267669908,LOW,LOW,HEALTHY,0
2024-02-01,SKU019,163,199,11,25,111,530232.48,362,0,0,Healthy (> Reorder Point),95.61862243779252,1.7046888549983492,1.5714285714285714,150.25783525938826,362,-186.74216474061174,LOW,-984.4234692535103,LOW,LOW,HEALTHY,0
2024-02-01,SKU020,643,650,7,204,468,3561795.62,1293,0,0,Healthy (> Reorder Point),84.59106805499508,7.601275344838622,1.0,84.59106805499508,1293,-1004.408931945005,LOW,-372.0928166599409,LOW,LOW,HEALTHY,0
2024-02-01,SKU021,194,11,13,46,137,59569.64,205,0,0,Healthy (> Reorder Point),50.40102463578332,3.8491280961432164,1.8571428571428572,93.60190289502617,205,-65.39809710497383,LOW,-410.81229562939984,LOW,LOW,HEALTHY,0
2024-02-01,SKU022,394,205,14,45,218,2128620.46,599,0,0,Healthy (> Reorder Point),58.31515299485604,6.756391431138912,2.0,116.63030598971208,599,-437.3696940102879,LOW,-305.7818359382725,LOW,LOW,HEALTHY,0
2024-02-01,SKU023,46,153,14,61,183,175103.6,199,1,1,Critical (<= Safety Stock),87.54378131244553,0.52545137199209,2.0,175.08756262489106,199,37.08756262489106,HIGH,-1004.5253757493465,LOW,HIGH,REORDER NOW,60
2024-02-01,SKU024,165,251,7,67,172,220015.95,416,1,0,Reorder Needed (<= Reorder Point),76.4636135364613,2.1578891235805977,1.0,76.4636135364613,416,-272.5363864635387,LOW,-752.5633624375355,LOW,LOW,REORDER SOON,0
2024-02-01,SKU025,532,517,8,211,489,2075332.0,1049,0,0,Healthy (> Reorder Point),18.585355361227894,28.62468807617418,1.1428571428571428,21.24040612711759,1049,-816.7595938728824,LOW,308.9757356652653,HIGH,HIGH,MARKDOWN / CLEAR,40
2024-02-01,SKU026,146,65,11,31,101,902096.04,211,0,0,Healthy (> Reorder Point),133.0415205457043,1.0974017690202513,1.5714285714285714,209.065246571821,211,29.065246571821007,HIGH,-1450.4982465484513,LOW,HIGH,REORDER NOW,60
2024-02-01,SKU027,568,306,7,69,198,2603632.48,874,0,0,Healthy (> Reorder Point),145.90675541794133,3.892897202552393,1.0,145.90675541794133,874,-659.0932445820587,LOW,-1182.881065015296,LOW,LOW,HEALTHY,0
2024-02-01,SKU028,711,290,8,104,272,347565.24,1001,0,0,Healthy (> Reorder Point),31.106388794354906,22.857040870299613,1.1428571428571428,35.55015862211989,1001,-861.4498413778801,LOW,337.7233344677411,HIGH,HIGH,MARKDOWN / CLEAR,40
2024-02-01,SKU029,429,569,5,190,333,1465506.9,998,0,0,Healthy (> Reorder Point),92.13179246289059,4.656373099142679,0.7142857142857143,65.808423187779,998,-742.191576812221,LOW,-676.581509554687,LOW,LOW,HEALTHY,0
2024-02-01,SKU030,68,61,9,52,115,140286.04,129,1,0,Reorder Needed (<= Reorder Point),29.57372506362793,2.2993383435362933,1.2857142857142858,38.02336079609305,129,-38.976639203906956,LOW,-286.88470076353514,LOW,LOW,REORDER SOON,0
2024-02-01,SKU031,68,81,12,33,100,171723.8,149,1,0,Reorder Needed (<= Reorder Point),112.061080321504,0.6068119261826456,1.7142857142857142,192.10470912257827,149,76.10470912257827,HIGH,-1276.732963858048,LOW,HIGH,REORDER NOW,60
2024-02-01,SKU032,272,122,5,64,122,1242224.0,394,0,0,Healthy (> Reorder Point),54.992586929301225,4.946121199020601,0.7142857142857143,39.28041923521516,394,-290.71958076478484,LOW,-387.91104315161465,LOW,LOW,HEALTHY,0
2024-02-01,SKU033,266,80,9,43,150,904267.0,346,0,0,Healthy (> Reorder Point),102.66265597604806,2.5910103091630488,1.2857142857142858,131.9948433977761,346,-171.0051566022239,LOW,-965.9518717125766,LOW,LOW,HEALTHY,0
2024-02-01,SKU034,37,67,11,23,81,57129.48,104,1,0,Reorder Needed (<= Reorder Point),118.43921646150007,0.3123965279863806,1.5714285714285714,186.11876872521438,104,105.11876872521438,HIGH,-1384.2705975380009,LOW,HIGH,REORDER NOW,60
2024-02-01,SKU035,552,394,13,169,460,3228250.56,946,0,0,Healthy (> Reorder Point),125.03438379015351,4.41478562350039,1.8571428571428572,232.20671275314226,946,-544.7932872468577,LOW,-948.4126054818421,LOW,LOW,HEALTHY,0
2024-02-01,SKU036,223,124,14,130,414,334468.78,347,1,0,Reorder Needed (<= Reorder Point),28.401220974970112,7.851775111940753,2.0,56.802441949940224,347,-160.19755805005977,LOW,-117.81465169964133,LOW,LOW,REORDER SOON,0
2024-02-01,SKU037,870,906,7,352,674,4912437.6,1776,0,0,Healthy (> Reorder Point),148.2476501285819,5.8685584509798945,1.0,148.2476501285819,1776,-1275.7523498714181,LOW,-908.971801542983,LOW,LOW,HEALTHY,0
2024-02-01,SKU038,301,57,7,75,153,964075.91,358,0,0,Healthy (> Reorder Point),46.60615974096913,6.458373778764828,1.0,46.60615974096913,358,-236.39384025903087,LOW,-258.2739168916296,LOW,LOW,HEALTHY,0
2024-02-01,SKU039,24,111,5,33,56,73297.2,135,1,1,Critical (<= Safety Stock),18.63885467149666,1.2876327662290235,0.7142857142857143,13.313467622497614,135,-88.68653237750239,LOW,-199.6662560579599,LOW,LOW,REORDER SOON,0
2024-02-01,SKU040,67,68,3,36,55,78024.85,135,0,0,Healthy (> Reorder Point),90.19968398617831,0.7427963939459776,0.42857142857142855,38.657007422647844,135,-60.34299257735216,LOW,-1015.3962078341397,LOW,LOW,HEALTHY,0
2024-02-01,SKU041,301,16,6,71,170,1707491.73,317,0,0,Healthy (> Reorder Point),64.96817258818683,4.633037809266177,0.8571428571428571,55.68700507558871,317,-190.3129949244113,LOW,-478.618071058242,LOW,LOW,HEALTHY,0
2024-02-01,SKU042,70,86,4,37,67,543278.4,156,0,0,Healthy (> Reorder Point),136.1102257325676,0.5142890596444792,0.5714285714285714,77.7772718471815,156,-41.222728152818505,LOW,-1563.3227087908112,LOW,LOW,HEALTHY,0
2024-02-01,SKU043,114,410,5,97,208,425510.7,524,1,0,Reorder Needed (<= Reorder Point),130.258832688137,0.8751805743026766,0.7142857142857143,93.04202334866929,524,-333.9579766513307,LOW,-1449.1059922576442,LOW,LOW,REORDER SOON,0
2024-02-01,SKU044,257,185,14,27,136,256236.71,442,0,0,Healthy (> Reorder Point),53.04250247248853,4.845171099031344,2.0,106.08500494497706,442,-308.9149950550229,LOW,-379.5100296698623,LOW,LOW,HEALTHY,0
2024-02-01,SKU045,491,158,7,50,157,892795.12,649,0,0,Healthy (> Reorder Point),147.55999314681097,3.327460170803155,1.0,147.55999314681097,649,-451.44000685318906,LOW,-1279.7199177617317,LOW,LOW,HEALTHY,0
2024-02-01,SKU046,89,167,12,82,234,421766.55,256,1,0,Reorder Needed (<= Reorder Point),54.18980348712668,1.6423753967135686,1.7142857142857142,92.89680597793145,256,-81.10319402206855,LOW,-561.2776418455202,LOW,LOW,REORDER SOON,0
2024-02-01,SKU047,59,135,9,32,94,361583.27,194,1,0,Reorder Needed (<= Reorder Point),88.06846728987554,0.6699333122921592,1.2857142857142858,113.23088651555427,194,-48.76911348444571,LOW,-997.8216074785064,LOW,LOW,REORDER SOON,0
2024-02-01,SKU048,134,20,6,24,47,482228.48,154,0,0,Healthy (> Reorder Point),52.66637908493151,2.544317690492966,0.8571428571428571,45.14261064422701,154,-84.857389355773,LOW,-497.99654901917813,LOW,LOW,HEALTHY,0
2024-02-01,SKU049,730,566,5,167,327,3859006.3,1296,0,0,Healthy (> Reorder Point),147.86670983735698,4.93687863078139,0.7142857142857143,105.61907845525499,1296,-1023.380921544745,LOW,-1044.4005180482836,LOW,LOW,HEALTHY,0
2024-02-01,SKU050,312,154,5,114,205,1083423.12,466,0,0,Healthy (> Reorder Point),35.23463894720143,8.854922579667333,0.7142857142857143,25.167599248001025,466,-326.832400751999,LOW,-110.81566736641719,LOW,LOW,HEALTHY,0
2024-03-01,SKU001,502,312,8,270,553,1832957.62,814,1,0,Reorder Needed (<= Reorder Point),84.35095557248381,5.9513255847899105,1.1428571428571428,96.40109208283863,814,-447.59890791716134,LOW,-510.2114668698057,LOW,LOW,REORDER SOON,0
2024-03-01,SKU002,636,367,9,155,350,3596325.6,1003,0,0,Healthy (> Reorder Point),60.610605206310034,10.493213156924352,1.2857142857142858,77.92792097954148,1003,-770.0720790204585,LOW,-91.32726247572043,LOW,LOW,HEALTHY,0
2024-03-01,SKU003,211,442,11,111,263,1297403.13,653,1,0,Reorder Needed (<= Reorder Point),34.20813909588409,6.168122720986814,1.5714285714285714,53.755647150675,653,-488.24435284932497,LOW,-199.4976691506091,LOW,LOW,REORDER SOON,0
2024-03-01,SKU004,156,137,13,124,391,193889.28,293,1,0,Reorder Needed (<= Reorder Point),27.974245966626015,5.576557816289739,1.8571428571428572,51.95217108087689,293,-117.0478289191231,LOW,-179.69095159951218,LOW,LOW,REORDER SOON,0
2024-03-01,SKU005,638,295,9,130,335,4741890.34,933,0,0,Healthy (> Reorder Point),101.36967098364632,6.293795706438928,1.2857142857142858,130.332434121831,933,-672.667565878169,LOW,-578.4360518037558,LOW,LOW,HEALTHY,0
2024-03-01,SKU006,477,136,12,62,266,3160792.8,613,0,0,Healthy (> Reorder Point),37.22048017150538,12.815525157173376,1.7142857142857142,63.806537436866364,613,-487.1934625631336,LOW,30.35423794193548,HIGH,HIGH,MARKDOWN / CLEAR,40
2024-03-01,SKU007,565,231,11,97,310,2569636.95,796,0,0,Healthy (> Reorder Point),148.4626504518179,3.8056709770472894,1.5714285714285714,233.29845070999954,796,-465.70154929000046,LOW,-1216.5518054218146,LOW,LOW,HEALTHY,0
2024-03-01,SKU008,537,304,14,177,549,3578643.18,841,1,0,Reorder Needed (<= Reorder Point),97.15146048182743,5.527451644439746,2.0,194.30292096365486,841,-469.69707903634514,LOW,-628.8175257819291,LOW,LOW,REORDER SOON,0
2024-03-01,SKU009,317,104,5,49,105,950232.86,421,0,0,Healthy (> Reorder Point),61.66929685639556,5.140321296968457,0.7142857142857143,44.04949775456826,421,-327.9505022454317,LOW,-423.03156227674674,LOW,LOW,HEALTHY,0
2024-03-01,SKU010,89,106,5,33,54,638280.41,195,0,0,Healthy (> Reorder Point),99.10270304793268,0.8980582492987468,0.7142857142857143,70.78764503423763,195,-91.21235496576237,LOW,-1100.2324365751922,LOW,LOW,HEALTHY,0
2024-03-01,SKU011,574,255,5,217,355,2219709.66,829,0,0,Healthy (> Reorder Point),18.21293984749243,31.516054234321143,0.7142857142857143,13.009242748208878,829,-598.9907572517911,LOW,355.4447218300909,HIGH,HIGH,MARKDOWN / CLEAR,40
2024-03-01,SKU012,93,39,5,11,29,134453.82,132,0,0,Healthy (> Reorder Point),152.60360509957462,0.6094220378300829,0.7142857142857143,109.00257507112474,132,-11.997424928875262,LOW,-1738.2432611948955,LOW,LOW,HEALTHY,0
2024-03-01,SKU013,344,197,4,64,105,2665380.8,541,0,0,Healthy (> Reorder Point),82.29389569333014,4.180139937498194,0.5714285714285714,47.02508325333151,541,-429.9749167466685,LOW,-643.5267483199617,LOW,LOW,HEALTHY,0
2024-03-01,SKU014,336,8,14,133,408,1048676.16,344,1,0,Reorder Needed (<= Reorder Point),126.68761064142299,2.6521930463351735,2.0,253.37522128284598,344,42.375221282845985,HIGH,-1184.2513276970758,LOW,HIGH,REORDER NOW,60
2024-03-01,SKU015,429,85,4,122,198,539205.81,514,0,0,Healthy (> Reorder Point),21.863857921842072,19.621422785199655,0.5714285714285714,12.493633098195469,514,-379.50636690180454,LOW,166.63370493789512,HIGH,HIGH,MARKDOWN / CLEAR,40
2024-03-01,SKU016,311,97,12,63,217,624659.05,408,0,0,Healthy (> Reorder Point),81.77833745970412,3.802963103196415,1.7142857142857142,140.19143564520706,408,-204.80856435479294,LOW,-670.3400495164494,LOW,LOW,HEALTHY,0
2024-03-01,SKU017,237,170,6,89,168,1588672.62,407,0,0,Healthy (> Reorder Point),83.9279095755806,2.8238520558714924,0.8571428571428571,71.93820820764051,407,-246.0617917923595,LOW,-770.1349149069672,LOW,LOW,HEALTHY,0
2024-03-01,SKU018,270,347,13,85,331,721126.8,617,1,0,Reorder Needed (<= Reorder Point),149.6531105639159,1.8041723221294803,1.8571428571428572,277.92720533298666,617,-254.07279466701334,LOW,-1525.8373267669908,LOW,LOW,REORDER SOON,0
2024-03-01,SKU019,257,104,6,30,81,836010.72,361,0,0,Healthy (> Reorder Point),95.61862243779252,2.687760955426845,0.8571428571428571,81.9588192323936,361,-249.04118076760642,LOW,-890.4234692535103,LOW,LOW,HEALTHY,0
2024-03-01,SKU020,736,121,3,272,396,4076954.24,857,0,0,Healthy (> Reorder Point),84.59106805499508,8.700682198757738,0.42857142857142855,36.253314880712175,857,-548.7466851192878,LOW,-279.0928166599409,LOW,LOW,HEALTHY,0
2024-03-01,SKU021,146,114,6,25,70,44830.76,260,0,0,Healthy (> Reorder Point),50.40102463578332,2.8967665053448948,0.8571428571428571,43.20087825924285,260,-191.79912174075716,LOW,-458.81229562939984,LOW,LOW,HEALTHY,0
2024-03-01,SKU022,109,191,9,42,155,588882.31,300,1,0,Reorder Needed (<= Reorder Point),58.31515299485604,1.8691539746044197,1.2857142857142858,74.97662527910063,300,-183.02337472089937,LOW,-590.7818359382725,LOW,LOW,REORDER SOON,0
2024-03-01,SKU023,151,321,14,59,203,574796.6,472,1,0,Reorder Needed (<= Reorder Point),87.54378131244553,1.7248512428436,2.0,175.08756262489106,472,-237.91243737510894,LOW,-899.5253757493465,LOW,LOW,REORDER SOON,0
2024-03-01,SKU024,436,379,8,66,195,581375.48,815,0,0,Healthy (> Reorder Point),76.4636135364613,5.702058532612973,1.1428571428571428,87.3869868988129,815,-661.6130131011871,LOW,-481.5633624375355,LOW,LOW,HEALTHY,0
2024-03-01,SKU025,585,659,6,137,372,2282085.0,1244,0,0,Healthy (> Reorder Point),18.585355361227894,31.47639572286071,0.8571428571428571,15.930304595338194,1244,-1091.0696954046618,LOW,361.9757356652653,HIGH,HIGH,MARKDOWN / CLEAR,40
2024-03-01,SKU026,140,20,9,35,98,865023.6,160,0,0,Healthy (> Reorder Point),133.0415205457043,1.0523030661838026,1.2857142857142858,171.05338355876268,160,46.053383558762675,HIGH,-1456.4982465484513,LOW,HIGH,REORDER NOW,60
2024-03-01,SKU027,536,487,11,76,313,2456948.96,1023,0,0,Healthy (> Reorder Point),145.90675541794133,3.67357905029592,1.5714285714285714,229.2820442281935,1023,-717.7179557718065,LOW,-1214.881065015296,LOW,LOW,HEALTHY,0
2024-03-01,SKU028,292,420,8,152,323,142741.28,712,1,0,Reorder Needed (<= Reorder Point),31.106388794354906,9.387139147858631,1.1428571428571428,35.55015862211989,712,-524.4498413778801,LOW,-81.2766655322589,LOW,LOW,REORDER SOON,0
2024-03-01,SKU029,346,111,14,119,537,1181970.6,457,1,0,Reorder Needed (<= Reorder Point),92.13179246289059,3.755489725648874,2.0,184.26358492578117,457,-153.73641507421883,LOW,-759.581509554687,LOW,LOW,REORDER SOON,0
2024-03-01,SKU030,115,22,4,48,76,237248.45,137,0,0,Healthy (> Reorder Point),29.57372506362793,3.8885869045099075,0.5714285714285714,16.899271464930244,137,-72.10072853506975,LOW,-239.88470076353514,LOW,LOW,HEALTHY,0
2024-03-01,SKU031,159,66,7,27,78,401530.65,225,0,0,Healthy (> Reorder Point),112.061080321504,1.4188690626917742,1.0,112.061080321504,225,-85.938919678496,LOW,-1185.732963858048,LOW,LOW,HEALTHY,0
2024-03-01,SKU032,429,87,7,47,134,1959243.0,516,0,0,Healthy (> Reorder Point),54.992586929301225,7.8010514499258745,1.0,54.992586929301225,516,-414.00741307069876,LOW,-230.91104315161465,LOW,LOW,HEALTHY,0
2024-03-01,SKU033,312,346,9,68,179,1060644.0,658,0,0,Healthy (> Reorder Point),102.66265597604806,3.0390797611235763,1.2857142857142858,131.9948433977761,658,-458.0051566022239,LOW,-919.9518717125766,LOW,LOW,HEALTHY,0
2024-03-01,SKU034,197,162,14,42,139,304175.88,359,0,0,Healthy (> Reorder Point),118.43921646150007,1.663300432792351,2.0,236.87843292300013,359,-80.1215670769999,LOW,-1224.2705975380009,LOW,LOW,HEALTHY,0
2024-03-01,SKU035,349,30,4,129,229,2041049.72,379,0,0,Healthy (> Reorder Point),125.03438379015351,2.7912322148580366,0.5714285714285714,71.44821930865915,379,-178.55178069134087,LOW,-1151.412605481842,LOW,LOW,HEALTHY,0
2024-03-01,SKU036,428,259,4,80,171,641940.08,687,0,0,Healthy (> Reorder Point),28.401220974970112,15.069774654307812,0.5714285714285714,16.22926912855435,687,-590.7707308714456,LOW,87.18534830035867,HIGH,HIGH,MARKDOWN / CLEAR,40
2024-03-01,SKU037,414,283,8,188,579,2337642.72,697,1,0,Reorder Needed (<= Reorder Point),148.2476501285819,2.7926243663283636,1.1428571428571428,169.42588586123645,697,-339.57411413876355,LOW,-1364.971801542983,LOW,LOW,REORDER SOON,0
2024-03-01,SKU038,122,61,9,73,184,390755.02,183,1,0,Reorder Needed (<= Reorder Point),46.60615974096913,2.617679737572455,1.2857142857142858,59.92220538124603,183,-50.077794618753956,LOW,-437.2739168916296,LOW,LOW,REORDER SOON,0
2024-03-01,SKU039,71,87,6,30,66,216837.55,158,0,0,Healthy (> Reorder Point),18.63885467149666,3.8092469334275276,0.8571428571428571,15.976161146997136,158,-112.02383885300287,LOW,-152.6662560579599,LOW,LOW,HEALTHY,0
2024-03-01,SKU040,86,155,9,38,97,100151.3,241,1,0,Reorder Needed (<= Reorder Point),90.19968398617831,0.953440147453046,1.2857142857142858,115.97102226794355,241,-87.02897773205643,LOW,-996.3962078341397,LOW,LOW,REORDER SOON,0
2024-03-01,SKU041,234,279,11,85,293,1327418.82,513,1,0,Reorder Needed (<= Reorder Point),64.96817258818683,3.6017636125192207,1.5714285714285714,102.0928426385793,513,-325.9071573614207,LOW,-545.618071058242,LOW,LOW,REORDER SOON,0
2024-03-01,SKU042,72,50,10,62,141,558800.64,122,1,0,Reorder Needed (<= Reorder Point),136.1102257325676,0.5289830327771786,1.4285714285714286,194.44317961795375,122,134.44317961795377,HIGH,-1561.3227087908112,LOW,HIGH,REORDER NOW,60
2024-03-01,SKU043,165,429,9,125,336,615870.75,594,1,0,Reorder Needed (<= Reorder Point),130.258832688137,1.2667087259644003,1.2857142857142858,167.47564202760472,594,-301.52435797239525,LOW,-1398.1059922576442,LOW,LOW,REORDER SOON,0
2024-03-01,SKU044,47,64,3,44,68,46860.41,111,1,0,Reorder Needed (<= Reorder Point),53.04250247248853,0.8860818741419189,0.42857142857142855,22.73250105963794,111,-44.26749894036206,LOW,-589.5100296698623,LOW,LOW,REORDER SOON,0
2024-03-01,SKU045,453,182,3,75,129,823698.96,635,0,0,Healthy (> Reorder Point),147.55999314681097,3.0699377950587152,0.42857142857142855,63.23999706291898,635,-496.760002937081,LOW,-1317.7199177617317,LOW,LOW,HEALTHY,0
2024-03-01,SKU046,456,53,9,64,194,2160961.2,509,0,0,Healthy (> Reorder Point),54.18980348712668,8.414867201139183,1.2857142857142858,69.6726044834486,509,-375.3273955165514,LOW,-194.27764184552018,LOW,LOW,HEALTHY,0
2024-03-01,SKU047,56,99,6,38,83,343197.68,155,1,0,Reorder Needed (<= Reorder Point),88.06846728987554,0.6358689065823884,0.8571428571428571,75.48725767703617,155,-41.51274232296383,LOW,-1000.8216074785064,LOW,LOW,REORDER SOON,0
2024-03-01,SKU048,70,12,5,25,43,251910.4,82,0,0,Healthy (> Reorder Point),52.66637908493151,1.3291211816008033,0.7142857142857143,37.61884220352251,82,-19.38115779647749,LOW,-561.9965490191781,LOW,LOW,HEALTHY,0
2024-03-01,SKU049,813,310,3,216,309,4297770.03,1123,0,0,Healthy (> Reorder Point),147.86670983735698,5.498194968253794,0.42857142857142855,63.371447073152986,1123,-843.6285529268471,LOW,-961.4005180482836,LOW,LOW,HEALTHY,0
2024-03-01,SKU050,458,35,4,108,186,1590409.58,493,0,0,Healthy (> Reorder Point),35.23463894720143,12.998572248357815,0.5714285714285714,20.134079398400818,493,-364.8659206015992,LOW,35.18433263358281,HIGH,HIGH,MARKDOWN / CLEAR,40
2024-04-01,SKU001,617,58,8,316,654,2252858.27,675,1,0,Reorder Needed (<= Reorder Point),84.35095557248381,7.314677063377241,1.1428571428571428,96.40109208283863,675,-262.59890791716134,LOW,-395.2114668698057,LOW,LOW,REORDER SOON,0
2024-04-01,SKU002,706,674,9,108,346,3992147.6,1380,0,0,Healthy (> Reorder Point),60.610605206310034,11.648126554699044,1.2857142857142858,77.92792097954148,1380,-1194.0720790204584,LOW,-21.32726247572043,LOW,LOW,HEALTHY,0
2024-04-01,SKU003,341,84,5,105,184,2096751.03,425,0,0,Healthy (> Reorder Point),34.20813909588409,9.968387904533191,0.7142857142857143,24.434385068488638,425,-295.5656149315114,LOW,-69.49766915060911,LOW,LOW,HEALTHY,0
2024-04-01,SKU004,502,292,14,152,486,623925.76,794,0,0,Healthy (> Reorder Point),27.974245966626015,17.945077075496467,2.0,55.94849193325203,794,-586.0515080667479,LOW,166.30904840048782,HIGH,HIGH,MARKDOWN / CLEAR,40
2024-04-01,SKU005,902,272,4,107,216,6704051.86,1174,0,0,Healthy (> Reorder Point),101.36967098364632,8.898124964275727,0.5714285714285714,57.92552627636932,1174,-1009.0744737236307,LOW,-314.43605180375584,LOW,LOW,HEALTHY,0
2024-04-01,SKU006,341,558,9,104,311,2259602.4,899,0,0,Healthy (> Reorder Point),37.22048017150538,9.161622806281176,1.2857142857142858,47.85490307764977,899,-747.1450969223503,LOW,-105.64576205806452,LOW,LOW,HEALTHY,0
2024-04-01,SKU007,445,303,4,121,214,2023873.35,748,0,0,Healthy (> Reorder Point),148.4626504518179,2.997386875727511,0.5714285714285714,84.83580025818165,748,-542.1641997418184,LOW,-1336.5518054218146,LOW,LOW,HEALTHY,0
2024-04-01,SKU008,206,344,6,197,386,1372812.84,550,1,0,Reorder Needed (<= Reorder Point),97.15146048182743,2.120400444608171,0.8571428571428571,83.27268041299493,550,-269.72731958700507,LOW,-959.8175257819291,LOW,LOW,REORDER SOON,0
2024-04-01,SKU009,92,586,14,110,311,275777.36,678,1,1,Critical (<= Safety Stock),61.66929685639556,1.4918282628425805,2.0,123.33859371279112,678,-444.6614062872089,LOW,-648.0315622767467,LOW,LOW,REORDER SOON,0
2024-04-01,SKU010,133,106,8,19,56,953834.77,239,0,0,Healthy (> Reorder Point),99.10270304793268,1.342042102884644,1.1428571428571428,113.2602320547802,239,-106.7397679452198,LOW,-1056.2324365751922,LOW,LOW,HEALTHY,0
2024-04-01,SKU011,708,493,5,161,317,2737899.72,1201,0,0,Healthy (> Reorder Point),18.21293984749243,38.87346062351806,0.7142857142857143,13.009242748208878,1201,-1026.9907572517911,LOW,489.4447218300909,HIGH,HIGH,MARKDOWN / CLEAR,40
2024-04-01,SKU012,22,32,4,21,38,31806.28,54,1,0,Reorder Needed (<= Reorder Point),152.60360509957462,0.14416435303507338,0.5714285714285714,87.20206005689978,54,54.20206005689978,HIGH,-1809.2432611948955,LOW,HIGH,REORDER NOW,60
2024-04-01,SKU013,229,253,11,33,151,1774337.8,482,0,0,Healthy (> Reorder Point),82.29389569333014,2.7827094351368795,1.5714285714285714,129.31897894666164,482,-319.6810210533383,LOW,-758.5267483199617,LOW,LOW,HEALTHY,0
2024-04-01,SKU014,140,297,5,88,202,436948.4,437,1,0,Reorder Needed (<= Reorder Point),126.68761064142299,1.1050804359729889,0.7142857142857143,90.49115045815928,437,-258.50884954184073,LOW,-1380.2513276970758,LOW,LOW,REORDER SOON,0
2024-04-01,SKU015,536,125,3,71,141,673693.04,661,0,0,Healthy (> Reorder Point),21.863857921842072,24.515344085937098,0.42857142857142855,9.370224823646602,661,-580.6297751763534,LOW,273.6337049378951,HIGH,HIGH,MARKDOWN / CLEAR,40
2024-04-01,SKU016,188,93,4,44,95,377607.4,281,0,0,Healthy (> Reorder Point),81.77833745970412,2.298897309970823,0.5714285714285714,46.73047854840235,281,-190.26952145159765,LOW,-793.3400495164494,LOW,LOW,HEALTHY,0
2024-04-01,SKU017,425,409,14,60,282,2848885.5,834,0,0,Healthy (> Reorder Point),83.9279095755806,5.06386972044466,2.0,167.8558191511612,834,-606.1441808488388,LOW,-582.1349149069672,LOW,LOW,HEALTHY,0
2024-04-01,SKU018,455,300,3,178,247,1215232.2,755,0,0,Healthy (> Reorder Point),149.6531105639159,3.040364468773754,0.42857142857142855,64.13704738453538,755,-512.8629526154646,LOW,-1340.8373267669908,LOW,LOW,HEALTHY,0
2024-04-01,SKU019,144,99,7,34,103,468426.24,243,0,0,Healthy (> Reorder Point),95.61862243779252,1.505982792145781,1.0,95.61862243779252,243,-113.38137756220749,LOW,-1003.4234692535103,LOW,LOW,HEALTHY,0
2024-04-01,SKU020,1186,802,9,374,803,6569657.24,1988,0,0,Healthy (> Reorder Point),84.59106805499508,14.020392782237334,1.2857142857142858,108.75994464213653,1988,-1505.2400553578634,LOW,170.90718334005908,HIGH,HIGH,MARKDOWN / CLEAR,40
2024-04-01,SKU021,191,113,10,32,120,58648.46,304,0,0,Healthy (> Reorder Point),50.40102463578332,3.789605496718321,1.4285714285714286,72.00146376540475,304,-199.99853623459524,LOW,-413.81229562939984,LOW,LOW,HEALTHY,0
2024-04-01,SKU022,399,434,12,70,238,2155633.41,833,0,0,Healthy (> Reorder Point),58.31515299485604,6.842132439148289,1.7142857142857142,99.96883370546749,833,-663.0311662945326,LOW,-300.7818359382725,LOW,LOW,HEALTHY,0
2024-04-01,SKU023,318,72,3,65,100,1210498.8,390,0,0,Healthy (> Reorder Point),87.54378131244553,3.6324681802931442,0.42857142857142855,37.51876341961951,390,-287.4812365803805,LOW,-732.5253757493465,LOW,LOW,HEALTHY,0
2024-04-01,SKU024,167,338,9,119,294,222682.81,505,1,0,Reorder Needed (<= Reorder Point),76.4636135364613,2.1840453553815746,1.2857142857142858,98.31036026116453,505,-287.68963973883547,LOW,-750.5633624375355,LOW,LOW,REORDER SOON,0
2024-04-01,SKU025,1263,1100,10,350,810,4926963.0,2363,0,0,Healthy (> Reorder Point),18.585355361227894,67.95673127858645,1.4285714285714286,26.55050765889699,2363,-1986.449492341103,LOW,1039.9757356652653,HIGH,HIGH,MARKDOWN / CLEAR,40
2024-04-01,SKU026,85,5,9,43,110,525192.9,90,1,0,Reorder Needed (<= Reorder Point),133.0415205457043,0.638898290183023,1.2857142857142858,171.05338355876268,90,124.05338355876268,HIGH,-1511.4982465484513,LOW,HIGH,REORDER NOW,60
2024-04-01,SKU027,177,97,13,160,462,811343.22,274,1,0,Reorder Needed (<= Reorder Point),145.90675541794133,1.2131035296686155,1.8571428571428572,270.9696886333196,274,156.9696886333196,HIGH,-1573.881065015296,LOW,HIGH,REORDER NOW,60
2024-04-01,SKU028,841,202,6,142,306,411114.44,1043,0,0,Healthy (> Reorder Point),31.106388794354906,27.036246655305167,0.8571428571428571,26.662618966589918,1043,-874.3373810334101,LOW,467.7233344677411,HIGH,HIGH,MARKDOWN / CLEAR,40
2024-04-01,SKU029,230,223,11,164,561,785703.0,453,1,0,Reorder Needed (<= Reorder Point),92.13179246289059,2.496423806067171,1.5714285714285714,144.77853101311376,453,-144.22146898688624,LOW,-875.581509554687,LOW,LOW,REORDER SOON,0
2024-04-01,SKU030,85,76,4,48,83,175357.55,161,0,0,Healthy (> Reorder Point),29.57372506362793,2.8741729294203666,0.5714285714285714,16.899271464930244,161,-96.10072853506975,LOW,-269.88470076353514,LOW,LOW,HEALTHY,0
2024-04-01,SKU031,292,22,8,33,101,737402.2,314,0,0,Healthy (> Reorder Point),112.061080321504,2.6057218006666547,1.1428571428571428,128.06980608171884,314,-152.93019391828116,LOW,-1052.732963858048,LOW,LOW,HEALTHY,0
2024-04-01,SKU032,524,70,10,99,260,2393108.0,594,0,0,Healthy (> Reorder Point),54.992586929301225,9.528557015760276,1.4285714285714286,78.56083847043033,594,-416.4391615295697,LOW,-135.91104315161465,LOW,LOW,HEALTHY,0
2024-04-01,SKU033,242,423,10,118,270,822679.0,665,1,0,Reorder Needed (<= Reorder Point),102.66265597604806,2.3572349429227737,1.4285714285714286,146.6609371086401,665,-400.3390628913599,LOW,-989.9518717125766,LOW,LOW,REORDER SOON,0
2024-04-01,SKU034,105,67,6,24,68,162124.2,172,0,0,Healthy (> Reorder Point),118.43921646150007,0.8865306875289181,0.8571428571428571,101.51932839557148,172,-46.48067160442852,LOW,-1316.2705975380009,LOW,LOW,HEALTHY,0
2024-04-01,SKU035,210,529,5,136,272,1228138.8,739,1,0,Reorder Needed (<= Reorder Point),125.03438379015351,1.679538008940366,0.7142857142857143,89.31027413582395,739,-513.6897258641761,LOW,-1290.412605481842,LOW,LOW,REORDER SOON,0
2024-04-01,SKU036,395,361,14,91,429,592444.7,756,1,0,Reorder Needed (<= Reorder Point),28.401220974970112,13.907852776756041,2.0,56.802441949940224,756,-608.1975580500598,LOW,54.18534830035867,HIGH,HIGH,REORDER SOON,40
2024-04-01,SKU037,553,630,9,202,751,3122503.44,1183,1,0,Reorder Needed (<= Reorder Point),148.2476501285819,3.73024462458837,1.2857142857142858,190.60412159389105,1183,-790.395878406109,LOW,-1225.971801542983,LOW,LOW,REORDER SOON,0
2024-04-01,SKU038,452,340,12,72,229,1447715.32,792,0,0,Healthy (> Reorder Point),46.60615974096913,9.69828886379303,1.7142857142857142,79.89627384166137,792,-640.1037261583386,LOW,-107.2739168916296,LOW,LOW,HEALTHY,0
2024-04-01,SKU039,135,16,10,21,85,412296.75,151,0,0,Healthy (> Reorder Point),18.63885467149666,7.242934310038257,1.4285714285714286,26.626935244995227,151,-103.37306475500478,LOW,-88.66625605795991,LOW,LOW,HEALTHY,0
2024-04-01,SKU040,185,32,5,37,79,215441.75,217,0,0,Healthy (> Reorder Point),90.19968398617831,2.0510049683582965,0.7142857142857143,64.42834570441309,217,-115.57165429558691,LOW,-897.3962078341397,LOW,LOW,HEALTHY,0
2024-04-01,SKU041,179,159,3,69,135,1015418.67,338,0,0,Healthy (> Reorder Point),64.96817258818683,2.755195242055301,0.42857142857142855,27.843502537794354,338,-241.15649746220566,LOW,-600.618071058242,LOW,LOW,HEALTHY,0
2024-04-01,SKU042,164,37,5,44,92,1272823.68,201,0,0,Healthy (> Reorder Point),136.1102257325676,1.2049057968813515,0.7142857142857143,97.22158980897687,201,-59.77841019102311,LOW,-1469.3227087908112,LOW,LOW,HEALTHY,0
2024-04-01,SKU043,340,841,13,141,494,1269067.0,1181,1,0,Reorder Needed (<= Reorder Point),130.258832688137,2.610187677744825,1.8571428571428572,241.90926070654015,1181,-798.0907392934598,LOW,-1223.1059922576442,LOW,LOW,REORDER SOON,0
2024-04-01,SKU044,143,148,3,81,112,142575.29,291,0,0,Healthy (> Reorder Point),53.04250247248853,2.6959512340913703,0.42857142857142855,22.73250105963794,291,-187.26749894036206,LOW,-493.5100296698623,LOW,LOW,HEALTHY,0
2024-04-01,SKU045,198,124,7,61,199,360027.36,322,1,0,Reorder Needed (<= Reorder Point),147.55999314681097,1.341827115721028,1.0,147.55999314681097,322,-113.44000685318903,LOW,-1572.7199177617317,LOW,LOW,REORDER SOON,0
2024-04-01,SKU046,256,194,5,76,155,1213171.2,450,0,0,Healthy (> Reorder Point),54.18980348712668,4.724135972569366,0.7142857142857143,38.707002490804776,450,-335.29299750919523,LOW,-394.2776418455202,LOW,LOW,HEALTHY,0
2024-04-01,SKU047,119,58,4,36,65,729295.07,177,0,0,Healthy (> Reorder Point),88.06846728987554,1.3512214264875753,0.5714285714285714,50.32483845135745,177,-90.67516154864255,LOW,-937.8216074785064,LOW,LOW,HEALTHY,0
2024-04-01,SKU048,73,46,4,21,39,262706.56,119,0,0,Healthy (> Reorder Point),52.66637908493151,1.3860835179551234,0.5714285714285714,30.095073762818007,119,-67.904926237182,LOW,-558.9965490191781,LOW,LOW,HEALTHY,0
2024-04-01,SKU049,697,321,4,184,336,3684558.07,1018,0,0,Healthy (> Reorder Point),147.86670983735698,4.713704665280313,0.5714285714285714,84.49526276420399,1018,-749.504737235796,LOW,-1077.4005180482836,LOW,LOW,HEALTHY,0
2024-04-01,SKU050,214,491,4,172,258,743117.14,705,1,0,Reorder Needed (<= Reorder Point),35.23463894720143,6.073568692464132,0.5714285714285714,20.134079398400818,705,-512.8659206015992,LOW,-208.8156673664172,LOW,LOW,REORDER SOON,0
2024-05-01,SKU001,1195,588,5,318,518,4363315.45,1783,0,0,Healthy (> Reorder Point),84.35095557248381,14.167000147059648,0.7142857142857143,60.250682551774155,1783,-1404.7493174482258,LOW,182.7885331301943,HIGH,HIGH,MARKDOWN / CLEAR,40
2024-05-01,SKU002,791,86,10,123,356,4472788.6,877,0,0,Healthy (> Reorder Point),60.610605206310034,13.050521394854027,1.4285714285714286,86.5865788661572,877,-667.4134211338428,LOW,63.67273752427957,HIGH,HIGH,MARKDOWN / CLEAR,40
2024-05-01,SKU003,372,164,8,75,194,2287364.76,536,0,0,Healthy (> Reorder Point),34.20813909588409,10.874604986763483,1.1428571428571428,39.09501610958182,536,-421.9049838904182,LOW,-38.49766915060911,LOW,LOW,HEALTHY,0
2024-05-01,SKU004,310,38,6,75,202,385292.8,348,0,0,Healthy (> Reorder Point),27.974245966626015,11.081621301601404,0.8571428571428571,23.97792511425087,348,-249.02207488574913,LOW,-25.690951599512175,LOW,LOW,HEALTHY,0
2024-05-01,SKU005,688,133,6,106,253,5113511.84,821,0,0,Healthy (> Reorder Point),101.36967098364632,6.787039884059534,0.8571428571428571,86.88828941455398,821,-628.111710585446,LOW,-528.4360518037558,LOW,LOW,HEALTHY,0
2024-05-01,SKU006,145,644,13,139,405,960828.0,789,1,0,Reorder Needed (<= Reorder Point),37.22048017150538,3.895704712348301,1.8571428571428572,69.12374888993857,789,-580.8762511100615,LOW,-301.6457620580645,LOW,LOW,REORDER SOON,0
2024-05-01,SKU007,555,166,11,78,305,2524156.65,721,0,0,Healthy (> Reorder Point),148.4626504518179,3.7383139686039746,1.5714285714285714,233.29845070999954,721,-409.70154929000046,LOW,-1226.5518054218146,LOW,LOW,HEALTHY,0
2024-05-01,SKU008,915,574,8,111,342,6097688.1,1489,0,0,Healthy (> Reorder Point),97.15146048182743,9.418283528235321,1.1428571428571428,111.03024055065991,1489,-1266.96975944934,LOW,-250.81752578192913,LOW,LOW,HEALTHY,0
2024-05-01,SKU009,268,173,5,38,100,803351.44,441,0,0,Healthy (> Reorder Point),61.66929685639556,4.345760591758822,0.7142857142857143,44.04949775456826,441,-358.9505022454317,LOW,-472.03156227674674,LOW,LOW,HEALTHY,0
2024-05-01,SKU010,74,35,12,21,65,530705.06,109,0,0,Healthy (> Reorder Point),99.10270304793268,0.7467001173944636,1.7142857142857142,169.8903480821703,109,81.8903480821703,HIGH,-1115.2324365751922,LOW,HIGH,REORDER NOW,60
2024-05-01,SKU011,301,26,14,149,531,1163994.09,327,1,0,Reorder Needed (<= Reorder Point),18.21293984749243,16.52671136677816,2.0,36.42587969498486,327,-141.57412030501513,LOW,82.44472183009086,HIGH,HIGH,REORDER SOON,40
2024-05-01,SKU012,100,14,12,18,67,144574.0,114,0,0,Healthy (> Reorder Point),152.60360509957462,0.6552925137957881,1.7142857142857142,261.60618017069936,114,165.60618017069936,HIGH,-1731.2432611948955,LOW,HIGH,REORDER NOW,60
2024-05-01,SKU013,166,0,6,41,104,1286201.2,166,0,0,Healthy (> Reorder Point),82.29389569333014,2.017160551234594,0.8571428571428571,70.53762487999727,166,-54.46237512000273,LOW,-821.5267483199617,LOW,LOW,HEALTHY,0
2024-05-01,SKU014,182,396,13,91,370,568032.92,578,1,0,Reorder Needed (<= Reorder Point),126.68761064142299,1.4366045667648857,1.8571428571428572,235.27699119121414,578,-251.72300880878583,LOW,-1338.2513276970758,LOW,LOW,REORDER SOON,0
2024-05-01,SKU015,279,387,7,92,234,350672.31,666,0,0,Healthy (> Reorder Point),21.863857921842072,12.760785447717257,1.0,21.863857921842072,666,-552.136142078158,LOW,16.633704937895118,HIGH,HIGH,MARKDOWN / CLEAR,40
2024-05-01,SKU016,63,74,10,93,217,126538.65,137,1,1,Critical (<= Safety Stock),81.77833745970412,0.7703751623838396,1.4285714285714286,116.82619637100589,137,72.82619637100589,HIGH,-918.3400495164494,LOW,HIGH,REORDER NOW,60
2024-05-01,SKU017,231,107,6,102,192,1548453.06,338,0,0,Healthy (> Reorder Point),83.9279095755806,2.7523621304063917,0.8571428571428571,71.93820820764051,338,-164.0617917923595,LOW,-776.1349149069672,LOW,LOW,HEALTHY,0
2024-05-01,SKU018,570,529,12,140,404,1522378.8,1099,0,0,Healthy (> Reorder Point),149.6531105639159,3.8088082356066804,1.7142857142857142,256.5481895381415,1099,-702.4518104618585,LOW,-1225.8373267669908,LOW,LOW,HEALTHY,0
2024-05-01,SKU019,53,62,3,62,90,172406.88,115,1,1,Critical (<= Safety Stock),95.61862243779252,0.5542853332203221,0.42857142857142855,40.9794096161968,115,-12.02059038380321,LOW,-1094.4234692535103,LOW,LOW,REORDER SOON,0
2024-05-01,SKU020,332,591,6,181,439,1839060.88,923,1,0,Reorder Needed (<= Reorder Point),84.59106805499508,3.924764252700501,0.8571428571428571,72.50662976142435,923,-669.4933702385756,LOW,-683.0928166599409,LOW,LOW,REORDER SOON,0
2024-05-01,SKU021,168,17,7,42,96,51586.08,185,0,0,Healthy (> Reorder Point),50.40102463578332,3.3332655677941254,1.0,50.40102463578332,185,-92.59897536421667,LOW,-436.81229562939984,LOW,LOW,HEALTHY,0
2024-05-01,SKU022,444,150,6,80,157,2398749.96,594,0,0,Healthy (> Reorder Point),58.31515299485604,7.6138015112326825,0.8571428571428571,49.984416852733744,594,-464.0155831472663,LOW,-255.78183593827248,LOW,LOW,HEALTHY,0
2024-05-01,SKU023,161,14,6,77,141,612862.6,175,0,0,Healthy (> Reorder Point),87.54378131244553,1.8390798019723151,0.8571428571428571,75.03752683923902,175,-22.962473160760965,LOW,-889.5253757493465,LOW,LOW,HEALTHY,0
2024-05-01,SKU024,263,84,13,76,326,350692.09,347,1,0,Reorder Needed (<= Reorder Point),76.4636135364613,3.439544481828468,1.8571428571428572,142.00385371057098,347,-128.99614628942902,LOW,-654.5633624375355,LOW,LOW,REORDER SOON,0
2024-05-01,SKU025,1015,185,6,307,565,3959515.0,1200,0,0,Healthy (> Reorder Point),18.585355361227894,54.61289172427969,0.8571428571428571,15.930304595338194,1200,-877.0696954046618,LOW,791.9757356652653,HIGH,HIGH,MARKDOWN / CLEAR,40
2024-05-01,SKU026,198,53,13,53,142,1223390.52,251,0,0,Healthy (> Reorder Point),133.0415205457043,1.4882571936028066,1.8571428571428572,247.0771095848794,251,49.077109584879395,HIGH,-1398.4982465484513,LOW,HIGH,REORDER NOW,60
2024-05-01,SKU027,562,459,10,160,388,2576129.32,1021,0,0,Healthy (> Reorder Point),145.90675541794133,3.851775049004304,1.4285714285714286,208.43822202563047,1021,-652.5617779743695,LOW,-1188.881065015296,LOW,LOW,HEALTHY,0
2024-05-01,SKU028,184,578,10,124,367,89946.56,762,1,0,Reorder Needed (<= Reorder Point),31.106388794354906,5.915183572623247,1.4285714285714286,44.437698277649865,762,-593.5623017223502,LOW,-189.2766655322589,LOW,LOW,REORDER SOON,0
2024-05-01,SKU029,176,580,13,162,612,601233.6,756,1,0,Reorder Needed (<= Reorder Point),92.13179246289059,1.9103069124687915,1.8571428571428572,171.10190028822538,756,-422.89809971177465,LOW,-929.581509554687,LOW,LOW,REORDER SOON,0
2024-05-01,SKU030,99,13,14,29,149,204239.97,112,1,0,Reorder Needed (<= Reorder Point),29.57372506362793,3.347566117795486,2.0,59.14745012725586,112,-23.852549872744135,LOW,-255.88470076353514,LOW,LOW,REORDER SOON,0
2024-05-01,SKU031,71,103,11,30,114,179299.85,174,1,0,Reorder Needed (<= Reorder Point),112.061080321504,0.6335830405730565,1.5714285714285714,176.09598336236343,174,32.09598336236343,HIGH,-1273.732963858048,LOW,HIGH,REORDER NOW,60
2024-05-01,SKU032,304,71,3,80,122,1388368.0,375,0,0,Healthy (> Reorder Point),54.992586929301225,5.528017810670083,0.42857142857142855,23.568251541129094,375,-271.4317484588709,LOW,-355.91104315161465,LOW,LOW,HEALTHY,0
2024-05-01,SKU033,380,152,5,111,187,1291810.0,532,0,0,Healthy (> Reorder Point),102.66265597604806,3.7014432988043553,0.7142857142857143,73.33046855432005,532,-347.6695314456799,LOW,-851.9518717125766,LOW,LOW,HEALTHY,0
2024-05-01,SKU034,94,174,9,32,89,145139.76,268,0,0,Healthy (> Reorder Point),118.43921646150007,0.7936560440735075,1.2857142857142858,152.27899259335723,268,-83.72100740664277,LOW,-1327.2705975380009,LOW,LOW,HEALTHY,0
2024-05-01,SKU035,571,124,3,105,183,3339367.88,695,0,0,Healthy (> Reorder Point),125.03438379015351,4.566743824309281,0.42857142857142855,53.58616448149436,695,-536.4138355185056,LOW,-929.4126054818421,LOW,LOW,HEALTHY,0
2024-05-01,SKU036,355,190,5,92,206,532450.3,545,0,0,Healthy (> Reorder Point),28.401220974970112,12.499462622147835,0.7142857142857143,20.286586410692937,545,-432.71341358930704,LOW,14.185348300358669,HIGH,HIGH,MARKDOWN / CLEAR,40
2024-05-01,SKU037,283,1095,5,413,675,1597953.84,1378,1,1,Critical (<= Safety Stock),148.2476501285819,1.908967863939437,0.7142857142857143,105.8911786632728,1378,-859.1088213367273,LOW,-1495.971801542983,LOW,LOW,REORDER SOON,0
2024-05-01,SKU038,305,169,8,81,183,976887.55,474,0,0,Healthy (> Reorder Point),46.60615974096913,6.544199343931138,1.1428571428571428,53.264182561107575,474,-339.7358174388924,LOW,-254.2739168916296,LOW,LOW,HEALTHY,0
2024-05-01,SKU039,143,155,7,47,92,436729.15,298,0,0,Healthy (> Reorder Point),18.63885467149666,7.672145232114598,1.0,18.63885467149666,298,-232.36114532850334,LOW,-80.66625605795991,LOW,LOW,HEALTHY,0
2024-05-01,SKU040,222,98,11,45,124,258530.1,320,0,0,Healthy (> Reorder Point),90.19968398617831,2.461205962029956,1.5714285714285714,141.74236054970876,320,-133.25763945029124,LOW,-860.3962078341397,LOW,LOW,HEALTHY,0
2024-05-01,SKU041,480,764,13,146,401,2722910.4,1244,0,0,Healthy (> Reorder Point),64.96817258818683,7.388233051321478,1.8571428571428572,120.65517766377555,1244,-977.3448223362245,LOW,-299.618071058242,LOW,LOW,HEALTHY,0
2024-05-01,SKU042,170,50,3,51,78,1319390.4,220,0,0,Healthy (> Reorder Point),136.1102257325676,1.2489877162794496,0.42857142857142855,58.33295388538612,220,-110.66704611461388,LOW,-1463.3227087908112,LOW,LOW,HEALTHY,0
2024-05-01,SKU043,534,236,13,80,422,1993181.7,770,0,0,Healthy (> Reorder Point),130.258832688137,4.099530058575695,1.8571428571428572,241.90926070654015,770,-448.0907392934598,LOW,-1029.1059922576442,LOW,LOW,HEALTHY,0
2024-05-01,SKU044,205,170,7,52,118,204391.15,375,0,0,Healthy (> Reorder Point),53.04250247248853,3.8648251957253907,1.0,53.04250247248853,375,-269.95749752751146,LOW,-431.5100296698623,LOW,LOW,HEALTHY,0
2024-05-01,SKU045,547,376,13,109,353,994621.04,923,0,0,Healthy (> Reorder Point),147.55999314681097,3.7069668297949607,1.8571428571428572,274.03998727264894,923,-539.9600127273511,LOW,-1223.7199177617317,LOW,LOW,HEALTHY,0
2024-05-01,SKU046,142,103,14,51,258,672930.9,245,1,0,Reorder Needed (<= Reorder Point),54.18980348712668,2.6204191722845698,2.0,108.37960697425336,245,-85.62039302574664,LOW,-508.2776418455202,LOW,LOW,REORDER SOON,0
2024-05-01,SKU047,52,271,14,59,166,318683.56,323,1,1,Critical (<= Safety Stock),88.06846728987554,0.5904496989693606,2.0,176.13693457975108,323,-87.86306542024892,LOW,-1004.8216074785064,LOW,LOW,REORDER SOON,0
2024-05-01,SKU048,112,91,12,20,67,403056.64,203,0,0,Healthy (> Reorder Point),52.66637908493151,2.126593890561285,1.7142857142857142,90.28522128845403,203,-92.71477871154597,LOW,-519.9965490191781,LOW,LOW,HEALTHY,0
2024-05-01,SKU049,456,207,8,112,391,2410557.36,663,0,0,Healthy (> Reorder Point),147.86670983735698,3.083858432378512,1.1428571428571428,168.99052552840797,663,-382.00947447159206,LOW,-1318.4005180482836,LOW,LOW,HEALTHY,0
2024-05-01,SKU050,621,258,7,86,220,2156428.71,879,0,0,Healthy (> Reorder Point),35.23463894720143,17.624701672991712,1.0,35.23463894720143,879,-757.7653610527985,LOW,198.1843326335828,HIGH,HIGH,MARKDOWN / CLEAR,40
2024-06-01,SKU001,347,499,7,262,521,1267004.57,846,1,0,Reorder Needed (<= Reorder Point),84.35095557248381,4.113764896259162,1.0,84.35095557248381,846,-499.6490444275162,LOW,-665.2114668698057,LOW,LOW,REORDER SOON,0
2024-06-01,SKU002,324,359,6,168,316,1832090.4,683,0,0,Healthy (> Reorder Point),60.610605206310034,5.345599155414292,0.8571428571428571,51.95194731969431,683,-463.04805268030566,LOW,-403.32726247572043,LOW,LOW,HEALTHY,0
2024-06-01,SKU003,199,223,7,84,178,1223617.17,422,0,0,Healthy (> Reorder Point),34.20813909588409,5.817329011736379,1.0,34.20813909588409,422,-303.7918609041159,LOW,-211.4976691506091,LOW,LOW,HEALTHY,0
2024-06-01,SKU004,628,334,11,117,338,780528.64,962,0,0,Healthy (> Reorder Point),27.974245966626015,22.449219927115102,1.5714285714285714,43.959529376126596,962,-801.0404706238734,LOW,292.3090484004878,HIGH,HIGH,MARKDOWN / CLEAR,40
2024-06-01,SKU005,532,31,11,148,431,3954052.76,563,0,0,Healthy (> Reorder Point),101.36967098364632,5.248118049883244,1.5714285714285714,159.29519726001564,563,-255.70480273998436,LOW,-684.4360518037558,LOW,LOW,HEALTHY,0
2024-06-01,SKU006,275,225,12,90,331,1822260.0,500,1,0,Reorder Needed (<= Reorder Point),37.22048017150538,7.388405488936432,1.7142857142857142,63.806537436866364,500,-346.1934625631336,LOW,-171.64576205806452,LOW,LOW,REORDER SOON,0
2024-06-01,SKU007,591,729,13,81,367,2687885.73,1320,0,0,Healthy (> Reorder Point),148.4626504518179,3.980799198999908,1.8571428571428572,275.7163508390904,1320,-963.2836491609096,LOW,-1190.5518054218146,LOW,LOW,HEALTHY,0
2024-06-01,SKU008,760,110,8,207,427,5064746.4,870,0,0,Healthy (> Reorder Point),97.15146048182743,7.8228365917583,1.1428571428571428,111.03024055065991,870,-551.96975944934,LOW,-405.81752578192913,LOW,LOW,HEALTHY,0
2024-06-01,SKU009,154,95,4,54,104,461627.32,249,0,0,Healthy (> Reorder Point),61.66929685639556,2.4971907878017108,0.5714285714285714,35.2395982036546,249,-159.7604017963454,LOW,-586.0315622767467,LOW,LOW,HEALTHY,0
2024-06-01,SKU010,103,29,14,22,87,738684.07,132,0,0,Healthy (> Reorder Point),99.10270304793268,1.0393258390760778,2.0,198.20540609586536,132,88.20540609586536,HIGH,-1086.2324365751922,LOW,HIGH,REORDER NOW,60
2024-06-01,SKU011,916,171,8,183,416,3542254.44,1087,0,0,Healthy (> Reorder Point),18.21293984749243,50.29391233212224,1.1428571428571428,20.814788397134205,1087,-883.1852116028658,LOW,697.4447218300909,HIGH,HIGH,MARKDOWN / CLEAR,40
2024-06-01,SKU012,36,50,13,25,69,52046.64,86,1,0,Reorder Needed (<= Reorder Point),152.60360509957462,0.2359053049664837,1.8571428571428572,283.40669518492433,86,222.40669518492433,HIGH,-1795.2432611948955,LOW,HIGH,REORDER NOW,60
2024-06-01,SKU013,186,14,3,32,61,1441165.2,200,0,0,Healthy (> Reorder Point),82.29389569333014,2.2601919429496053,0.42857142857142855,35.268812439998634,200,-132.73118756000136,LOW,-801.5267483199617,LOW,LOW,HEALTHY,0
2024-06-01,SKU014,274,27,7,63,210,855170.44,301,0,0,Healthy (> Reorder Point),126.68761064142299,2.16280028183285,1.0,126.68761064142299,301,-111.31238935857701,LOW,-1246.2513276970758,LOW,LOW,HEALTHY,0
2024-06-01,SKU015,526,626,7,170,327,661124.14,1152,0,0,Healthy (> Reorder Point),21.863857921842072,24.05796826343827,1.0,21.863857921842072,1152,-960.136142078158,LOW,263.6337049378951,HIGH,HIGH,MARKDOWN / CLEAR,40
2024-06-01,SKU016,424,0,13,88,247,851625.2,424,0,0,Healthy (> Reorder Point),81.77833745970412,5.184747124615048,1.8571428571428572,151.87405528230767,424,-184.12594471769233,LOW,-557.3400495164494,LOW,LOW,HEALTHY,0
2024-06-01,SKU017,127,202,4,66,126,851314.02,329,0,0,Healthy (> Reorder Point),83.9279095755806,1.5132034223446396,0.5714285714285714,47.95880547176034,329,-215.04119452823966,LOW,-880.1349149069672,LOW,LOW,HEALTHY,0
2024-06-01,SKU018,477,484,12,117,363,1273990.68,961,0,0,Healthy (> Reorder Point),149.6531105639159,3.1873711024287483,1.7142857142857142,256.5481895381415,961,-587.4518104618585,LOW,-1318.8373267669908,LOW,LOW,HEALTHY,0
2024-06-01,SKU019,216,88,13,43,153,702639.36,304,0,0,Healthy (> Reorder Point),95.61862243779252,2.258974188218671,1.8571428571428572,177.57744167018612,304,-83.42255832981388,LOW,-931.4234692535103,LOW,LOW,HEALTHY,0
2024-06-01,SKU020,382,448,6,284,532,2116027.88,830,1,0,Reorder Needed (<= Reorder Point),84.59106805499508,4.515843206420456,0.8571428571428571,72.50662976142435,830,-473.49337023857566,LOW,-633.0928166599409,LOW,LOW,REORDER SOON,0
2024-06-01,SKU021,164,103,3,45,66,50357.84,267,0,0,Healthy (> Reorder Point),50.40102463578332,3.253902101894265,0.42857142857142855,21.600439129621424,267,-200.3995608703786,LOW,-440.81229562939984,LOW,LOW,HEALTHY,0
2024-06-01,SKU022,95,271,11,67,218,513246.05,366,1,0,Reorder Needed (<= Reorder Point),58.31515299485604,1.629079152178164,1.5714285714285714,91.63809756334521,366,-207.3619024366548,LOW,-604.7818359382725,LOW,LOW,REORDER SOON,0
2024-06-01,SKU023,370,55,3,82,116,1408442.0,425,0,0,Healthy (> Reorder Point),87.54378131244553,4.226456687762464,0.42857142857142855,37.51876341961951,425,-305.4812365803805,LOW,-680.5253757493465,LOW,LOW,HEALTHY,0
2024-06-01,SKU024,418,185,8,62,189,557373.74,603,0,0,Healthy (> Reorder Point),76.4636135364613,5.466652446404181,1.1428571428571428,87.3869868988129,603,-453.6130131011871,LOW,-499.5633624375355,LOW,LOW,HEALTHY,0
2024-06-01,SKU025,1407,841,9,255,626,5488707.0,2248,0,0,Healthy (> Reorder Point),18.585355361227894,75.70476714882909,1.2857142857142858,23.895456893007292,2248,-1969.1045431069927,LOW,1183.9757356652653,HIGH,HIGH,MARKDOWN / CLEAR,40
2024-06-01,SKU026,223,283,13,48,149,1377859.02,506,0,0,Healthy (> Reorder Point),133.0415205457043,1.6761684554213427,1.8571428571428572,247.0771095848794,506,-210.9228904151206,LOW,-1373.4982465484513,LOW,LOW,HEALTHY,0
2024-06-01,SKU027,712,434,13,142,412,3263708.32,1146,0,0,Healthy (> Reorder Point),145.90675541794133,4.879828887706521,1.8571428571428572,270.9696886333196,1146,-733.0303113666804,LOW,-1038.881065015296,LOW,LOW,HEALTHY,0
2024-06-01,SKU028,405,318,11,118,377,197980.2,723,0,0,Healthy (> Reorder Point),31.106388794354906,13.01983340713269,1.5714285714285714,48.881468105414854,723,-556.1185318945852,LOW,31.723334467741097,HIGH,HIGH,MARKDOWN / CLEAR,40
2024-06-01,SKU029,207,198,13,212,624,707132.7,405,1,1,Critical (<= Safety Stock),92.13179246289059,2.246781425460454,1.8571428571428572,171.10190028822538,405,-21.89809971177465,LOW,-898.581509554687,LOW,LOW,REORDER SOON,0
2024-06-01,SKU030,199,185,9,56,125,410542.97,384,0,0,Healthy (> Reorder Point),29.57372506362793,6.7289460347606225,1.2857142857142858,38.02336079609305,384,-289.976639203907,LOW,-155.88470076353514,LOW,LOW,HEALTHY,0
2024-06-01,SKU031,181,40,14,53,164,457088.35,221,0,0,Healthy (> Reorder Point),112.061080321504,1.6151905682214538,2.0,224.122160643008,221,56.12216064300799,HIGH,-1163.732963858048,LOW,HIGH,REORDER NOW,60
2024-06-01,SKU032,385,273,9,67,191,1758295.0,658,0,0,Healthy (> Reorder Point),54.992586929301225,7.000943608907836,1.2857142857142858,70.7047546233873,658,-520.2952453766127,LOW,-274.91104315161465,LOW,LOW,HEALTHY,0
2024-06-01,SKU033,271,44,7,104,197,921264.5,315,0,0,Healthy (> Reorder Point),102.66265597604806,2.639713510463106,1.0,102.66265597604806,315,-108.33734402395194,LOW,-960.9518717125766,LOW,LOW,HEALTHY,0
2024-06-01,SKU034,168,22,3,44,65,259398.72,190,0,0,Healthy (> Reorder Point),118.43921646150007,1.418449100046269,0.42857142857142855,50.75966419778574,190,-95.24033580221426,LOW,-1253.2705975380009,LOW,LOW,HEALTHY,0
2024-06-01,SKU035,799,666,9,136,349,4672775.72,1465,0,0,Healthy (> Reorder Point),125.03438379015351,6.390242234015964,1.2857142857142858,160.7584934444831,1465,-1168.241506555517,LOW,-701.4126054818421,LOW,LOW,HEALTHY,0
2024-06-01,SKU036,214,501,7,118,272,320970.04,715,1,0,Reorder Needed (<= Reorder Point),28.401220974970112,7.534887327153906,1.0,28.401220974970112,715,-568.5987790250299,LOW,-126.81465169964133,LOW,LOW,REORDER SOON,0
2024-06-01,SKU037,1382,464,9,261,728,7803435.36,1846,0,0,Healthy (> Reorder Point),148.2476501285819,9.32223882672898,1.2857142857142858,190.60412159389105,1846,-1394.395878406109,LOW,-396.97180154298303,LOW,LOW,HEALTHY,0
2024-06-01,SKU038,118,237,4,90,140,377943.38,355,1,0,Reorder Needed (<= Reorder Point),46.60615974096913,2.531854172406145,0.5714285714285714,26.632091280553787,355,-238.3679087194462,LOW,-441.2739168916296,LOW,LOW,REORDER SOON,0
2024-06-01,SKU039,171,195,10,42,112,522242.55,366,0,0,Healthy (> Reorder Point),18.63885467149666,9.174383459381792,1.4285714285714286,26.626935244995227,366,-297.37306475500475,LOW,-52.66625605795991,LOW,LOW,HEALTHY,0
2024-06-01,SKU040,262,4,9,50,120,305112.1,266,0,0,Healthy (> Reorder Point),90.19968398617831,2.904666495729047,1.2857142857142858,115.97102226794355,266,-100.02897773205643,LOW,-820.3962078341397,LOW,LOW,HEALTHY,0
2024-06-01,SKU041,449,392,11,146,360,2547055.77,841,0,0,Healthy (> Reorder Point),64.96817258818683,6.911076333423632,1.5714285714285714,102.0928426385793,841,-592.9071573614207,LOW,-330.618071058242,LOW,LOW,HEALTHY,0
2024-06-01,SKU042,271,295,14,39,156,2103263.52,566,0,0,Healthy (> Reorder Point),136.1102257325676,1.9910333594807696,2.0,272.2204514651352,566,-254.77954853486477,LOW,-1362.3227087908112,LOW,LOW,HEALTHY,0
2024-06-01,SKU043,553,22,12,86,399,2064100.15,575,0,0,Healthy (> Reorder Point),130.258832688137,4.245393487626141,1.7142857142857142,223.3008560368063,575,-265.6991439631937,LOW,-1010.1059922576442,LOW,LOW,HEALTHY,0
2024-06-01,SKU044,321,323,14,67,205,320046.63,644,0,0,Healthy (> Reorder Point),53.04250247248853,6.051750672330978,2.0,106.08500494497706,644,-470.9149950550229,LOW,-315.5100296698623,LOW,LOW,HEALTHY,0
2024-06-01,SKU045,163,184,5,66,162,296386.16,347,0,0,Healthy (> Reorder Point),147.55999314681097,1.1046354538511491,0.7142857142857143,105.39999510486498,347,-175.60000489513502,LOW,-1607.7199177617317,LOW,LOW,HEALTHY,0
2024-06-01,SKU046,250,163,13,45,234,1184737.5,413,0,0,Healthy (> Reorder Point),54.18980348712668,4.613414035712271,1.8571428571428572,100.6382064760924,413,-267.3617935239076,LOW,-400.2776418455202,LOW,LOW,HEALTHY,0
2024-06-01,SKU047,108,9,7,23,72,661881.24,117,0,0,Healthy (> Reorder Point),88.06846728987554,1.226318605551749,1.0,88.06846728987554,117,-5.931532710124458,LOW,-948.8216074785064,LOW,LOW,HEALTHY,0
2024-06-01,SKU048,59,103,8,17,53,212324.48,162,0,0,Healthy (> Reorder Point),52.66637908493151,1.1202592816349626,1.1428571428571428,60.190147525636014,162,-84.80985247436399,LOW,-572.9965490191781,LOW,LOW,HEALTHY,0
2024-06-01,SKU049,418,536,5,138,314,2209677.58,954,0,0,Healthy (> Reorder Point),147.86670983735698,2.8268702296803028,0.7142857142857143,105.61907845525499,954,-710.380921544745,LOW,-1356.4005180482836,LOW,LOW,HEALTHY,0
2024-06-01,SKU050,504,179,5,155,255,1750145.04,683,0,0,Healthy (> Reorder Point),35.23463894720143,14.304105705616461,0.7142857142857143,25.167599248001025,683,-502.832400751999,LOW,81.18433263358281,HIGH,HIGH,MARKDOWN / CLEAR,40
2024-07-01,SKU001,928,173,11,184,635,3388415.68,1101,0,0,Healthy (> Reorder Point),84.35095557248381,11.001653670687325,1.5714285714285714,132.55150161390313,1101,-784.4484983860968,LOW,-84.21146686980569,LOW,LOW,HEALTHY,0
2024-07-01,SKU002,517,515,13,170,490,2923428.2,1032,0,0,Healthy (> Reorder Point),60.610605206310034,8.529860380707373,1.8571428571428572,112.56255252600435,1032,-749.4374474739957,LOW,-210.32726247572043,LOW,LOW,HEALTHY,0
2024-07-01,SKU003,449,232,11,80,234,2760824.67,681,0,0,Healthy (> Reorder Point),34.20813909588409,13.125531287787107,1.5714285714285714,53.755647150675,681,-547.244352849325,LOW,38.50233084939089,HIGH,HIGH,MARKDOWN / CLEAR,40
2024-07-01,SKU004,322,651,10,133,339,400207.36,973,1,0,Reorder Needed (<= Reorder Point),27.974245966626015,11.510587287469844,1.4285714285714286,39.96320852375145,973,-800.0367914762485,LOW,-13.690951599512175,LOW,LOW,REORDER SOON,0
2024-07-01,SKU005,488,846,12,152,446,3627025.84,1334,0,0,Healthy (> Reorder Point),101.36967098364632,4.814063173577112,1.7142857142857142,173.77657882910796,1334,-1008.223421170892,LOW,-728.4360518037558,LOW,LOW,HEALTHY,0
2024-07-01,SKU006,500,325,3,111,173,3313200.0,825,0,0,Healthy (> Reorder Point),37.22048017150538,13.43346452533897,0.42857142857142855,15.951634359216591,825,-698.0483656407835,LOW,53.35423794193548,HIGH,HIGH,MARKDOWN / CLEAR,40
2024-07-01,SKU007,513,412,7,113,268,2333139.39,925,0,0,Healthy (> Reorder Point),148.4626504518179,3.455414533142052,1.0,148.4626504518179,925,-663.5373495481821,LOW,-1268.5518054218146,LOW,LOW,HEALTHY,0
2024-07-01,SKU008,307,127,4,132,251,2045890.98,434,0,0,Healthy (> Reorder Point),97.15146048182743,3.1600142548286816,0.5714285714285714,55.515120275329956,434,-246.48487972467004,LOW,-858.8175257819291,LOW,LOW,HEALTHY,0
2024-07-01,SKU009,232,211,3,71,106,695438.56,443,0,0,Healthy (> Reorder Point),61.66929685639556,3.762001706298681,0.42857142857142855,26.429698652740953,443,-345.57030134725903,LOW,-508.03156227674674,LOW,LOW,HEALTHY,0
2024-07-01,SKU010,131,31,5,14,36,939491.39,162,0,0,Healthy (> Reorder Point),99.10270304793268,1.3218610186307396,0.7142857142857143,70.78764503423763,162,-77.21235496576237,LOW,-1058.2324365751922,LOW,LOW,HEALTHY,0
2024-07-01,SKU011,946,45,7,137,357,3658267.14,991,0,0,Healthy (> Reorder Point),18.21293984749243,51.941092867017076,1.0,18.21293984749243,991,-835.7870601525076,LOW,727.4447218300909,HIGH,HIGH,MARKDOWN / CLEAR,40
2024-07-01,SKU012,151,18,6,23,49,218306.74,169,0,0,Healthy (> Reorder Point),152.60360509957462,0.98949169583164,0.8571428571428571,130.80309008534968,169,-15.19690991465032,LOW,-1680.2432611948955,LOW,LOW,HEALTHY,0
2024-07-01,SKU013,141,117,13,54,186,1092496.2,258,1,0,Reorder Needed (<= Reorder Point),82.29389569333014,1.7133713115908298,1.8571428571428572,152.83152057332742,258,-51.168479426672576,LOW,-846.5267483199617,LOW,LOW,REORDER SOON,0
2024-07-01,SKU014,636,321,7,160,307,1984994.16,957,0,0,Healthy (> Reorder Point),126.68761064142299,5.020222551991578,1.0,126.68761064142299,957,-670.312389358577,LOW,-884.2513276970758,LOW,LOW,HEALTHY,0
2024-07-01,SKU015,709,2,9,96,313,891135.01,711,0,0,Healthy (> Reorder Point),21.863857921842072,32.427945815166794,1.2857142857142858,28.11067447093981,711,-586.8893255290602,LOW,446.6337049378951,HIGH,HIGH,MARKDOWN / CLEAR,40
2024-07-01,SKU016,229,294,11,77,218,459957.95,523,0,0,Healthy (> Reorder Point),81.77833745970412,2.800252574379354,1.5714285714285714,128.50881600810646,523,-317.49118399189354,LOW,-752.3400495164494,LOW,LOW,HEALTHY,0
2024-07-01,SKU017,205,120,7,85,199,1374168.3,325,0,0,Healthy (> Reorder Point),83.9279095755806,2.4425724533909534,1.0,83.9279095755806,325,-156.0720904244194,LOW,-802.1349149069672,LOW,LOW,HEALTHY,0
2024-07-01,SKU018,476,156,8,93,260,1271319.84,632,0,0,Healthy (> Reorder Point),149.6531105639159,3.180688982717158,1.1428571428571428,171.03212635876102,632,-367.96787364123895,LOW,-1319.8373267669908,LOW,LOW,HEALTHY,0
2024-07-01,SKU019,120,28,9,32,120,390355.2,148,1,0,Reorder Needed (<= Reorder Point),95.61862243779252,1.2549856601214842,1.2857142857142858,122.9382288485904,148,6.9382288485903985,HIGH,-1027.4234692535103,LOW,HIGH,REORDER NOW,60
2024-07-01,SKU020,658,732,10,346,807,3644885.72,1390,1,0,Reorder Needed (<= Reorder Point),84.59106805499508,7.778599030954608,1.4285714285714286,120.84438293570726,1390,-923.1556170642928,LOW,-357.0928166599409,LOW,LOW,REORDER SOON,0
2024-07-01,SKU021,262,102,12,27,121,80449.72,364,0,0,Healthy (> Reorder Point),50.40102463578332,5.198307016440839,1.7142857142857142,86.4017565184857,364,-250.59824348151432,LOW,-342.81229562939984,LOW,LOW,HEALTHY,0
2024-07-01,SKU022,486,26,8,90,202,2625658.74,512,0,0,Healthy (> Reorder Point),58.31515299485604,8.33402597851145,1.1428571428571428,66.64588913697833,512,-355.3541108630217,LOW,-213.78183593827248,LOW,LOW,HEALTHY,0
2024-07-01,SKU023,251,157,4,86,132,955456.6,408,0,0,Healthy (> Reorder Point),87.54378131244553,2.8671368341307524,0.5714285714285714,50.025017892826014,408,-271.974982107174,LOW,-799.5253757493465,LOW,LOW,HEALTHY,0
2024-07-01,SKU024,332,12,8,117,266,442698.76,344,0,0,Healthy (> Reorder Point),76.4636135364613,4.341934478962172,1.1428571428571428,87.3869868988129,344,-139.6130131011871,LOW,-585.5633624375355,LOW,LOW,HEALTHY,0
2024-07-01,SKU025,1339,717,9,199,571,5223439.0,2056,0,0,Healthy (> Reorder Point),18.585355361227894,72.04597243232563,1.2857142857142858,23.895456893007292,2056,-1833.1045431069927,LOW,1115.9757356652653,HIGH,HIGH,MARKDOWN / CLEAR,40
2024-07-01,SKU026,220,75,8,41,101,1359322.8,295,0,0,Healthy (> Reorder Point),133.0415205457043,1.6536191040031185,1.1428571428571428,152.04745205223347,295,-101.95254794776653,LOW,-1376.4982465484513,LOW,LOW,HEALTHY,0
2024-07-01,SKU027,519,230,5,153,259,2379023.34,749,0,0,Healthy (> Reorder Point),145.90675541794133,3.557066281909669,0.7142857142857143,104.21911101281523,749,-491.78088898718477,LOW,-1231.881065015296,LOW,LOW,HEALTHY,0
2024-07-01,SKU028,248,741,13,153,484,121232.32,989,1,0,Reorder Needed (<= Reorder Point),31.106388794354906,7.97263872831829,1.8571428571428572,57.76900776094483,989,-778.2309922390552,LOW,-125.2766655322589,LOW,LOW,REORDER SOON,0
2024-07-01,SKU029,1041,413,6,216,414,3556160.1,1454,0,0,Healthy (> Reorder Point),92.13179246289059,11.299031226590978,0.8571428571428571,78.97010782533478,1454,-1159.0298921746653,LOW,-64.58150955468705,LOW,LOW,HEALTHY,0
2024-07-01,SKU030,292,138,6,63,120,602404.76,430,0,0,Healthy (> Reorder Point),29.57372506362793,9.873629357538201,0.8571428571428571,25.348907197395366,430,-341.65109280260464,LOW,-62.884700763535136,LOW,LOW,HEALTHY,0
2024-07-01,SKU031,178,70,14,42,156,449512.3,248,0,0,Healthy (> Reorder Point),112.061080321504,1.5884194538310428,2.0,224.122160643008,248,18.122160643007987,HIGH,-1166.732963858048,LOW,HIGH,REORDER NOW,60
2024-07-01,SKU032,311,92,13,49,216,1420337.0,403,0,0,Healthy (> Reorder Point),54.992586929301225,5.655307694468408,1.8571428571428572,102.12909001155943,403,-251.8709099884406,LOW,-348.91104315161465,LOW,LOW,HEALTHY,0
2024-07-01,SKU033,307,136,10,94,233,1043646.5,443,0,0,Healthy (> Reorder Point),102.66265597604806,2.9903765598235186,1.4285714285714286,146.6609371086401,443,-202.3390628913599,LOW,-924.9518717125766,LOW,LOW,HEALTHY,0
2024-07-01,SKU034,171,238,13,49,139,264030.84,409,0,0,Healthy (> Reorder Point),118.43921646150007,1.4437785482613807,1.8571428571428572,219.95854485707156,409,-140.04145514292844,LOW,-1250.2705975380009,LOW,LOW,HEALTHY,0
2024-07-01,SKU035,567,216,3,102,182,3315974.76,783,0,0,Healthy (> Reorder Point),125.03438379015351,4.534752624138988,0.42857142857142855,53.58616448149436,783,-627.4138355185056,LOW,-933.4126054818421,LOW,LOW,HEALTHY,0
2024-07-01,SKU036,166,599,9,133,334,248976.76,765,1,0,Reorder Needed (<= Reorder Point),28.401220974970112,5.844819141624058,1.2857142857142858,36.51585553924729,765,-595.4841444607528,LOW,-174.81465169964133,LOW,LOW,REORDER SOON,0
2024-07-01,SKU037,1844,510,13,251,951,10412109.12,2354,0,0,Healthy (> Reorder Point),148.2476501285819,12.438645728283822,1.8571428571428572,275.31706452450925,2354,-1827.6829354754907,LOW,65.02819845701697,HIGH,HIGH,MARKDOWN / CLEAR,40
2024-07-01,SKU038,236,82,9,52,164,755886.76,318,0,0,Healthy (> Reorder Point),46.60615974096913,5.06370834481229,1.2857142857142858,59.92220538124603,318,-206.07779461875396,LOW,-323.2739168916296,LOW,LOW,HEALTHY,0
2024-07-01,SKU039,91,63,5,53,87,277918.55,154,0,0,Healthy (> Reorder Point),18.63885467149666,4.882274238618381,0.7142857142857143,13.313467622497614,154,-87.68653237750239,LOW,-132.6662560579599,LOW,LOW,HEALTHY,0
2024-07-01,SKU040,175,90,3,29,53,203796.25,265,0,0,Healthy (> Reorder Point),90.19968398617831,1.9401398349335237,0.42857142857142855,38.657007422647844,265,-197.34299257735216,LOW,-907.3962078341397,LOW,LOW,HEALTHY,0
2024-07-01,SKU041,746,322,12,149,413,4231856.58,1068,0,0,Healthy (> Reorder Point),64.96817258818683,11.482545533928796,1.7142857142857142,111.37401015117742,1068,-807.6259898488227,LOW,-33.61807105824198,LOW,LOW,HEALTHY,0
2024-07-01,SKU042,123,197,14,63,185,954617.76,320,1,0,Reorder Needed (<= Reorder Point),136.1102257325676,0.9036793476610135,2.0,272.2204514651352,320,15.220451465135227,HIGH,-1510.3227087908112,LOW,HIGH,REORDER NOW,60
2024-07-01,SKU043,873,729,13,117,454,3258516.15,1602,0,0,Healthy (> Reorder Point),130.258832688137,6.702040713738918,1.8571428571428572,241.90926070654015,1602,-1243.0907392934598,LOW,-690.1059922576442,LOW,LOW,HEALTHY,0
2024-07-01,SKU044,60,26,3,45,74,59821.8,86,1,0,Reorder Needed (<= Reorder Point),53.04250247248853,1.131168349968407,0.42857142857142855,22.73250105963794,86,-18.26749894036206,LOW,-576.5100296698623,LOW,LOW,REORDER SOON,0
2024-07-01,SKU045,149,349,12,56,259,270929.68,498,1,0,Reorder Needed (<= Reorder Point),147.55999314681097,1.0097587891031978,1.7142857142857142,252.95998825167592,498,-189.0400117483241,LOW,-1621.7199177617317,LOW,LOW,REORDER SOON,0
2024-07-01,SKU046,372,398,12,98,281,1762889.4,770,0,0,Healthy (> Reorder Point),54.18980348712668,6.864760085139859,1.7142857142857142,92.89680597793145,770,-579.1031940220686,LOW,-278.2776418455202,LOW,LOW,HEALTHY,0
2024-07-01,SKU047,95,160,8,43,105,582210.35,255,1,0,Reorder Needed (<= Reorder Point),88.06846728987554,1.078706180809409,1.1428571428571428,100.6496769027149,255,-111.3503230972851,LOW,-961.8216074785064,LOW,LOW,REORDER SOON,0
2024-07-01,SKU048,32,141,10,29,74,115159.04,173,1,0,Reorder Needed (<= Reorder Point),52.66637908493151,0.6075982544460814,1.4285714285714286,75.23768440704502,173,-68.76231559295498,LOW,-599.9965490191781,LOW,LOW,REORDER SOON,0
2024-07-01,SKU049,856,822,7,293,552,4525081.36,1678,0,0,Healthy (> Reorder Point),147.86670983735698,5.788997408149137,1.0,147.86670983735698,1678,-1237.1332901626429,LOW,-918.4005180482836,LOW,LOW,HEALTHY,0
2024-07-01,SKU050,440,147,12,152,400,1527904.4,587,0,0,Healthy (> Reorder Point),35.23463894720143,12.487711330300085,1.7142857142857142,60.40223819520245,587,-374.5977618047975,LOW,17.184332633582812,HIGH,HIGH,MARKDOWN / CLEAR,40
2024-08-01,SKU001,208,776,11,131,499,759472.48,984,1,0,Reorder Needed (<= Reorder Point),84.35095557248381,2.46588789170578,1.5714285714285714,132.55150161390313,984,-720.4484983860968,LOW,-804.2114668698057,LOW,LOW,REORDER SOON,0
2024-08-01,SKU002,283,360,10,91,299,1600251.8,643,1,0,Reorder Needed (<= Reorder Point),60.610605206310034,4.669149879574829,1.4285714285714286,86.5865788661572,643,-465.4134211338428,LOW,-444.32726247572043,LOW,LOW,REORDER SOON,0
2024-08-01,SKU003,244,130,12,46,183,1500314.52,374,0,0,Healthy (> Reorder Point),34.20813909588409,7.13280542142551,1.7142857142857142,58.64252416437273,374,-269.35747583562727,LOW,-166.4976691506091,LOW,LOW,HEALTHY,0
2024-08-01,SKU004,129,113,10,85,272,160331.52,242,1,0,Reorder Needed (<= Reorder Point),27.974245966626015,4.611384348085745,1.4285714285714286,39.96320852375145,242,-117.03679147624855,LOW,-206.69095159951218,LOW,LOW,REORDER SOON,0
2024-08-01,SKU005,592,164,4,80,164,4399998.56,756,0,0,Healthy (> Reorder Point),101.36967098364632,5.840011063027971,0.5714285714285714,57.92552627636932,756,-618.0744737236307,LOW,-624.4360518037558,LOW,LOW,HEALTHY,0
2024-08-01,SKU006,453,205,14,73,304,3001759.2,658,0,0,Healthy (> Reorder Point),37.22048017150538,12.170718859957105,2.0,74.44096034301076,658,-510.5590396569892,LOW,6.35423794193548,HIGH,HIGH,MARKDOWN / CLEAR,40
2024-08-01,SKU007,527,99,10,148,339,2396811.81,626,0,0,Healthy (> Reorder Point),148.4626504518179,3.549714344962693,1.4285714285714286,212.08950064545414,626,-265.9104993545459,LOW,-1254.5518054218146,LOW,LOW,HEALTHY,0
2024-08-01,SKU008,700,612,14,123,498,4664898.0,1312,0,0,Healthy (> Reorder Point),97.15146048182743,7.205244229251066,2.0,194.30292096365486,1312,-994.6970790363451,LOW,-465.81752578192913,LOW,LOW,HEALTHY,0
2024-08-01,SKU009,233,128,11,64,188,698436.14,361,0,0,Healthy (> Reorder Point),61.66929685639556,3.7782172308947963,1.5714285714285714,96.90889506005017,361,-200.09110493994984,LOW,-507.03156227674674,LOW,LOW,HEALTHY,0
2024-08-01,SKU010,103,75,8,12,40,738684.07,178,0,0,Healthy (> Reorder Point),99.10270304793268,1.0393258390760778,1.1428571428571428,113.2602320547802,178,-52.739767945219796,LOW,-1086.2324365751922,LOW,LOW,HEALTHY,0
2024-08-01,SKU011,863,544,7,165,342,3337298.67,1407,0,0,Healthy (> Reorder Point),18.21293984749243,47.38389338714137,1.0,18.21293984749243,1407,-1223.7870601525076,LOW,644.4447218300909,HIGH,HIGH,MARKDOWN / CLEAR,40
2024-08-01,SKU012,30,43,13,21,61,43372.2,73,1,0,Reorder Needed (<= Reorder Point),152.60360509957462,0.19658775413873641,1.8571428571428572,283.40669518492433,73,231.40669518492433,HIGH,-1801.2432611948955,LOW,HIGH,REORDER NOW,60
2024-08-01,SKU013,281,305,14,65,193,2177244.2,586,0,0,Healthy (> Reorder Point),82.29389569333014,3.4145910535959088,2.0,164.58779138666029,586,-356.4122086133397,LOW,-706.5267483199617,LOW,LOW,HEALTHY,0
2024-08-01,SKU014,435,351,8,101,245,1357661.1,786,0,0,Healthy (> Reorder Point),126.68761064142299,3.4336427832017873,1.1428571428571428,144.78584073305484,786,-540.2141592669452,LOW,-1085.2513276970758,LOW,LOW,HEALTHY,0
2024-08-01,SKU015,322,412,10,82,258,404718.58,734,0,0,Healthy (> Reorder Point),21.863857921842072,14.727501484462211,1.4285714285714286,31.234082745488674,734,-620.7659172545114,LOW,59.63370493789512,HIGH,HIGH,MARKDOWN / CLEAR,40
2024-08-01,SKU016,79,92,11,58,170,158675.45,171,1,0,Reorder Needed (<= Reorder Point),81.77833745970412,0.9660259972749735,1.5714285714285714,128.50881600810646,171,15.508816008106464,HIGH,-902.3400495164494,LOW,HIGH,REORDER NOW,60
2024-08-01,SKU017,70,227,4,83,134,469228.2,297,1,1,Critical (<= Safety Stock),83.9279095755806,0.8340491304261792,0.5714285714285714,47.95880547176034,297,-166.04119452823966,LOW,-937.1349149069672,LOW,LOW,REORDER SOON,0
2024-08-01,SKU018,346,526,13,116,353,924110.64,872,1,0,Reorder Needed (<= Reorder Point),149.6531105639159,2.312013420210371,1.8571428571428572,277.92720533298666,872,-478.07279466701334,LOW,-1449.8373267669908,LOW,LOW,REORDER SOON,0
2024-08-01,SKU019,39,5,10,24,96,126865.44,44,1,0,Reorder Needed (<= Reorder Point),95.61862243779252,0.4078703395394823,1.4285714285714286,136.59803205398933,44,116.59803205398933,HIGH,-1108.4234692535103,LOW,HIGH,REORDER NOW,60
2024-08-01,SKU020,565,30,11,268,656,3129727.1,595,1,0,Reorder Needed (<= Reorder Point),84.59106805499508,6.679192177035492,1.5714285714285714,132.928821229278,595,-194.07117877072199,LOW,-450.0928166599409,LOW,LOW,REORDER SOON,0
2024-08-01,SKU021,191,58,9,27,81,58648.46,249,0,0,Healthy (> Reorder Point),50.40102463578332,3.789605496718321,1.2857142857142858,64.80131738886428,249,-157.19868261113572,LOW,-413.81229562939984,LOW,LOW,HEALTHY,0
2024-08-01,SKU022,199,177,4,88,137,1075115.41,376,0,0,Healthy (> Reorder Point),58.31515299485604,3.4124921187732067,0.5714285714285714,33.32294456848916,376,-254.67705543151084,LOW,-500.7818359382725,LOW,LOW,HEALTHY,0
2024-08-01,SKU023,272,223,13,48,167,1035395.2,495,0,0,Healthy (> Reorder Point),87.54378131244553,3.1070168083010543,1.8571428571428572,162.58130815168457,495,-284.41869184831546,LOW,-778.5253757493465,LOW,LOW,HEALTHY,0
2024-08-01,SKU024,253,350,14,77,282,337357.79,603,1,0,Reorder Needed (<= Reorder Point),76.4636135364613,3.3087633228235833,2.0,152.9272270729226,603,-373.0727729270774,LOW,-664.5633624375355,LOW,LOW,REORDER SOON,0
2024-08-01,SKU025,483,277,11,227,624,1884183.0,760,1,0,Reorder Needed (<= Reorder Point),18.585355361227894,25.988203648105507,1.5714285714285714,29.20555842478669,760,-503.7944415752133,LOW,259.9757356652653,HIGH,HIGH,REORDER SOON,40
2024-08-01,SKU026,164,72,10,30,84,1013313.36,236,0,0,Healthy (> Reorder Point),133.0415205457043,1.2326978775295974,1.4285714285714286,190.05931506529186,236,-15.940684934708145,LOW,-1432.4982465484513,LOW,LOW,HEALTHY,0
2024-08-01,SKU027,579,183,5,127,213,2654054.94,762,0,0,Healthy (> Reorder Point),145.90675541794133,3.9682878173905554,0.7142857142857143,104.21911101281523,762,-530.7808889871848,LOW,-1171.881065015296,LOW,LOW,HEALTHY,0
2024-08-01,SKU028,361,54,3,110,172,176471.24,415,0,0,Healthy (> Reorder Point),31.106388794354906,11.60533298759235,0.42857142857142855,13.331309483294959,415,-291.66869051670506,LOW,-12.276665532258903,LOW,LOW,HEALTHY,0
2024-08-01,SKU029,631,27,12,159,507,2155559.1,658,0,0,Healthy (> Reorder Point),92.13179246289059,6.848884441862542,1.7142857142857142,157.94021565066956,658,-341.05978434933047,LOW,-474.58150955468705,LOW,LOW,HEALTHY,0
2024-08-01,SKU030,200,146,7,41,86,412606.0,346,0,0,Healthy (> Reorder Point),29.57372506362793,6.762759833930274,1.0,29.57372506362793,346,-275.42627493637207,LOW,-154.88470076353514,LOW,LOW,HEALTHY,0
2024-08-01,SKU031,183,236,12,44,133,462139.05,419,0,0,Healthy (> Reorder Point),112.061080321504,1.633037977815061,1.7142857142857142,192.10470912257827,419,-182.89529087742173,LOW,-1161.732963858048,LOW,LOW,HEALTHY,0
2024-08-01,SKU032,385,206,10,61,177,1758295.0,591,0,0,Healthy (> Reorder Point),54.992586929301225,7.000943608907836,1.4285714285714286,78.56083847043033,591,-451.4391615295697,LOW,-274.91104315161465,LOW,LOW,HEALTHY,0
2024-08-01,SKU033,128,181,3,90,126,435136.0,309,0,0,Healthy (> Reorder Point),102.66265597604806,1.2468019532814671,0.42857142857142855,43.99828113259202,309,-175.001718867408,LOW,-1103.9518717125766,LOW,LOW,HEALTHY,0
2024-08-01,SKU034,206,6,5,24,54,318072.24,212,0,0,Healthy (> Reorder Point),118.43921646150007,1.7392887774376868,0.7142857142857143,84.5994403296429,212,-103.4005596703571,LOW,-1215.2705975380009,LOW,LOW,HEALTHY,0
2024-08-01,SKU035,220,377,12,127,413,1286621.6,597,1,0,Reorder Needed (<= Reorder Point),125.03438379015351,1.7595160093660978,1.7142857142857142,214.34465792597743,597,-255.65534207402254,LOW,-1280.412605481842,LOW,LOW,REORDER SOON,0
2024-08-01,SKU036,351,202,4,75,151,526450.86,553,0,0,Healthy (> Reorder Point),28.401220974970112,12.358623606687013,0.5714285714285714,16.22926912855435,553,-461.77073087144566,LOW,10.185348300358669,HIGH,HIGH,MARKDOWN / CLEAR,40
2024-08-01,SKU037,1066,818,14,365,1013,6019147.68,1884,0,0,Healthy (> Reorder Point),148.2476501285819,7.190670469821342,2.0,296.4953002571638,1884,-1222.5046997428362,LOW,-712.971801542983,LOW,LOW,HEALTHY,0
2024-08-01,SKU038,220,369,12,64,193,704640.2,589,0,0,Healthy (> Reorder Point),46.60615974096913,4.72040608414705,1.7142857142857142,79.89627384166137,589,-445.10372615833865,LOW,-339.2739168916296,LOW,LOW,HEALTHY,0
2024-08-01,SKU039,96,13,4,27,46,293188.8,109,0,0,Healthy (> Reorder Point),18.63885467149666,5.150531064916094,0.5714285714285714,10.65077409799809,109,-71.3492259020019,LOW,-127.66625605795991,LOW,LOW,HEALTHY,0
2024-08-01,SKU040,47,64,3,27,44,54733.85,111,0,0,Healthy (> Reorder Point),90.19968398617831,0.5210661270964321,0.42857142857142855,38.657007422647844,111,-45.34299257735216,LOW,-1035.3962078341397,LOW,LOW,HEALTHY,0
2024-08-01,SKU041,123,254,3,106,156,697745.79,377,1,0,Reorder Needed (<= Reorder Point),64.96817258818683,1.8932347194011288,0.42857142857142855,27.843502537794354,377,-243.15649746220564,LOW,-656.618071058242,LOW,LOW,REORDER SOON,0
2024-08-01,SKU042,188,97,7,45,96,1459090.56,285,0,0,Healthy (> Reorder Point),136.1102257325676,1.3812334744737442,1.0,136.1102257325676,285,-103.88977426743239,LOW,-1445.3227087908112,LOW,LOW,HEALTHY,0
2024-08-01,SKU043,444,39,11,64,300,1657252.2,483,0,0,Healthy (> Reorder Point),130.258832688137,3.408598026231477,1.5714285714285714,204.69245136707244,483,-214.3075486329276,LOW,-1119.1059922576442,LOW,LOW,HEALTHY,0
2024-08-01,SKU044,194,231,10,65,147,193423.82,425,0,0,Healthy (> Reorder Point),53.04250247248853,3.657444331564516,1.4285714285714286,75.77500353212648,425,-284.22499646787355,LOW,-442.5100296698623,LOW,LOW,HEALTHY,0
2024-08-01,SKU045,223,246,10,114,261,405485.36,469,1,0,Reorder Needed (<= Reorder Point),147.55999314681097,1.5112497313423698,1.4285714285714286,210.79999020972997,469,-144.20000979027003,LOW,-1547.7199177617317,LOW,LOW,REORDER SOON,0
2024-08-01,SKU046,108,455,14,93,262,511806.6,563,1,0,Reorder Needed (<= Reorder Point),54.18980348712668,1.992994863427701,2.0,108.37960697425336,563,-361.62039302574664,LOW,-542.2776418455202,LOW,LOW,REORDER SOON,0
2024-08-01,SKU047,177,71,4,40,65,1084749.81,248,0,0,Healthy (> Reorder Point),88.06846728987554,2.009799936876478,0.5714285714285714,50.32483845135745,248,-157.67516154864256,LOW,-879.8216074785064,LOW,LOW,HEALTHY,0
2024-08-01,SKU048,65,63,12,33,85,233916.8,128,1,0,Reorder Needed (<= Reorder Point),52.66637908493151,1.2341839543436028,1.7142857142857142,90.28522128845403,128,-4.714778711545975,LOW,-566.9965490191781,LOW,LOW,REORDER SOON,0
2024-08-01,SKU049,635,127,8,231,463,3356806.85,762,0,0,Healthy (> Reorder Point),147.86670983735698,4.294408124035867,1.1428571428571428,168.99052552840797,762,-362.00947447159206,LOW,-1139.4005180482836,LOW,LOW,HEALTHY,0
2024-08-01,SKU050,360,104,6,83,186,1250103.6,464,0,0,Healthy (> Reorder Point),35.23463894720143,10.217218361154615,0.8571428571428571,30.201119097601225,464,-350.79888090239876,LOW,-62.81566736641719,LOW,LOW,HEALTHY,0
2024-09-01,SKU001,374,550,6,176,355,1365589.94,924,0,0,Healthy (> Reorder Point),84.35095557248381,4.433856112970969,0.8571428571428571,72.30081906212898,924,-675.699180937871,LOW,-638.2114668698057,LOW,LOW,HEALTHY,0
2024-09-01,SKU002,512,183,7,70,192,2895155.2,695,0,0,Healthy (> Reorder Point),60.610605206310034,8.447366566580609,1.0,60.610605206310034,695,-564.3893947936899,LOW,-215.32726247572043,LOW,LOW,HEALTHY,0
2024-09-01,SKU003,304,237,8,55,141,1869244.32,541,0,0,Healthy (> Reorder Point),34.20813909588409,8.886773967677685,1.1428571428571428,39.09501610958182,541,-446.9049838904182,LOW,-106.49766915060911,LOW,LOW,HEALTHY,0
2024-09-01,SKU004,368,164,5,99,186,457379.84,532,0,0,Healthy (> Reorder Point),27.974245966626015,13.154956899965537,0.7142857142857143,19.981604261875724,532,-413.01839573812424,LOW,32.309048400487825,HIGH,HIGH,MARKDOWN / CLEAR,40
2024-09-01,SKU005,641,565,13,138,390,4764187.63,1206,0,0,Healthy (> Reorder Point),101.36967098364632,6.323390357096165,1.8571428571428572,188.2579603982003,1206,-879.7420396017997,LOW,-575.4360518037558,LOW,LOW,HEALTHY,0
2024-09-01,SKU006,246,180,14,60,288,1630094.4,426,1,0,Reorder Needed (<= Reorder Point),37.22048017150538,6.609264546466773,2.0,74.44096034301076,426,-291.5590396569892,LOW,-200.64576205806452,LOW,LOW,REORDER SOON,0
2024-09-01,SKU007,296,417,9,118,279,1346216.88,713,0,0,Healthy (> Reorder Point),148.4626504518179,1.9937674499221198,1.2857142857142858,190.88055058090873,713,-404.11944941909127,LOW,-1485.5518054218146,LOW,LOW,HEALTHY,0
2024-09-01,SKU008,125,180,12,192,480,833017.5,305,1,1,Critical (<= Safety Stock),97.15146048182743,1.2866507552234046,1.7142857142857142,166.54536082598986,305,53.54536082598986,HIGH,-1040.8175257819291,LOW,HIGH,REORDER NOW,60
2024-09-01,SKU009,193,131,13,41,144,578532.94,324,0,0,Healthy (> Reorder Point),61.66929685639556,3.129596247050196,1.8571428571428572,114.52869416187748,324,-168.47130583812253,LOW,-547.0315622767467,LOW,LOW,HEALTHY,0
2024-09-01,SKU010,37,39,6,16,34,265352.53,76,0,0,Healthy (> Reorder Point),99.10270304793268,0.3733500586972318,0.8571428571428571,84.94517404108515,76,24.945174041085153,HIGH,-1152.2324365751922,LOW,HIGH,REORDER NOW,60
2024-09-01,SKU011,536,391,11,122,365,2072760.24,927,0,0,Healthy (> Reorder Point),18.21293984749243,29.429625556787688,1.5714285714285714,28.62033404605953,927,-776.3796659539405,LOW,317.4447218300909,HIGH,HIGH,MARKDOWN / CLEAR,40
2024-09-01,SKU012,51,28,3,15,25,73732.74,79,0,0,Healthy (> Reorder Point),152.60360509957462,0.3341991820358519,0.42857142857142855,65.40154504267484,79,1.4015450426748401,HIGH,-1780.2432611948955,LOW,HIGH,REORDER NOW,60
2024-09-01,SKU013,138,299,14,56,164,1069251.6,437,1,0,Reorder Needed (<= Reorder Point),82.29389569333014,1.676916602833578,2.0,164.58779138666029,437,-216.41220861333971,LOW,-849.5267483199617,LOW,LOW,REORDER SOON,0
2024-09-01,SKU014,94,291,13,123,331,293379.64,385,1,1,Critical (<= Safety Stock),126.68761064142299,0.741982578439007,1.8571428571428572,235.27699119121414,385,-26.723008808785835,LOW,-1426.2513276970758,LOW,LOW,REORDER SOON,0
2024-09-01,SKU015,327,205,4,106,171,411003.03,532,0,0,Healthy (> Reorder Point),21.863857921842072,14.956189395711625,0.5714285714285714,12.493633098195469,532,-413.50636690180454,LOW,64.63370493789512,HIGH,HIGH,MARKDOWN / CLEAR,40
2024-09-01,SKU016,93,5,13,36,149,186795.15,98,1,0,Reorder Needed (<= Reorder Point),81.77833745970412,1.1372204778047157,1.8571428571428572,151.87405528230767,98,89.87405528230767,HIGH,-888.3400495164494,LOW,HIGH,REORDER NOW,60
2024-09-01,SKU017,197,199,4,76,123,1320542.22,396,0,0,Healthy (> Reorder Point),83.9279095755806,2.3472525527708186,0.5714285714285714,47.95880547176034,396,-272.04119452823966,LOW,-810.1349149069672,LOW,LOW,HEALTHY,0
2024-09-01,SKU018,341,456,10,93,254,910756.44,797,0,0,Healthy (> Reorder Point),149.6531105639159,2.2786028216524175,1.4285714285714286,213.79015794845128,797,-490.2098420515487,LOW,-1454.8373267669908,LOW,LOW,HEALTHY,0
2024-09-01,SKU019,100,136,4,43,72,325296.0,236,0,0,Healthy (> Reorder Point),95.61862243779252,1.04582138343457,0.5714285714285714,54.63921282159573,236,-138.36078717840428,LOW,-1047.4234692535103,LOW,LOW,HEALTHY,0
2024-09-01,SKU020,627,424,6,173,386,3473166.18,1051,0,0,Healthy (> Reorder Point),84.59106805499508,7.412130079648236,0.8571428571428571,72.50662976142435,1051,-805.4933702385756,LOW,-388.0928166599409,LOW,LOW,HEALTHY,0
2024-09-01,SKU021,184,10,3,25,41,56499.04,194,0,0,Healthy (> Reorder Point),50.40102463578332,3.650719431393566,0.42857142857142855,21.600439129621424,194,-147.3995608703786,LOW,-420.81229562939984,LOW,LOW,HEALTHY,0
2024-09-01,SKU022,393,426,13,74,222,2123217.87,819,0,0,Healthy (> Reorder Point),58.31515299485604,6.739243229537037,1.8571428571428572,108.2995698475898,819,-636.7004301524103,LOW,-306.7818359382725,LOW,LOW,HEALTHY,0
2024-09-01,SKU023,73,269,11,51,149,277881.8,342,1,0,Reorder Needed (<= Reorder Point),87.54378131244553,0.8338684816396212,1.5714285714285714,137.56879920527155,342,-153.43120079472845,LOW,-977.5253757493465,LOW,LOW,REORDER SOON,0
2024-09-01,SKU024,152,125,12,72,237,202681.36,277,1,0,Reorder Needed (<= Reorder Point),76.4636135364613,1.9878736168742477,1.7142857142857142,131.08048034821937,277,-73.91951965178063,LOW,-765.5633624375355,LOW,LOW,REORDER SOON,0
2024-09-01,SKU025,606,242,9,240,537,2364006.0,848,0,0,Healthy (> Reorder Point),18.585355361227894,32.60631762060443,1.2857142857142858,23.895456893007292,848,-584.1045431069927,LOW,382.9757356652653,HIGH,HIGH,MARKDOWN / CLEAR,40
2024-09-01,SKU026,160,96,7,19,57,988598.4,256,0,0,Healthy (> Reorder Point),133.0415205457043,1.2026320756386315,1.0,133.0415205457043,256,-103.95847945429571,LOW,-1436.4982465484513,LOW,LOW,HEALTHY,0
2024-09-01,SKU027,350,44,13,82,296,1604351.0,394,0,0,Healthy (> Reorder Point),145.90675541794133,2.3987922903051717,1.8571428571428572,270.9696886333196,394,-41.030311366680394,LOW,-1400.881065015296,LOW,LOW,HEALTHY,0
2024-09-01,SKU028,315,95,6,71,176,153984.6,410,0,0,Healthy (> Reorder Point),31.106388794354906,10.126537094436538,0.8571428571428571,26.662618966589918,410,-312.3373810334101,LOW,-58.2766655322589,LOW,LOW,HEALTHY,0
2024-09-01,SKU029,378,423,11,177,469,1291285.8,801,1,0,Reorder Needed (<= Reorder Point),92.13179246289059,4.102818255188654,1.5714285714285714,144.77853101311376,801,-479.22146898688624,LOW,-727.581509554687,LOW,LOW,REORDER SOON,0
2024-09-01,SKU030,185,64,6,46,84,381660.55,249,0,0,Healthy (> Reorder Point),29.57372506362793,6.255552846385504,0.8571428571428571,25.348907197395366,249,-177.65109280260464,LOW,-169.88470076353514,LOW,LOW,HEALTHY,0
2024-09-01,SKU031,43,144,6,41,74,108590.05,187,1,0,Reorder Needed (<= Reorder Point),112.061080321504,0.3837193062625553,0.8571428571428571,96.05235456128914,187,-49.94764543871088,LOW,-1301.732963858048,LOW,LOW,REORDER SOON,0
2024-09-01,SKU032,96,375,13,60,196,438432.0,471,1,0,Reorder Needed (<= Reorder Point),54.992586929301225,1.7456898349484473,1.8571428571428572,102.12909001155943,471,-308.8709099884406,LOW,-563.9110431516146,LOW,LOW,REORDER SOON,0
2024-09-01,SKU033,336,273,12,65,192,1142232.0,609,0,0,Healthy (> Reorder Point),102.66265597604806,3.2728551273638513,1.7142857142857142,175.99312453036808,609,-368.00687546963195,LOW,-895.9518717125766,LOW,LOW,HEALTHY,0
2024-09-01,SKU034,137,39,14,34,104,211533.48,176,0,0,Healthy (> Reorder Point),118.43921646150007,1.156711468490112,2.0,236.87843292300013,176,94.8784329230001,HIGH,-1284.2705975380009,LOW,HIGH,REORDER NOW,60
2024-09-01,SKU035,676,349,13,90,343,3953437.28,1025,0,0,Healthy (> Reorder Point),125.03438379015351,5.406512828779464,1.8571428571428572,232.20671275314226,1025,-702.7932872468577,LOW,-824.4126054818421,LOW,LOW,HEALTHY,0
2024-09-01,SKU036,296,578,11,119,311,443958.56,874,1,0,Reorder Needed (<= Reorder Point),28.401220974970112,10.422087144100729,1.5714285714285714,44.63049010352446,874,-710.3695098964755,LOW,-44.81465169964133,LOW,LOW,REORDER SOON,0
2024-09-01,SKU037,1296,275,4,251,413,7317838.08,1571,0,0,Healthy (> Reorder Point),148.2476501285819,8.742128451114878,0.5714285714285714,84.71294293061823,1571,-1235.2870570693817,LOW,-482.97180154298303,LOW,LOW,HEALTHY,0
2024-09-01,SKU038,344,177,6,63,122,1101801.04,521,0,0,Healthy (> Reorder Point),46.60615974096913,7.38099860430266,0.8571428571428571,39.948136920830684,521,-418.0518630791693,LOW,-215.2739168916296,LOW,LOW,HEALTHY,0
2024-09-01,SKU039,79,57,9,40,85,241269.95,136,1,0,Reorder Needed (<= Reorder Point),18.63885467149666,4.238457855503869,1.2857142857142858,23.964241720495707,136,-72.0357582795043,LOW,-144.6662560579599,LOW,LOW,REORDER SOON,0
2024-09-01,SKU040,149,27,8,17,63,173517.95,176,0,0,Healthy (> Reorder Point),90.19968398617831,1.6518904880291145,1.1428571428571428,103.08535312706093,176,-55.91464687293907,LOW,-933.3962078341397,LOW,LOW,HEALTHY,0
2024-09-01,SKU041,168,457,10,88,236,953018.64,625,1,0,Reorder Needed (<= Reorder Point),64.96817258818683,2.585881567962517,1.4285714285714286,92.8116751259812,625,-444.1883248740188,LOW,-611.618071058242,LOW,LOW,REORDER SOON,0
2024-09-01,SKU042,228,132,8,38,95,1769535.36,360,0,0,Healthy (> Reorder Point),136.1102257325676,1.6751129371277325,1.1428571428571428,155.554543694363,360,-166.445456305637,LOW,-1405.3227087908112,LOW,LOW,HEALTHY,0
2024-09-01,SKU043,188,117,5,125,222,701719.4,305,1,0,Reorder Needed (<= Reorder Point),130.258832688137,1.443280245341256,0.7142857142857143,93.04202334866929,305,-86.95797665133071,LOW,-1375.1059922576442,LOW,LOW,REORDER SOON,0
2024-09-01,SKU044,73,164,10,37,105,72783.19,237,1,0,Reorder Needed (<= Reorder Point),53.04250247248853,1.3762548257948952,1.4285714285714286,75.77500353212648,237,-124.22499646787352,LOW,-563.5100296698623,LOW,LOW,REORDER SOON,0
2024-09-01,SKU045,466,218,6,47,129,847337.12,684,0,0,Healthy (> Reorder Point),147.55999314681097,3.158037555181813,0.8571428571428571,126.47999412583796,684,-510.52000587416205,LOW,-1304.7199177617317,LOW,LOW,HEALTHY,0
2024-09-01,SKU046,147,273,10,89,211,696625.65,420,1,0,Reorder Needed (<= Reorder Point),54.18980348712668,2.712687452998815,1.4285714285714286,77.41400498160955,420,-253.58599501839046,LOW,-503.2776418455202,LOW,LOW,REORDER SOON,0
2024-09-01,SKU047,99,8,4,25,49,606724.47,107,0,0,Healthy (> Reorder Point),88.06846728987554,1.1241253884224367,0.5714285714285714,50.32483845135745,107,-31.67516154864255,LOW,-957.8216074785064,LOW,LOW,HEALTHY,0
2024-09-01,SKU048,54,60,9,16,44,194330.88,114,0,0,Healthy (> Reorder Point),52.66637908493151,1.0253220543777624,1.2857142857142858,67.71391596634052,114,-30.286084033659478,LOW,-577.9965490191781,LOW,LOW,HEALTHY,0
2024-09-01,SKU049,471,170,9,215,457,2489852.01,641,0,0,Healthy (> Reorder Point),147.86670983735698,3.1853011439699106,1.2857142857142858,190.114341219459,641,-235.885658780541,LOW,-1303.4005180482836,LOW,LOW,HEALTHY,0
2024-09-01,SKU050,116,133,8,69,191,402811.16,249,1,0,Reorder Needed (<= Reorder Point),35.23463894720143,3.2922148052609317,1.1428571428571428,40.268158796801636,249,-139.73184120319837,LOW,-306.8156673664172,LOW,LOW,REORDER SOON,0
2024-10-01,SKU001,583,941,14,135,562,2128713.73,1524,0,0,Healthy (> Reorder Point),84.35095557248381,6.911599234925334,2.0,168.70191114496762,1524,-1220.2980888550323,LOW,-429.2114668698057,LOW,LOW,HEALTHY,0
2024-10-01,SKU002,357,371,7,90,211,2018692.2,728,0,0,Healthy (> Reorder Point),60.610605206310034,5.890058328650933,1.0,60.610605206310034,728,-577.3893947936899,LOW,-370.32726247572043,LOW,LOW,HEALTHY,0
2024-10-01,SKU003,275,48,9,55,148,1690928.25,323,0,0,Healthy (> Reorder Point),34.20813909588409,8.0390225036558,1.2857142857142858,43.98189312327955,323,-224.01810687672045,LOW,-135.4976691506091,LOW,LOW,HEALTHY,0
2024-10-01,SKU004,143,0,13,63,294,177731.84,143,1,0,Reorder Needed (<= Reorder Point),27.974245966626015,5.111844664932261,1.8571428571428572,51.95217108087689,143,-28.047828919123106,LOW,-192.69095159951218,LOW,LOW,REORDER SOON,0
2024-10-01,SKU005,599,300,10,85,278,4452025.57,899,0,0,Healthy (> Reorder Point),101.36967098364632,5.909065247894856,1.4285714285714286,144.81381569092332,899,-669.1861843090767,LOW,-617.4360518037558,LOW,LOW,HEALTHY,0
2024-10-01,SKU006,307,213,3,124,174,2034304.8,520,0,0,Healthy (> Reorder Point),37.22048017150538,8.248147218558127,0.42857142857142855,15.951634359216591,520,-380.0483656407834,LOW,-139.64576205806452,LOW,LOW,HEALTHY,0
2024-10-01,SKU007,290,85,6,121,227,1318928.7,375,0,0,Healthy (> Reorder Point),148.4626504518179,1.9533532448561308,0.8571428571428571,127.25370038727247,375,-126.74629961272751,LOW,-1491.5518054218146,LOW,LOW,HEALTHY,0
2024-10-01,SKU008,717,337,5,129,243,4778188.38,1054,0,0,Healthy (> Reorder Point),97.15146048182743,7.380228731961449,0.7142857142857143,69.39390034416245,1054,-855.6060996558376,LOW,-448.81752578192913,LOW,LOW,HEALTHY,0
2024-10-01,SKU009,224,279,9,60,145,671457.92,503,0,0,Healthy (> Reorder Point),61.66929685639556,3.6322775095297613,1.2857142857142858,79.28909595822287,503,-363.7109040417771,LOW,-516.0315622767467,LOW,LOW,HEALTHY,0
2024-10-01,SKU010,24,21,6,19,38,172120.56,45,1,0,Reorder Needed (<= Reorder Point),99.10270304793268,0.24217301104685307,0.8571428571428571,84.94517404108515,45,58.94517404108515,HIGH,-1165.2324365751922,LOW,HIGH,REORDER NOW,60
2024-10-01,SKU011,433,143,7,141,300,1674449.97,576,0,0,Healthy (> Reorder Point),18.21293984749243,23.774305720315425,1.0,18.21293984749243,576,-416.7870601525076,LOW,214.44472183009086,HIGH,HIGH,MARKDOWN / CLEAR,40
2024-10-01,SKU012,99,73,12,14,48,143128.26,172,0,0,Healthy (> Reorder Point),152.60360509957462,0.6487395886578302,1.7142857142857142,261.60618017069936,172,103.60618017069936,HIGH,-1732.2432611948955,LOW,HIGH,REORDER NOW,60
2024-10-01,SKU013,273,65,3,29,52,2115258.6,338,0,0,Healthy (> Reorder Point),82.29389569333014,3.3173784969099045,0.42857142857142855,35.268812439998634,338,-273.73118756000133,LOW,-714.5267483199617,LOW,LOW,HEALTHY,0
2024-10-01,SKU014,228,47,14,108,335,711601.68,275,1,0,Reorder Needed (<= Reorder Point),126.68761064142299,1.7997024242988677,2.0,253.37522128284598,275,86.37522128284598,HIGH,-1292.2513276970758,LOW,HIGH,REORDER NOW,60
2024-10-01,SKU015,509,121,14,128,376,639757.01,630,0,0,Healthy (> Reorder Point),21.863857921842072,23.280429365190265,2.0,43.727715843684145,630,-458.2722841563159,LOW,246.63370493789512,HIGH,HIGH,MARKDOWN / CLEAR,40
2024-10-01,SKU016,252,148,6,41,101,506154.6,400,0,0,Healthy (> Reorder Point),81.77833745970412,3.0815006495353585,0.8571428571428571,70.09571782260353,400,-288.90428217739645,LOW,-729.3400495164494,LOW,LOW,HEALTHY,0
2024-10-01,SKU017,317,68,4,84,128,2124933.42,385,0,0,Healthy (> Reorder Point),83.9279095755806,3.7770510620728404,0.5714285714285714,47.95880547176034,385,-253.04119452823966,LOW,-690.1349149069672,LOW,LOW,HEALTHY,0
2024-10-01,SKU018,491,220,13,100,308,1311382.44,711,0,0,Healthy (> Reorder Point),149.6531105639159,3.280920778391018,1.8571428571428572,277.92720533298666,711,-333.07279466701334,LOW,-1304.8373267669908,LOW,LOW,HEALTHY,0
2024-10-01,SKU019,133,87,5,48,83,432643.68,220,0,0,Healthy (> Reorder Point),95.61862243779252,1.3909424399679782,0.7142857142857143,68.29901602699466,220,-103.70098397300534,LOW,-1014.4234692535103,LOW,LOW,HEALTHY,0
2024-10-01,SKU020,674,413,4,103,235,3733515.16,1087,0,0,Healthy (> Reorder Point),84.59106805499508,7.967744296144994,0.5714285714285714,48.337753174282895,1087,-935.6622468257171,LOW,-341.0928166599409,LOW,LOW,HEALTHY,0
2024-10-01,SKU021,214,117,14,46,134,65710.84,331,0,0,Healthy (> Reorder Point),50.40102463578332,4.245945425642517,2.0,100.80204927156664,331,-184.19795072843334,LOW,-390.81229562939984,LOW,LOW,HEALTHY,0
2024-10-01,SKU022,123,292,12,80,208,664518.57,415,1,0,Reorder Needed (<= Reorder Point),58.31515299485604,2.1092287970306756,1.7142857142857142,99.96883370546749,415,-235.0311662945325,LOW,-576.7818359382725,LOW,LOW,REORDER SOON,0
2024-10-01,SKU023,322,27,13,60,180,1225725.2,349,0,0,Healthy (> Reorder Point),87.54378131244553,3.6781596039446303,1.8571428571428572,162.58130815168457,349,-126.41869184831543,LOW,-728.5253757493465,LOW,LOW,HEALTHY,0
2024-10-01,SKU024,141,317,14,65,244,188013.63,458,1,0,Reorder Needed (<= Reorder Point),76.4636135364613,1.8440143419688746,2.0,152.9272270729226,458,-240.0727729270774,LOW,-776.5633624375355,LOW,LOW,REORDER SOON,0
2024-10-01,SKU025,916,356,11,183,527,3573316.0,1272,0,0,Healthy (> Reorder Point),18.585355361227894,49.28611706348788,1.5714285714285714,29.20555842478669,1272,-1059.7944415752133,LOW,692.9757356652653,HIGH,HIGH,MARKDOWN / CLEAR,40
2024-10-01,SKU026,144,7,9,52,111,889738.56,151,0,0,Healthy (> Reorder Point),133.0415205457043,1.0823688680747685,1.2857142857142858,171.05338355876268,151,72.05338355876268,HIGH,-1452.4982465484513,LOW,HIGH,REORDER NOW,60
2024-10-01,SKU027,501,40,9,128,278,2296513.86,541,0,0,Healthy (> Reorder Point),145.90675541794133,3.433699821265403,1.2857142857142858,187.59439982306742,541,-225.40560017693258,LOW,-1249.881065015296,LOW,LOW,HEALTHY,0
2024-10-01,SKU028,345,118,3,69,127,168649.8,463,0,0,Healthy (> Reorder Point),31.106388794354906,11.090969198668589,0.42857142857142855,13.331309483294959,463,-380.66869051670506,LOW,-28.276665532258903,LOW,LOW,HEALTHY,0
2024-10-01,SKU029,243,364,10,99,368,830112.3,607,1,0,Reorder Needed (<= Reorder Point),92.13179246289059,2.6375260211927065,1.4285714285714286,131.616846375558,607,-376.383153624442,LOW,-862.581509554687,LOW,LOW,REORDER SOON,0
2024-10-01,SKU030,163,41,3,32,52,336273.89,204,0,0,Healthy (> Reorder Point),29.57372506362793,5.511649264653173,0.42857142857142855,12.674453598697683,204,-159.32554640130232,LOW,-191.88470076353514,LOW,LOW,HEALTHY,0
2024-10-01,SKU031,187,158,12,41,109,472240.45,345,0,0,Healthy (> Reorder Point),112.061080321504,1.6687327970022754,1.7142857142857142,192.10470912257827,345,-111.89529087742173,LOW,-1157.732963858048,LOW,LOW,HEALTHY,0
2024-10-01,SKU032,176,177,7,43,116,803792.0,353,0,0,Healthy (> Reorder Point),54.992586929301225,3.2004313640721533,1.0,54.992586929301225,353,-255.00741307069876,LOW,-483.91104315161465,LOW,LOW,HEALTHY,0
2024-10-01,SKU033,237,125,7,43,120,805681.5,362,0,0,Healthy (> Reorder Point),102.66265597604806,2.3085317416227165,1.0,102.66265597604806,362,-216.33734402395194,LOW,-994.9518717125766,LOW,LOW,HEALTHY,0
2024-10-01,SKU034,99,49,5,23,50,152859.96,148,0,0,Healthy (> Reorder Point),118.43921646150007,0.8358717910986941,0.7142857142857143,84.5994403296429,148,-40.4005596703571,LOW,-1322.2705975380009,LOW,LOW,HEALTHY,0
2024-10-01,SKU035,563,254,6,94,216,3292581.64,817,0,0,Healthy (> Reorder Point),125.03438379015351,4.502761423968695,0.8571428571428571,107.17232896298871,817,-615.8276710370112,LOW,-937.4126054818421,LOW,LOW,HEALTHY,0
2024-10-01,SKU036,533,84,4,66,140,799425.38,617,0,0,Healthy (> Reorder Point),28.401220974970112,18.766798810154356,0.5714285714285714,16.22926912855435,617,-534.7707308714456,LOW,192.18534830035867,HIGH,HIGH,MARKDOWN / CLEAR,40
2024-10-01,SKU037,763,906,10,175,578,4308264.24,1669,0,0,Healthy (> Reorder Point),148.2476501285819,5.146793216204206,1.4285714285714286,211.7823573265456,1669,-1282.2176426734545,LOW,-1015.971801542983,LOW,LOW,HEALTHY,0
2024-10-01,SKU038,245,166,9,47,129,784712.95,411,0,0,Healthy (> Reorder Point),46.60615974096913,5.2568158664364875,1.2857142857142858,59.92220538124603,411,-304.07779461875396,LOW,-314.2739168916296,LOW,LOW,HEALTHY,0
2024-10-01,SKU039,108,124,13,27,89,329837.4,232,0,0,Healthy (> Reorder Point),18.63885467149666,5.794347448030606,1.8571428571428572,34.615015818493795,232,-170.3849841815062,LOW,-115.66625605795991,LOW,LOW,HEALTHY,0
2024-10-01,SKU040,35,48,5,38,70,40759.25,83,1,1,Critical (<= Safety Stock),90.19968398617831,0.3880279669867048,0.7142857142857143,64.42834570441309,83,19.42834570441309,HIGH,-1047.3962078341397,LOW,HIGH,REORDER NOW,60
2024-10-01,SKU041,248,219,4,61,126,1406837.04,467,0,0,Healthy (> Reorder Point),64.96817258818683,3.817253743182764,0.5714285714285714,37.124670050392474,467,-368.87532994960753,LOW,-531.618071058242,LOW,LOW,HEALTHY,0
2024-10-01,SKU042,233,11,4,48,76,1808340.96,244,0,0,Healthy (> Reorder Point),136.1102257325676,1.711847869959481,0.5714285714285714,77.7772718471815,244,-118.2227281528185,LOW,-1400.3227087908112,LOW,LOW,HEALTHY,0
2024-10-01,SKU043,466,28,9,104,287,1739368.3,494,0,0,Healthy (> Reorder Point),130.258832688137,3.5774925230267303,1.2857142857142858,167.47564202760472,494,-222.52435797239525,LOW,-1097.1059922576442,LOW,LOW,HEALTHY,0
2024-10-01,SKU044,174,31,11,55,138,173483.22,205,0,0,Healthy (> Reorder Point),53.04250247248853,3.2803882149083803,1.5714285714285714,83.35250388533912,205,-66.6474961146609,LOW,-462.5100296698623,LOW,LOW,HEALTHY,0
2024-10-01,SKU045,416,183,5,81,150,756421.12,599,0,0,Healthy (> Reorder Point),147.55999314681097,2.8191923239391294,0.7142857142857143,105.39999510486498,599,-412.60000489513504,LOW,-1354.7199177617317,LOW,LOW,HEALTHY,0
2024-10-01,SKU046,226,47,5,36,90,1071002.7,273,0,0,Healthy (> Reorder Point),54.18980348712668,4.170526288283893,0.7142857142857143,38.707002490804776,273,-198.29299750919523,LOW,-424.2776418455202,LOW,LOW,HEALTHY,0
2024-10-01,SKU047,149,90,3,41,59,913150.97,239,0,0,Healthy (> Reorder Point),88.06846728987554,1.6918654835852833,0.42857142857142855,37.743628838518084,239,-160.25637116148192,LOW,-907.8216074785064,LOW,LOW,HEALTHY,0
2024-10-01,SKU048,73,29,12,14,57,262706.56,102,0,0,Healthy (> Reorder Point),52.66637908493151,1.3860835179551234,1.7142857142857142,90.28522128845403,102,2.285221288454025,HIGH,-558.9965490191781,LOW,HIGH,REORDER NOW,60
2024-10-01,SKU049,832,178,8,186,405,4398209.92,1010,0,0,Healthy (> Reorder Point),147.86670983735698,5.626689069602899,1.1428571428571428,168.99052552840797,1010,-655.0094744715921,LOW,-942.4005180482836,LOW,LOW,HEALTHY,0
2024-10-01,SKU050,372,380,9,59,205,1291773.72,752,0,0,Healthy (> Reorder Point),35.23463894720143,10.557792306526435,1.2857142857142858,45.30167864640185,752,-647.6983213535982,LOW,-50.81566736641719,LOW,LOW,HEALTHY,0
2024-11-01,SKU001,891,598,7,188,371,3253317.21,1489,0,0,Healthy (> Reorder Point),84.35095557248381,10.563010151489662,1.0,84.35095557248381,1489,-1216.6490444275162,LOW,-121.21146686980569,LOW,LOW,HEALTHY,0
2024-11-01,SKU002,507,3,14,67,311,2866882.2,510,0,0,Healthy (> Reorder Point),60.610605206310034,8.364872752453845,2.0,121.22121041262007,510,-321.77878958737995,LOW,-220.32726247572043,LOW,LOW,HEALTHY,0
2024-11-01,SKU003,235,189,5,58,105,1444975.05,424,0,0,Healthy (> Reorder Point),34.20813909588409,6.869710139487684,0.7142857142857143,24.434385068488638,424,-341.5656149315114,LOW,-175.4976691506091,LOW,LOW,HEALTHY,0
2024-11-01,SKU004,356,340,13,91,289,442465.28,696,0,0,Healthy (> Reorder Point),27.974245966626015,12.725990914097096,1.8571428571428572,51.95217108087689,696,-553.047828919123,LOW,20.309048400487825,HIGH,HIGH,MARKDOWN / CLEAR,40
2024-11-01,SKU005,471,440,14,108,350,3500674.53,911,0,0,Healthy (> Reorder Point),101.36967098364632,4.646360153186105,2.0,202.73934196729263,911,-600.2606580327074,LOW,-745.4360518037558,LOW,LOW,HEALTHY,0
2024-11-01,SKU006,310,87,14,110,314,2054184.0,397,1,0,Reorder Needed (<= Reorder Point),37.22048017150538,8.32874800571016,2.0,74.44096034301076,397,-212.55903965698923,LOW,-136.64576205806452,LOW,LOW,REORDER SOON,0
2024-11-01,SKU007,328,23,8,62,178,1491753.84,351,0,0,Healthy (> Reorder Point),148.4626504518179,2.2093098769407273,1.1428571428571428,169.6716005163633,351,-119.3283994836367,LOW,-1453.5518054218146,LOW,LOW,HEALTHY,0
2024-11-01,SKU008,347,395,13,103,371,2312456.58,742,1,0,Reorder Needed (<= Reorder Point),97.15146048182743,3.571742496500171,1.8571428571428572,180.4241408948224,742,-458.57585910517764,LOW,-818.8175257819291,LOW,LOW,REORDER SOON,0
2024-11-01,SKU009,273,234,14,65,184,818339.34,507,0,0,Healthy (> Reorder Point),61.66929685639556,4.426838214739396,2.0,123.33859371279112,507,-318.6614062872089,LOW,-467.03156227674674,LOW,LOW,HEALTHY,0
2024-11-01,SKU010,62,48,6,17,33,444644.78,110,0,0,Healthy (> Reorder Point),99.10270304793268,0.6256136118710371,0.8571428571428571,84.94517404108515,110,-8.054825958914847,LOW,-1127.2324365751922,LOW,LOW,HEALTHY,0
2024-11-01,SKU011,338,108,3,67,126,1307076.42,446,0,0,Healthy (> Reorder Point),18.21293984749243,18.558234026481788,0.42857142857142855,7.805545648925326,446,-371.1944543510747,LOW,119.44472183009086,HIGH,HIGH,MARKDOWN / CLEAR,40
2024-11-01,SKU012,99,94,11,22,53,143128.26,193,0,0,Healthy (> Reorder Point),152.60360509957462,0.6487395886578302,1.5714285714285714,239.8056651564744,193,68.80566515647439,HIGH,-1732.2432611948955,LOW,HIGH,REORDER NOW,60
2024-11-01,SKU013,249,102,5,41,81,1929301.8,351,0,0,Healthy (> Reorder Point),82.29389569333014,3.025740826851891,0.7142857142857143,58.78135406666439,351,-251.2186459333356,LOW,-738.5267483199617,LOW,LOW,HEALTHY,0
2024-11-01,SKU014,139,31,9,67,210,433827.34,170,1,0,Reorder Needed (<= Reorder Point),126.68761064142299,1.0971870042874676,1.2857142857142858,162.88407082468672,170,59.88407082468672,HIGH,-1381.2513276970758,LOW,HIGH,REORDER NOW,60
2024-11-01,SKU015,264,248,9,106,253,331818.96,512,0,0,Healthy (> Reorder Point),21.863857921842072,12.074721713969018,1.2857142857142858,28.11067447093981,512,-377.8893255290602,LOW,1.6337049378951178,HIGH,HIGH,MARKDOWN / CLEAR,40
2024-11-01,SKU016,47,5,5,57,101,94401.85,52,1,1,Critical (<= Safety Stock),81.77833745970412,0.5747243274927057,0.7142857142857143,58.413098185502946,52,63.413098185502946,HIGH,-934.3400495164494,LOW,HIGH,REORDER NOW,60
2024-11-01,SKU017,276,32,12,39,158,1850099.76,308,0,0,Healthy (> Reorder Point),83.9279095755806,3.2885365713946495,1.7142857142857142,143.87641641528103,308,-125.12358358471897,LOW,-731.1349149069672,LOW,LOW,HEALTHY,0
2024-11-01,SKU018,86,207,5,49,125,229692.24,293,1,0,Reorder Needed (<= Reorder Point),149.6531105639159,0.5746622951967975,0.7142857142857143,106.89507897422564,293,-137.10492102577436,LOW,-1709.8373267669908,LOW,LOW,REORDER SOON,0
2024-11-01,SKU019,190,47,10,46,111,618062.4,237,0,0,Healthy (> Reorder Point),95.61862243779252,1.987060628525683,1.4285714285714286,136.59803205398933,237,-54.40196794601067,LOW,-957.4234692535103,LOW,LOW,HEALTHY,0
2024-11-01,SKU020,342,717,11,167,517,1894454.28,1059,1,0,Reorder Needed (<= Reorder Point),84.59106805499508,4.0429800434444925,1.5714285714285714,132.928821229278,1059,-759.071178770722,LOW,-673.0928166599409,LOW,LOW,REORDER SOON,0
2024-11-01,SKU021,40,119,9,16,66,12282.4,159,1,0,Reorder Needed (<= Reorder Point),50.40102463578332,0.7936346589986013,1.2857142857142858,64.80131738886428,159,-78.19868261113572,LOW,-564.8122956293998,LOW,LOW,REORDER SOON,0
2024-11-01,SKU022,226,260,12,57,169,1220985.34,486,0,0,Healthy (> Reorder Point),58.31515299485604,3.8754935620238427,1.7142857142857142,99.96883370546749,486,-329.0311662945325,LOW,-473.7818359382725,LOW,LOW,HEALTHY,0
2024-11-01,SKU023,243,43,9,47,120,925003.8,286,0,0,Healthy (> Reorder Point),87.54378131244553,2.7757539868277803,1.2857142857142858,112.55629025885855,286,-126.44370974114145,LOW,-807.5253757493465,LOW,LOW,HEALTHY,0
2024-11-01,SKU024,298,208,8,69,174,397362.14,506,0,0,Healthy (> Reorder Point),76.4636135364613,3.8972785383455646,1.1428571428571428,87.3869868988129,506,-349.6130131011871,LOW,-619.5633624375355,LOW,LOW,HEALTHY,0
2024-11-01,SKU025,306,647,5,203,338,1193706.0,953,1,0,Reorder Needed (<= Reorder Point),18.585355361227894,16.464576224265603,0.7142857142857143,13.275253829448495,953,-736.7247461705515,LOW,82.97573566526529,HIGH,HIGH,REORDER SOON,40
2024-11-01,SKU026,108,3,6,15,43,667303.92,111,0,0,Healthy (> Reorder Point),133.0415205457043,0.8117766510560763,0.8571428571428571,114.0355890391751,111,18.03558903917508,HIGH,-1488.4982465484513,LOW,HIGH,REORDER NOW,60
2024-11-01,SKU027,439,385,14,108,333,2012314.54,824,0,0,Healthy (> Reorder Point),145.90675541794133,3.0087709012684867,2.0,291.81351083588265,824,-424.18648916411735,LOW,-1311.881065015296,LOW,LOW,HEALTHY,0
2024-11-01,SKU028,541,280,12,70,292,264462.44,821,0,0,Healthy (> Reorder Point),31.106388794354906,17.391925612984657,1.7142857142857142,53.325237933179835,821,-697.6747620668202,LOW,167.7233344677411,HIGH,HIGH,MARKDOWN / CLEAR,40
2024-11-01,SKU029,493,262,4,87,187,1684137.3,755,0,0,Healthy (> Reorder Point),92.13179246289059,5.35103015822224,0.5714285714285714,52.64673855022319,755,-615.3532614497768,LOW,-612.581509554687,LOW,LOW,HEALTHY,0
2024-11-01,SKU030,76,114,6,27,60,156790.28,190,0,0,Healthy (> Reorder Point),29.57372506362793,2.5698487368935043,0.8571428571428571,25.348907197395366,190,-137.65109280260464,LOW,-278.88470076353514,LOW,LOW,HEALTHY,0
2024-11-01,SKU031,170,30,13,30,112,429309.5,200,0,0,Healthy (> Reorder Point),112.061080321504,1.517029815456614,1.8571428571428572,208.11343488279314,200,38.11343488279314,HIGH,-1174.732963858048,LOW,HIGH,REORDER NOW,60
2024-11-01,SKU032,150,294,8,76,155,685050.0,444,1,0,Reorder Needed (<= Reorder Point),54.992586929301225,2.727640367106949,1.1428571428571428,62.84867077634426,444,-305.15132922365575,LOW,-509.91104315161465,LOW,LOW,REORDER SOON,0
2024-11-01,SKU033,328,24,4,62,100,1115036.0,352,0,0,Healthy (> Reorder Point),102.66265597604806,3.1949300052837595,0.5714285714285714,58.66437484345603,352,-231.33562515654398,LOW,-903.9518717125766,LOW,LOW,HEALTHY,0
2024-11-01,SKU034,166,27,14,37,107,256310.64,193,0,0,Healthy (> Reorder Point),118.43921646150007,1.4015628012361943,2.0,236.87843292300013,193,80.8784329230001,HIGH,-1255.2705975380009,LOW,HIGH,REORDER NOW,60
2024-11-01,SKU035,541,390,11,97,273,3163919.48,931,0,0,Healthy (> Reorder Point),125.03438379015351,4.326809823032086,1.5714285714285714,196.48260309881266,931,-637.5173969011873,LOW,-959.4126054818421,LOW,LOW,HEALTHY,0
2024-11-01,SKU036,82,329,10,72,222,122988.52,411,1,0,Reorder Needed (<= Reorder Point),28.401220974970112,2.887199816946824,1.4285714285714286,40.573172821385874,411,-298.42682717861413,LOW,-258.81465169964133,LOW,LOW,REORDER SOON,0
2024-11-01,SKU037,785,956,14,207,709,4432486.8,1741,0,0,Healthy (> Reorder Point),148.2476501285819,5.295193544849675,2.0,296.4953002571638,1741,-1237.5046997428362,LOW,-993.971801542983,LOW,LOW,HEALTHY,0
2024-11-01,SKU038,68,270,12,55,172,217797.88,338,1,0,Reorder Needed (<= Reorder Point),46.60615974096913,1.45903460782727,1.7142857142857142,79.89627384166137,338,-203.10372615833865,LOW,-491.2739168916296,LOW,LOW,REORDER SOON,0
2024-11-01,SKU039,63,55,5,29,52,192405.15,118,0,0,Healthy (> Reorder Point),18.63885467149666,3.3800360113511867,0.7142857142857143,13.313467622497614,118,-75.68653237750239,LOW,-160.6662560579599,LOW,LOW,HEALTHY,0
2024-11-01,SKU040,67,6,9,18,71,78024.85,73,1,0,Reorder Needed (<= Reorder Point),90.19968398617831,0.7427963939459776,1.2857142857142858,115.97102226794355,73,60.97102226794357,HIGH,-1015.3962078341397,LOW,HIGH,REORDER NOW,60
2024-11-01,SKU041,330,260,11,85,238,1872000.9,590,0,0,Healthy (> Reorder Point),64.96817258818683,5.079410222783516,1.5714285714285714,102.0928426385793,590,-402.9071573614207,LOW,-449.618071058242,LOW,LOW,HEALTHY,0
2024-11-01,SKU042,161,26,3,38,56,1249540.32,187,0,0,Healthy (> Reorder Point),136.1102257325676,1.1828648371823023,0.42857142857142855,58.33295388538612,187,-90.66704611461388,LOW,-1472.3227087908112,LOW,LOW,HEALTHY,0
2024-11-01,SKU043,104,213,11,138,336,388185.2,317,1,1,Critical (<= Safety Stock),130.258832688137,0.7984103484866523,1.5714285714285714,204.69245136707244,317,25.692451367072408,HIGH,-1459.1059922576442,LOW,HIGH,REORDER NOW,60
2024-11-01,SKU044,53,201,11,30,111,52842.59,254,1,0,Reorder Needed (<= Reorder Point),53.04250247248853,0.9991987091387595,1.5714285714285714,83.35250388533912,254,-140.6474961146609,LOW,-583.5100296698623,LOW,LOW,REORDER SOON,0
2024-11-01,SKU045,247,389,14,100,284,449125.04,636,1,0,Reorder Needed (<= Reorder Point),147.55999314681097,1.673895442338858,2.0,295.11998629362193,636,-240.88001370637807,LOW,-1523.7199177617317,LOW,LOW,REORDER SOON,0
2024-11-01,SKU046,317,52,3,88,121,1502247.15,369,0,0,Healthy (> Reorder Point),54.18980348712668,5.8498089972831595,0.42857142857142855,23.224201494482863,369,-257.7757985055172,LOW,-333.2776418455202,LOW,LOW,HEALTHY,0
2024-11-01,SKU047,44,113,7,30,65,269655.32,157,1,0,Reorder Needed (<= Reorder Point),88.06846728987554,0.49961128374330516,1.0,88.06846728987554,157,-38.93153271012446,LOW,-1012.8216074785064,LOW,LOW,REORDER SOON,0
2024-11-01,SKU048,58,89,13,19,61,208725.76,147,1,0,Reorder Needed (<= Reorder Point),52.66637908493151,1.1012718361835225,1.8571428571428572,97.80898972915853,147,-30.191010270841474,LOW,-573.9965490191781,LOW,LOW,REORDER SOON,0
2024-11-01,SKU049,307,215,5,73,190,1622897.17,522,0,0,Healthy (> Reorder Point),147.86670983735698,2.0761941639039545,0.7142857142857143,105.61907845525499,522,-343.380921544745,LOW,-1467.4005180482836,LOW,LOW,HEALTHY,0
2024-11-01,SKU050,296,364,8,103,222,1027862.96,660,0,0,Healthy (> Reorder Point),35.23463894720143,8.400823985838239,1.1428571428571428,40.268158796801636,660,-516.7318412031984,LOW,-126.81566736641719,LOW,LOW,HEALTHY,0
2024-12-01,SKU001,790,15,13,156,549,2884534.9,805,0,0,Healthy (> Reorder Point),84.35095557248381,9.36563189638253,1.8571428571428572,156.6517746346128,805,-492.3482253653872,LOW,-222.2114668698057,LOW,LOW,HEALTHY,0
2024-12-01,SKU002,459,109,4,91,159,2595461.4,568,0,0,Healthy (> Reorder Point),60.610605206310034,7.572932136836913,0.5714285714285714,34.63463154646288,568,-442.36536845353714,LOW,-268.32726247572043,LOW,LOW,HEALTHY,0
2024-12-01,SKU003,146,24,5,53,109,897729.18,170,0,0,Healthy (> Reorder Point),34.20813909588409,4.267990129213625,0.7142857142857143,24.434385068488638,170,-92.56561493151136,LOW,-264.4976691506091,LOW,LOW,HEALTHY,0
2024-12-01,SKU004,460,201,9,120,272,571724.8,661,0,0,Healthy (> Reorder Point),27.974245966626015,16.443696124956922,1.2857142857142858,35.966887671376305,661,-505.0331123286237,LOW,124.30904840048782,HIGH,HIGH,MARKDOWN / CLEAR,40
2024-12-01,SKU005,181,375,7,86,222,1345269.83,556,1,0,Reorder Needed (<= Reorder Point),101.36967098364632,1.7855439229865926,1.0,101.36967098364632,556,-368.6303290163537,LOW,-1035.4360518037558,LOW,LOW,REORDER SOON,0
2024-12-01,SKU006,329,75,4,94,162,2180085.6,404,0,0,Healthy (> Reorder Point),37.22048017150538,8.839219657673041,0.5714285714285714,21.268845812288788,404,-288.73115418771124,LOW,-117.64576205806452,LOW,LOW,HEALTHY,0
2024-12-01,SKU007,454,91,3,136,189,2064805.62,545,0,0,Healthy (> Reorder Point),148.4626504518179,3.0580081833264945,0.42857142857142855,63.62685019363624,545,-345.37314980636376,LOW,-1327.5518054218146,LOW,LOW,HEALTHY,0
2024-12-01,SKU008,417,445,8,86,271,2778946.38,862,0,0,Healthy (> Reorder Point),97.15146048182743,4.292266919425278,1.1428571428571428,111.03024055065991,862,-664.96975944934,LOW,-748.8175257819291,LOW,LOW,HEALTHY,0
2024-12-01,SKU009,309,122,13,28,147,926252.22,431,0,0,Healthy (> Reorder Point),61.66929685639556,5.010597100199536,1.8571428571428572,114.52869416187748,431,-288.47130583812253,LOW,-431.03156227674674,LOW,LOW,HEALTHY,0
2024-12-01,SKU010,27,22,5,21,39,193635.63,49,1,0,Reorder Needed (<= Reorder Point),99.10270304793268,0.2724446374277097,0.7142857142857143,70.78764503423763,49,42.78764503423763,HIGH,-1162.2324365751922,LOW,HIGH,REORDER NOW,60
2024-12-01,SKU011,421,675,14,121,445,1628044.89,1096,1,0,Reorder Needed (<= Reorder Point),18.21293984749243,23.11543350635749,2.0,36.42587969498486,1096,-938.5741203050152,LOW,202.44472183009086,HIGH,HIGH,REORDER SOON,40
2024-12-01,SKU012,70,1,13,24,63,101201.8,71,0,0,Healthy (> Reorder Point),152.60360509957462,0.45870475965705165,1.8571428571428572,283.40669518492433,71,236.40669518492433,HIGH,-1761.2432611948955,LOW,HIGH,REORDER NOW,60
2024-12-01,SKU013,249,200,5,68,112,1929301.8,449,0,0,Healthy (> Reorder Point),82.29389569333014,3.025740826851891,0.7142857142857143,58.78135406666439,449,-322.2186459333356,LOW,-738.5267483199617,LOW,LOW,HEALTHY,0
2024-12-01,SKU014,419,507,13,115,337,1307724.14,926,0,0,Healthy (> Reorder Point),126.68761064142299,3.307347876233446,1.8571428571428572,235.27699119121414,926,-575.7230088087858,LOW,-1101.2513276970758,LOW,LOW,HEALTHY,0
2024-12-01,SKU015,587,380,7,121,245,737794.43,967,0,0,Healthy (> Reorder Point),21.863857921842072,26.847960780681113,1.0,21.863857921842072,967,-824.136142078158,LOW,324.6337049378951,HIGH,HIGH,MARKDOWN / CLEAR,40
2024-12-01,SKU016,320,181,10,64,170,642736.0,501,0,0,Healthy (> Reorder Point),81.77833745970412,3.9130166978226777,1.4285714285714286,116.82619637100589,501,-320.1738036289941,LOW,-661.3400495164494,LOW,LOW,HEALTHY,0
2024-12-01,SKU017,142,186,7,65,142,951862.92,328,1,0,Reorder Needed (<= Reorder Point),83.9279095755806,1.6919282360073922,1.0,83.9279095755806,328,-179.0720904244194,LOW,-865.1349149069672,LOW,LOW,REORDER SOON,0
2024-12-01,SKU018,543,153,4,81,143,1450266.12,696,0,0,Healthy (> Reorder Point),149.6531105639159,3.6283910033937326,0.5714285714285714,85.51606317938051,696,-529.4839368206194,LOW,-1252.8373267669908,LOW,LOW,HEALTHY,0
2024-12-01,SKU019,152,0,9,36,96,494449.92,152,0,0,Healthy (> Reorder Point),95.61862243779252,1.5896485028205465,1.2857142857142858,122.9382288485904,152,6.9382288485903985,HIGH,-995.4234692535103,LOW,HIGH,REORDER NOW,60
2024-12-01,SKU020,881,266,6,184,378,4880158.54,1147,0,0,Healthy (> Reorder Point),84.59106805499508,10.414811164545608,0.8571428571428571,72.50662976142435,1147,-890.4933702385756,LOW,-134.09281665994092,LOW,LOW,HEALTHY,0
2024-12-01,SKU021,151,101,5,28,58,46366.06,252,0,0,Healthy (> Reorder Point),50.40102463578332,2.99597083771972,0.7142857142857143,36.000731882702375,252,-187.99926811729762,LOW,-453.81229562939984,LOW,LOW,HEALTHY,0
2024-12-01,SKU022,224,291,14,60,206,1210180.16,515,0,0,Healthy (> Reorder Point),58.31515299485604,3.841197158820092,2.0,116.63030598971208,515,-338.3696940102879,LOW,-475.7818359382725,LOW,LOW,HEALTHY,0
2024-12-01,SKU023,166,243,14,26,145,631895.6,409,0,0,Healthy (> Reorder Point),87.54378131244553,1.896194081536673,2.0,175.08756262489106,409,-207.91243737510894,LOW,-884.5253757493465,LOW,LOW,HEALTHY,0
2024-12-01,SKU024,263,44,5,48,112,350692.09,307,0,0,Healthy (> Reorder Point),76.4636135364613,3.439544481828468,0.7142857142857143,54.61686681175807,307,-204.3831331882419,LOW,-654.5633624375355,LOW,LOW,HEALTHY,0
2024-12-01,SKU025,317,628,3,235,329,1236617.0,945,1,0,Reorder Needed (<= Reorder Point),18.585355361227894,17.056440075464693,0.42857142857142855,7.965152297669097,945,-702.0348477023309,LOW,93.97573566526529,HIGH,HIGH,REORDER SOON,40
2024-12-01,SKU026,126,100,14,33,109,778521.24,226,0,0,Healthy (> Reorder Point),133.0415205457043,0.9470727595654224,2.0,266.0830410914086,226,73.08304109140857,HIGH,-1470.4982465484513,LOW,HIGH,REORDER NOW,60
2024-12-01,SKU027,460,43,3,61,111,2108575.6,503,0,0,Healthy (> Reorder Point),145.90675541794133,3.152698438686797,0.42857142857142855,62.53146660768914,503,-379.46853339231086,LOW,-1290.881065015296,LOW,LOW,HEALTHY,0
2024-12-01,SKU028,390,122,6,61,177,190647.6,512,0,0,Healthy (> Reorder Point),31.106388794354906,12.537617355016666,0.8571428571428571,26.662618966589918,512,-424.3373810334101,LOW,16.723334467741097,HIGH,HIGH,MARKDOWN / CLEAR,40
2024-12-01,SKU029,516,565,7,113,296,1762707.6,1081,0,0,Healthy (> Reorder Point),92.13179246289059,5.600672538828957,1.0,92.13179246289059,1081,-875.8682075371094,LOW,-589.581509554687,LOW,LOW,HEALTHY,0
2024-12-01,SKU030,183,76,8,21,75,377534.49,259,0,0,Healthy (> Reorder Point),29.57372506362793,6.187925248046201,1.1428571428571428,33.79854292986049,259,-204.2014570701395,LOW,-171.88470076353514,LOW,LOW,HEALTHY,0
2024-12-01,SKU031,158,3,4,27,51,399005.3,161,0,0,Healthy (> Reorder Point),112.061080321504,1.4099453578949706,0.5714285714285714,64.03490304085942,161,-69.96509695914058,LOW,-1186.732963858048,LOW,LOW,HEALTHY,0
2024-12-01,SKU032,64,91,8,49,132,292288.0,155,1,0,Reorder Needed (<= Reorder Point),54.992586929301225,1.163793223298965,1.1428571428571428,62.84867077634426,155,-43.15132922365575,LOW,-595.9110431516146,LOW,LOW,REORDER SOON,0
2024-12-01,SKU033,82,239,9,40,137,278759.0,321,1,0,Reorder Needed (<= Reorder Point),102.66265597604806,0.7987325013209399,1.2857142857142858,131.9948433977761,321,-149.0051566022239,LOW,-1149.9518717125766,LOW,LOW,REORDER SOON,0
2024-12-01,SKU034,33,28,11,30,83,50953.32,61,1,0,Reorder Needed (<= Reorder Point),118.43921646150007,0.2786239303662314,1.5714285714285714,186.11876872521438,61,155.11876872521438,HIGH,-1388.2705975380009,LOW,HIGH,REORDER NOW,60
2024-12-01,SKU035,486,93,12,98,333,2842264.08,579,0,0,Healthy (> Reorder Point),125.03438379015351,3.8869308206905613,1.7142857142857142,214.34465792597743,579,-266.65534207402254,LOW,-1014.4126054818421,LOW,LOW,HEALTHY,0
2024-12-01,SKU036,466,326,13,136,368,698934.76,792,0,0,Healthy (> Reorder Point),28.401220974970112,16.40774530118561,1.8571428571428572,52.74512466780164,792,-603.2548753321984,LOW,125.18534830035867,HIGH,HIGH,MARKDOWN / CLEAR,40
2024-12-01,SKU037,986,887,12,204,712,5567429.28,1873,0,0,Healthy (> Reorder Point),148.2476501285819,6.651032911110547,1.7142857142857142,254.13882879185468,1873,-1414.8611712081454,LOW,-792.971801542983,LOW,LOW,HEALTHY,0
2024-12-01,SKU038,214,98,6,49,104,685422.74,312,0,0,Healthy (> Reorder Point),46.60615974096913,4.591667736397585,0.8571428571428571,39.948136920830684,312,-223.05186307916932,LOW,-345.2739168916296,LOW,LOW,HEALTHY,0
2024-12-01,SKU039,104,20,4,16,35,317621.2,124,0,0,Healthy (> Reorder Point),18.63885467149666,5.579741986992435,0.5714285714285714,10.65077409799809,124,-97.3492259020019,LOW,-119.66625605795991,LOW,LOW,HEALTHY,0
2024-12-01,SKU040,53,78,7,40,77,61721.15,131,1,0,Reorder Needed (<= Reorder Point),90.19968398617831,0.5875852071512958,1.0,90.19968398617831,131,-0.8003160138216856,LOW,-1029.3962078341397,LOW,LOW,REORDER SOON,0
2024-12-01,SKU041,222,206,13,96,286,1259346.06,428,1,0,Reorder Needed (<= Reorder Point),64.96817258818683,3.4170577862361835,1.8571428571428572,120.65517766377555,428,-211.34482233622447,LOW,-557.618071058242,LOW,LOW,REORDER SOON,0
2024-12-01,SKU042,95,68,11,46,117,737306.4,163,1,0,Reorder Needed (<= Reorder Point),136.1102257325676,0.6979637238032218,1.5714285714285714,213.8874975797491,163,96.8874975797491,HIGH,-1538.3227087908112,LOW,HIGH,REORDER NOW,60
2024-12-01,SKU043,338,353,4,107,193,1261601.9,691,0,0,Healthy (> Reorder Point),130.258832688137,2.59483363258162,0.5714285714285714,74.43361867893543,691,-509.56638132106457,LOW,-1225.1059922576442,LOW,LOW,HEALTHY,0
2024-12-01,SKU044,129,102,10,35,118,128616.87,231,0,0,Healthy (> Reorder Point),53.04250247248853,2.432011952432075,1.4285714285714286,75.77500353212648,231,-120.22499646787352,LOW,-507.5100296698623,LOW,LOW,HEALTHY,0
2024-12-01,SKU045,391,164,9,48,167,710963.12,555,0,0,Healthy (> Reorder Point),147.55999314681097,2.6497697083177876,1.2857142857142858,189.71999118875698,555,-317.280008811243,LOW,-1379.7199177617317,LOW,LOW,HEALTHY,0
2024-12-01,SKU046,156,140,4,65,112,739276.2,296,0,0,Healthy (> Reorder Point),54.18980348712668,2.878770358284457,0.5714285714285714,30.965601992643816,296,-200.03439800735617,LOW,-494.2776418455202,LOW,LOW,HEALTHY,0
2024-12-01,SKU047,98,30,7,42,83,600595.94,128,0,0,Healthy (> Reorder Point),88.06846728987554,1.1127705865191797,1.0,88.06846728987554,128,2.0684672898755423,HIGH,-958.8216074785064,LOW,HIGH,REORDER NOW,60
2024-12-01,SKU048,43,40,8,20,49,154744.96,83,1,0,Reorder Needed (<= Reorder Point),52.66637908493151,0.816460154411922,1.1428571428571428,60.190147525636014,83,-2.8098524743639928,LOW,-588.9965490191781,LOW,LOW,REORDER SOON,0
2024-12-01,SKU049,180,456,12,131,461,951535.8,636,1,0,Reorder Needed (<= Reorder Point),147.86670983735698,1.2173125390967812,1.7142857142857142,253.48578829261194,636,-251.51421170738809,LOW,-1594.4005180482836,LOW,LOW,REORDER SOON,0
2024-12-01,SKU050,160,268,8,56,183,555601.6,428,1,0,Reorder Needed (<= Reorder Point),35.23463894720143,4.54098593829094,1.1428571428571428,40.268158796801636,428,-331.73184120319837,LOW,-262.8156673664172,LOW,LOW,REORDER SOON,0
2025-01-01,SKU001,558,184,9,144,414,2037430.98,742,0,0,Healthy (> Reorder Point),84.35095557248381,6.615218478710697,1.2857142857142858,108.45122859319348,742,-489.5487714068065,LOW,-454.2114668698057,LOW,LOW,HEALTHY,0
2025-01-01,SKU002,168,413,10,55,229,949972.8,581,1,0,Reorder Needed (<= Reorder Point),60.610605206310034,2.7717921546592623,1.4285714285714286,86.5865788661572,581,-439.4134211338428,LOW,-559.3272624757204,LOW,LOW,REORDER SOON,0
2025-01-01,SKU003,389,199,7,61,139,2391894.87,588,0,0,Healthy (> Reorder Point),34.20813909588409,11.371562741534932,1.0,34.20813909588409,588,-492.7918609041159,LOW,-21.497669150609113,LOW,LOW,HEALTHY,0
2025-01-01,SKU004,382,252,12,109,309,474780.16,634,0,0,Healthy (> Reorder Point),27.974245966626015,13.655417216812053,1.7142857142857142,47.95585022850174,634,-477.04414977149827,LOW,46.309048400487825,HIGH,HIGH,MARKDOWN / CLEAR,40
2025-01-01,SKU005,154,198,10,107,306,1144594.22,352,1,0,Reorder Needed (<= Reorder Point),101.36967098364632,1.5191920670714654,1.4285714285714286,144.81381569092332,352,-100.18618430907668,LOW,-1062.4360518037558,LOW,LOW,REORDER SOON,0
2025-01-01,SKU006,336,515,11,96,262,2226470.4,851,0,0,Healthy (> Reorder Point),37.22048017150538,9.027288161027787,1.5714285714285714,58.48932598379417,851,-696.5106740162058,LOW,-110.64576205806452,LOW,LOW,HEALTHY,0
2025-01-01,SKU007,504,223,3,70,122,2292207.12,727,0,0,Healthy (> Reorder Point),148.4626504518179,3.3947932255430686,0.42857142857142855,63.62685019363624,727,-593.3731498063637,LOW,-1277.5518054218146,LOW,LOW,HEALTHY,0
2025-01-01,SKU008,706,294,10,167,393,4704882.84,1000,0,0,Healthy (> Reorder Point),97.15146048182743,7.267003465501789,1.4285714285714286,138.7878006883249,1000,-694.2121993116751,LOW,-459.81752578192913,LOW,LOW,HEALTHY,0
2025-01-01,SKU009,259,163,4,69,108,776373.22,422,0,0,Healthy (> Reorder Point),61.66929685639556,4.199820870393786,0.5714285714285714,35.2395982036546,422,-317.7604017963454,LOW,-481.03156227674674,LOW,LOW,HEALTHY,0
2025-01-01,SKU010,37,0,12,18,59,265352.53,37,1,0,Reorder Needed (<= Reorder Point),99.10270304793268,0.3733500586972318,1.7142857142857142,169.8903480821703,37,150.8903480821703,HIGH,-1152.2324365751922,LOW,HIGH,REORDER NOW,60
2025-01-01,SKU011,437,659,14,107,426,1689918.33,1096,0,0,Healthy (> Reorder Point),18.21293984749243,23.993929791634738,2.0,36.42587969498486,1096,-952.5741203050152,LOW,218.44472183009086,HIGH,HIGH,MARKDOWN / CLEAR,40
2025-01-01,SKU012,60,18,4,15,27,86744.4,78,0,0,Healthy (> Reorder Point),152.60360509957462,0.39317550827747283,0.5714285714285714,87.20206005689978,78,24.202060056899782,HIGH,-1771.2432611948955,LOW,HIGH,REORDER NOW,60
2025-01-01,SKU013,50,224,12,48,150,387410.0,274,1,0,Reorder Needed (<= Reorder Point),82.29389569333014,0.6075784792875283,1.7142857142857142,141.07524975999453,274,-84.92475024000547,LOW,-937.5267483199617,LOW,LOW,REORDER SOON,0
2025-01-01,SKU014,99,209,3,126,174,308984.94,308,1,1,Critical (<= Safety Stock),126.68761064142299,0.7814497368666137,0.42857142857142855,54.294690274895565,308,-127.70530972510443,LOW,-1421.2513276970758,LOW,LOW,REORDER SOON,0
2025-01-01,SKU015,186,92,3,85,135,233781.54,278,0,0,Healthy (> Reorder Point),21.863857921842072,8.507190298478172,0.42857142857142855,9.370224823646602,278,-183.6297751763534,LOW,-76.36629506210488,LOW,LOW,HEALTHY,0
2025-01-01,SKU016,73,171,4,64,105,146624.15,244,1,0,Reorder Needed (<= Reorder Point),81.77833745970412,0.8926569341907984,0.5714285714285714,46.73047854840235,244,-133.26952145159765,LOW,-908.3400495164494,LOW,LOW,REORDER SOON,0
2025-01-01,SKU017,212,82,8,76,162,1421091.12,294,0,0,Healthy (> Reorder Point),83.9279095755806,2.525977366433571,1.1428571428571428,95.91761094352069,294,-122.08238905647931,LOW,-795.1349149069672,LOW,LOW,HEALTHY,0
2025-01-01,SKU018,150,272,4,79,141,400626.0,422,0,0,Healthy (> Reorder Point),149.6531105639159,1.0023179567386,0.5714285714285714,85.51606317938051,422,-257.4839368206195,LOW,-1645.8373267669908,LOW,LOW,HEALTHY,0
2025-01-01,SKU019,127,90,5,21,56,413125.92,217,0,0,Healthy (> Reorder Point),95.61862243779252,1.3281931569619039,0.7142857142857143,68.29901602699466,217,-127.70098397300534,LOW,-1020.4234692535103,LOW,LOW,HEALTHY,0
2025-01-01,SKU020,785,165,11,167,538,4348381.9,950,0,0,Healthy (> Reorder Point),84.59106805499508,9.279939573403293,1.5714285714285714,132.928821229278,950,-650.071178770722,LOW,-230.09281665994092,LOW,LOW,HEALTHY,0
2025-01-01,SKU021,116,112,9,47,104,35618.96,228,0,0,Healthy (> Reorder Point),50.40102463578332,2.301540511095944,1.2857142857142858,64.80131738886428,228,-116.19868261113572,LOW,-488.81229562939984,LOW,LOW,HEALTHY,0
2025-01-01,SKU022,342,293,11,67,193,1847685.78,635,0,0,Healthy (> Reorder Point),58.31515299485604,5.86468494784139,1.5714285714285714,91.63809756334521,635,-476.36190243665476,LOW,-357.7818359382725,LOW,LOW,HEALTHY,0
2025-01-01,SKU023,126,315,13,49,176,479631.6,441,1,0,Reorder Needed (<= Reorder Point),87.54378131244553,1.4392798450218118,1.8571428571428572,162.58130815168457,441,-229.41869184831543,LOW,-924.5253757493465,LOW,LOW,REORDER SOON,0
2025-01-01,SKU024,381,33,3,48,90,508036.83,414,0,0,Healthy (> Reorder Point),76.4636135364613,4.982762158086108,0.42857142857142855,32.77012008705484,414,-333.2298799129452,LOW,-536.5633624375355,LOW,LOW,HEALTHY,0
2025-01-01,SKU025,968,203,4,162,295,3776168.0,1171,0,0,Healthy (> Reorder Point),18.585355361227894,52.08401890551994,0.5714285714285714,10.620203063558796,1171,-998.3797969364412,LOW,744.9757356652653,HIGH,HIGH,MARKDOWN / CLEAR,40
2025-01-01,SKU026,201,108,14,42,128,1241926.74,309,0,0,Healthy (> Reorder Point),133.0415205457043,1.510806545021031,2.0,266.0830410914086,309,-0.9169589085914254,LOW,-1395.4982465484513,LOW,LOW,HEALTHY,0
2025-01-01,SKU027,99,310,13,54,272,453802.14,409,1,0,Reorder Needed (<= Reorder Point),145.90675541794133,0.6785155335434628,1.8571428571428572,270.9696886333196,409,-84.0303113666804,LOW,-1651.881065015296,LOW,LOW,REORDER SOON,0
2025-01-01,SKU028,323,232,10,128,313,157895.32,555,0,0,Healthy (> Reorder Point),31.106388794354906,10.383718988898417,1.4285714285714286,44.437698277649865,555,-382.5623017223501,LOW,-50.2766655322589,LOW,LOW,HEALTHY,0
2025-01-01,SKU029,673,161,3,83,160,2299035.3,834,0,0,Healthy (> Reorder Point),92.13179246289059,7.304753136883504,0.42857142857142855,39.48505391266739,834,-711.5149460873326,LOW,-432.58150955468705,LOW,LOW,HEALTHY,0
2025-01-01,SKU030,179,46,6,23,60,369282.37,225,0,0,Healthy (> Reorder Point),29.57372506362793,6.0526700513675955,0.8571428571428571,25.348907197395366,225,-176.65109280260464,LOW,-175.88470076353514,LOW,LOW,HEALTHY,0
2025-01-01,SKU031,98,64,7,24,68,247484.3,162,0,0,Healthy (> Reorder Point),112.061080321504,0.8745230700867539,1.0,112.061080321504,162,-25.938919678496006,LOW,-1246.732963858048,LOW,LOW,HEALTHY,0
2025-01-01,SKU032,170,9,6,37,104,776390.0,179,0,0,Healthy (> Reorder Point),54.992586929301225,3.0913257493878756,0.8571428571428571,47.13650308225819,179,-94.86349691774181,LOW,-489.91104315161465,LOW,LOW,HEALTHY,0
2025-01-01,SKU033,316,175,12,67,195,1074242.0,491,0,0,Healthy (> Reorder Point),102.66265597604806,3.078042322163622,1.7142857142857142,175.99312453036808,491,-248.00687546963192,LOW,-915.9518717125766,LOW,LOW,HEALTHY,0
2025-01-01,SKU034,41,88,12,35,103,63305.64,129,1,0,Reorder Needed (<= Reorder Point),118.43921646150007,0.3461691256065299,1.7142857142857142,203.03865679114296,129,109.03865679114296,HIGH,-1380.2705975380009,LOW,HIGH,REORDER NOW,60
2025-01-01,SKU035,599,155,10,117,312,3503119.72,754,0,0,Healthy (> Reorder Point),125.03438379015351,4.79068222550133,1.4285714285714286,178.6205482716479,754,-458.37945172835214,LOW,-901.4126054818421,LOW,LOW,HEALTHY,0
2025-01-01,SKU036,216,140,14,94,348,323969.76,356,1,0,Reorder Needed (<= Reorder Point),28.401220974970112,7.605306834884316,2.0,56.802441949940224,356,-205.19755805005977,LOW,-124.81465169964133,LOW,LOW,REORDER SOON,0
2025-01-01,SKU037,906,889,11,211,655,5115710.88,1795,0,0,Healthy (> Reorder Point),148.2476501285819,6.111395352399752,1.5714285714285714,232.96059305920014,1795,-1351.0394069407998,LOW,-872.971801542983,LOW,LOW,HEALTHY,0
2025-01-01,SKU038,263,300,13,61,187,842365.33,563,0,0,Healthy (> Reorder Point),46.60615974096913,5.6430309096848825,1.8571428571428572,86.55429666179982,563,-415.4457033382002,LOW,-296.2739168916296,LOW,LOW,HEALTHY,0
2025-01-01,SKU039,45,5,11,28,92,137432.25,50,1,0,Reorder Needed (<= Reorder Point),18.63885467149666,2.414311436679419,1.5714285714285714,29.28962876949475,50,7.289628769494755,HIGH,-178.6662560579599,LOW,HIGH,REORDER NOW,60
2025-01-01,SKU040,84,25,10,31,99,97822.2,109,1,0,Reorder Needed (<= Reorder Point),90.19968398617831,0.9312671207680914,1.4285714285714286,128.85669140882618,109,50.85669140882618,HIGH,-998.3962078341397,LOW,HIGH,REORDER NOW,60
2025-01-01,SKU041,329,151,6,82,167,1866328.17,480,0,0,Healthy (> Reorder Point),64.96817258818683,5.064018070593263,0.8571428571428571,55.68700507558871,480,-342.3129949244113,LOW,-450.618071058242,LOW,LOW,HEALTHY,0
2025-01-01,SKU042,65,24,12,29,101,504472.8,89,1,0,Reorder Needed (<= Reorder Point),136.1102257325676,0.47755412681273074,1.7142857142857142,233.33181554154447,89,173.33181554154447,HIGH,-1568.3227087908112,LOW,HIGH,REORDER NOW,60
2025-01-01,SKU043,425,218,11,114,325,1586333.75,643,0,0,Healthy (> Reorder Point),130.258832688137,3.262734597181031,1.5714285714285714,204.69245136707244,643,-324.3075486329276,LOW,-1138.1059922576442,LOW,LOW,HEALTHY,0
2025-01-01,SKU044,193,49,6,36,80,192426.79,242,0,0,Healthy (> Reorder Point),53.04250247248853,3.638591525731709,0.8571428571428571,45.46500211927588,242,-160.53499788072412,LOW,-443.5100296698623,LOW,LOW,HEALTHY,0
2025-01-01,SKU045,125,339,6,101,188,227290.0,464,1,0,Reorder Needed (<= Reorder Point),147.55999314681097,0.8471130781067095,0.8571428571428571,126.47999412583796,464,-236.52000587416205,LOW,-1645.7199177617317,LOW,LOW,REORDER SOON,0
2025-01-01,SKU046,110,46,11,45,175,521284.5,156,1,0,Reorder Needed (<= Reorder Point),54.18980348712668,2.0299021757133993,1.5714285714285714,85.1554054797705,156,-25.84459452022952,LOW,-540.2776418455202,LOW,LOW,REORDER SOON,0
2025-01-01,SKU047,191,38,8,31,75,1170549.23,229,0,0,Healthy (> Reorder Point),88.06846728987554,2.168767163522075,1.1428571428571428,100.6496769027149,229,-97.3503230972851,LOW,-865.8216074785064,LOW,LOW,HEALTHY,0
2025-01-01,SKU048,94,55,6,27,50,338279.68,149,0,0,Healthy (> Reorder Point),52.66637908493151,1.7848198724353643,0.8571428571428571,45.14261064422701,149,-76.857389355773,LOW,-537.9965490191781,LOW,LOW,HEALTHY,0
2025-01-01,SKU049,408,532,13,90,467,2156814.48,940,1,0,Reorder Needed (<= Reorder Point),147.86670983735698,2.759241755286037,1.8571428571428572,274.60960398366296,940,-575.390396016337,LOW,-1366.4005180482836,LOW,LOW,REORDER SOON,0
2025-01-01,SKU050,500,101,11,51,230,1736255.0,601,0,0,Healthy (> Reorder Point),35.23463894720143,14.190581057159187,1.5714285714285714,55.36871834560225,601,-494.63128165439775,LOW,77.18433263358281,HIGH,HIGH,MARKDOWN / CLEAR,40
2025-02-01,SKU001,686,690,9,151,438,2504798.66,1376,0,0,Healthy (> Reorder Point),84.35095557248381,8.13268795052964,1.2857142857142858,108.45122859319348,1376,-1116.5487714068065,LOW,-326.2114668698057,LOW,LOW,HEALTHY,0
2025-02-01,SKU002,455,542,11,153,368,2572843.0,997,0,0,Healthy (> Reorder Point),60.610605206310034,7.506937085535503,1.5714285714285714,95.24523675277291,997,-748.7547632472271,LOW,-272.32726247572043,LOW,LOW,HEALTHY,0
2025-02-01,SKU003,392,283,14,71,230,2410341.36,675,0,0,Healthy (> Reorder Point),34.20813909588409,11.45926116884754,2.0,68.41627819176819,675,-535.5837218082318,LOW,-18.497669150609113,LOW,LOW,HEALTHY,0
2025-02-01,SKU004,259,141,9,113,268,321905.92,400,1,0,Reorder Needed (<= Reorder Point),27.974245966626015,9.258515861660527,1.2857142857142858,35.966887671376305,400,-251.0331123286237,LOW,-76.69095159951218,LOW,LOW,REORDER SOON,0
2025-02-01,SKU005,263,463,8,94,256,1954729.09,726,0,0,Healthy (> Reorder Point),101.36967098364632,2.594464374284386,1.1428571428571428,115.85105255273864,726,-516.1489474472614,LOW,-953.4360518037558,LOW,LOW,HEALTHY,0
2025-02-01,SKU006,293,365,11,85,275,1941535.2,658,0,0,Healthy (> Reorder Point),37.22048017150538,7.872010211848636,1.5714285714285714,58.48932598379417,658,-514.5106740162058,LOW,-153.64576205806452,LOW,LOW,HEALTHY,0
2025-02-01,SKU007,320,5,9,70,227,1455369.6,325,0,0,Healthy (> Reorder Point),148.4626504518179,2.1554242701860753,1.2857142857142858,190.88055058090873,325,-64.11944941909127,LOW,-1461.5518054218146,LOW,LOW,HEALTHY,0
2025-02-01,SKU008,450,314,14,80,447,2998863.0,764,0,0,Healthy (> Reorder Point),97.15146048182743,4.631942718804257,2.0,194.30292096365486,764,-489.69707903634514,LOW,-715.8175257819291,LOW,LOW,HEALTHY,0
2025-02-01,SKU009,321,105,4,37,81,962223.18,426,0,0,Healthy (> Reorder Point),61.66929685639556,5.2051833953529165,0.5714285714285714,35.2395982036546,426,-353.7604017963454,LOW,-419.03156227674674,LOW,LOW,HEALTHY,0
2025-02-01,SKU010,115,62,9,22,52,824744.35,177,0,0,Healthy (> Reorder Point),99.10270304793268,1.1604123445995043,1.2857142857142858,127.41776106162774,177,-27.582238938372257,LOW,-1074.2324365751922,LOW,LOW,HEALTHY,0
2025-02-01,SKU011,715,562,12,132,423,2764969.35,1277,0,0,Healthy (> Reorder Point),18.21293984749243,39.25780274832686,1.7142857142857142,31.222182595701305,1277,-1113.7778174042987,LOW,496.4447218300909,HIGH,HIGH,MARKDOWN / CLEAR,40
2025-02-01,SKU012,76,12,3,11,20,109876.24,88,0,0,Healthy (> Reorder Point),152.60360509957462,0.49802231048479895,0.42857142857142855,65.40154504267484,88,-11.59845495732516,LOW,-1755.2432611948955,LOW,LOW,HEALTHY,0
2025-02-01,SKU013,115,167,9,43,123,891043.0,282,1,0,Reorder Needed (<= Reorder Point),82.29389569333014,1.397430502361315,1.2857142857142858,105.80643731999591,282,-133.1935626800041,LOW,-872.5267483199617,LOW,LOW,REORDER SOON,0
2025-02-01,SKU014,183,26,14,94,358,571153.98,209,1,0,Reorder Needed (<= Reorder Point),126.68761064142299,1.444497998450407,2.0,253.37522128284598,209,138.37522128284598,HIGH,-1337.2513276970758,LOW,HIGH,REORDER NOW,60
2025-02-01,SKU015,190,638,14,67,339,238809.1,828,1,0,Reorder Needed (<= Reorder Point),21.863857921842072,8.690140627477703,2.0,43.727715843684145,828,-717.2722841563159,LOW,-72.36629506210488,LOW,LOW,REORDER SOON,0
2025-02-01,SKU016,341,270,11,80,192,684915.55,611,0,0,Healthy (> Reorder Point),81.77833745970412,4.169808418617291,1.5714285714285714,128.50881600810646,611,-402.49118399189354,LOW,-640.3400495164494,LOW,LOW,HEALTHY,0
2025-02-01,SKU017,291,111,8,48,143,1950648.66,402,0,0,Healthy (> Reorder Point),83.9279095755806,3.467261385057402,1.1428571428571428,95.91761094352069,402,-258.0823890564793,LOW,-716.1349149069672,LOW,LOW,HEALTHY,0
2025-02-01,SKU018,196,276,9,123,279,523484.64,472,1,0,Reorder Needed (<= Reorder Point),149.6531105639159,1.3096954634717708,1.2857142857142858,192.41114215360616,472,-156.5888578463938,LOW,-1599.8373267669908,LOW,LOW,REORDER SOON,0
2025-02-01,SKU019,218,131,14,39,152,709145.28,349,0,0,Healthy (> Reorder Point),95.61862243779252,2.279890615887363,2.0,191.23724487558505,349,-118.76275512441495,LOW,-929.4234692535103,LOW,LOW,HEALTHY,0
2025-02-01,SKU020,491,30,5,283,475,2719815.94,521,0,0,Healthy (> Reorder Point),84.59106805499508,5.804395325529958,0.7142857142857143,60.42219146785363,521,-177.57780853214638,LOW,-524.0928166599409,LOW,LOW,HEALTHY,0
2025-02-01,SKU021,100,89,3,40,57,30706.0,189,0,0,Healthy (> Reorder Point),50.40102463578332,1.9840866474965033,0.42857142857142855,21.600439129621424,189,-127.39956087037858,LOW,-504.81229562939984,LOW,LOW,HEALTHY,0
2025-02-01,SKU022,123,231,7,69,155,664518.57,354,1,0,Reorder Needed (<= Reorder Point),58.31515299485604,2.1092287970306756,1.0,58.31515299485604,354,-226.68484700514395,LOW,-576.7818359382725,LOW,LOW,REORDER SOON,0
2025-02-01,SKU023,145,20,7,42,109,551957.0,165,0,0,Healthy (> Reorder Point),87.54378131244553,1.656314107366371,1.0,87.54378131244553,165,-35.45621868755447,LOW,-905.5253757493465,LOW,LOW,HEALTHY,0
2025-02-01,SKU024,241,148,10,70,220,321356.63,389,0,0,Healthy (> Reorder Point),76.4636135364613,3.1518259320177218,1.4285714285714286,109.23373362351614,389,-209.76626637648386,LOW,-676.5633624375355,LOW,LOW,HEALTHY,0
2025-02-01,SKU025,448,67,3,196,303,1747648.0,515,0,0,Healthy (> Reorder Point),18.585355361227894,24.105000485199312,0.42857142857142855,7.965152297669097,515,-311.0348477023309,LOW,224.9757356652653,HIGH,HIGH,MARKDOWN / CLEAR,40
2025-02-01,SKU026,29,162,11,42,104,179183.46,191,1,1,Critical (<= Safety Stock),133.0415205457043,0.21797706370950198,1.5714285714285714,209.065246571821,191,60.06524657182101,HIGH,-1567.4982465484513,LOW,HIGH,REORDER NOW,60
2025-02-01,SKU027,205,215,6,104,211,939691.3,420,1,0,Reorder Needed (<= Reorder Point),145.90675541794133,1.4050069128930291,0.8571428571428571,125.06293321537828,420,-190.93706678462172,LOW,-1545.881065015296,LOW,LOW,REORDER SOON,0
2025-02-01,SKU028,583,312,11,146,372,284993.72,895,0,0,Healthy (> Reorder Point),31.106388794354906,18.74213055890953,1.5714285714285714,48.881468105414854,895,-700.1185318945852,LOW,209.7233344677411,HIGH,HIGH,MARKDOWN / CLEAR,40
2025-02-01,SKU029,651,305,6,173,349,2223881.1,956,0,0,Healthy (> Reorder Point),92.13179246289059,7.0659647728249055,0.8571428571428571,78.97010782533478,956,-704.0298921746653,LOW,-454.58150955468705,LOW,LOW,HEALTHY,0
2025-02-01,SKU030,193,58,13,21,114,398164.79,251,0,0,Healthy (> Reorder Point),29.57372506362793,6.526063239742714,1.8571428571428572,54.922632261023296,251,-175.0773677389767,LOW,-161.88470076353514,LOW,LOW,HEALTHY,0
2025-02-01,SKU031,49,83,3,40,60,123742.15,132,1,0,Reorder Needed (<= Reorder Point),112.061080321504,0.43726153504337695,0.42857142857142855,48.02617728064457,132,-43.97382271935544,LOW,-1295.732963858048,LOW,LOW,REORDER SOON,0
2025-02-01,SKU032,382,68,14,83,262,1744594.0,450,0,0,Healthy (> Reorder Point),54.992586929301225,6.9463908015656965,2.0,109.98517385860245,450,-257.0148261413975,LOW,-277.91104315161465,LOW,LOW,HEALTHY,0
2025-02-01,SKU033,385,233,5,74,129,1308807.5,618,0,0,Healthy (> Reorder Point),102.66265597604806,3.750146500104413,0.7142857142857143,73.33046855432005,618,-470.6695314456799,LOW,-846.9518717125766,LOW,LOW,HEALTHY,0
2025-02-01,SKU034,188,31,7,20,61,290279.52,219,0,0,Healthy (> Reorder Point),118.43921646150007,1.587312088147015,1.0,118.43921646150007,219,-80.56078353849995,LOW,-1233.2705975380009,LOW,LOW,HEALTHY,0
2025-02-01,SKU035,395,233,6,82,207,2310070.6,628,0,0,Healthy (> Reorder Point),125.03438379015351,3.159131016816403,0.8571428571428571,107.17232896298871,628,-438.82767103701127,LOW,-1105.412605481842,LOW,LOW,HEALTHY,0
2025-02-01,SKU036,411,228,8,110,263,616442.46,639,0,0,Healthy (> Reorder Point),28.401220974970112,14.471208838599324,1.1428571428571428,32.4585382571087,639,-496.54146174289133,LOW,70.18534830035867,HIGH,HIGH,MARKDOWN / CLEAR,40
2025-02-01,SKU037,548,1706,13,321,939,3094271.04,2254,1,0,Reorder Needed (<= Reorder Point),148.2476501285819,3.696517277168945,1.8571428571428572,275.31706452450925,2254,-1657.6829354754907,LOW,-1230.971801542983,LOW,LOW,REORDER SOON,0
2025-02-01,SKU038,214,201,4,73,113,685422.74,415,0,0,Healthy (> Reorder Point),46.60615974096913,4.591667736397585,0.5714285714285714,26.632091280553787,415,-315.3679087194462,LOW,-345.2739168916296,LOW,LOW,HEALTHY,0
2025-02-01,SKU039,166,63,11,26,91,506972.3,229,0,0,Healthy (> Reorder Point),18.63885467149666,8.90612663308408,1.5714285714285714,29.28962876949475,229,-173.71037123050525,LOW,-57.66625605795991,LOW,LOW,HEALTHY,0
2025-02-01,SKU040,71,103,7,43,92,82683.05,174,1,0,Reorder Needed (<= Reorder Point),90.19968398617831,0.7871424473158868,1.0,90.19968398617831,174,-40.800316013821686,LOW,-1011.3962078341397,LOW,LOW,REORDER SOON,0
2025-02-01,SKU041,186,33,7,129,247,1055127.78,219,1,0,Reorder Needed (<= Reorder Point),64.96817258818683,2.8629403073870727,1.0,64.96817258818683,219,-25.03182741181317,LOW,-593.618071058242,LOW,LOW,REORDER SOON,0
2025-02-01,SKU042,226,108,9,54,125,1754013.12,334,0,0,Healthy (> Reorder Point),136.1102257325676,1.660418963995033,1.2857142857142858,174.99886165615837,334,-105.00113834384163,LOW,-1407.3227087908112,LOW,LOW,HEALTHY,0
2025-02-01,SKU043,589,11,10,120,317,2198471.95,600,0,0,Healthy (> Reorder Point),130.258832688137,4.5217663005638284,1.4285714285714286,186.08404669733858,600,-293.9159533026614,LOW,-974.1059922576442,LOW,LOW,HEALTHY,0
2025-02-01,SKU044,165,7,4,24,54,164509.95,172,0,0,Healthy (> Reorder Point),53.04250247248853,3.1107129624131193,0.5714285714285714,30.310001412850585,172,-117.68999858714942,LOW,-471.5100296698623,LOW,LOW,HEALTHY,0
2025-02-01,SKU045,229,577,14,105,322,416395.28,806,1,0,Reorder Needed (<= Reorder Point),147.55999314681097,1.5519111590914918,2.0,295.11998629362193,806,-405.88001370637807,LOW,-1541.7199177617317,LOW,LOW,REORDER SOON,0
2025-02-01,SKU046,212,277,11,63,205,1004657.4,489,0,0,Healthy (> Reorder Point),54.18980348712668,3.9121751022840057,1.5714285714285714,85.1554054797705,489,-340.8445945202295,LOW,-438.2776418455202,LOW,LOW,HEALTHY,0
2025-02-01,SKU047,168,23,7,46,94,1029593.04,191,0,0,Healthy (> Reorder Point),88.06846728987554,1.9076067197471651,1.0,88.06846728987554,191,-56.93153271012446,LOW,-888.8216074785064,LOW,LOW,HEALTHY,0
2025-02-01,SKU048,46,23,11,16,53,165541.12,69,1,0,Reorder Needed (<= Reorder Point),52.66637908493151,0.8734224907662421,1.5714285714285714,82.76145284774952,69,29.761452847749524,HIGH,-585.9965490191781,LOW,HIGH,REORDER NOW,60
2025-02-01,SKU049,267,159,3,126,215,1411444.77,426,0,0,Healthy (> Reorder Point),147.86670983735698,1.8056802663268918,0.42857142857142855,63.371447073152986,426,-236.62855292684702,LOW,-1507.4005180482836,LOW,LOW,HEALTHY,0
2025-02-01,SKU050,547,381,11,54,245,1899462.97,928,0,0,Healthy (> Reorder Point),35.23463894720143,15.524495676532151,1.5714285714285714,55.36871834560225,928,-818.6312816543978,LOW,124.18433263358281,HIGH,HIGH,MARKDOWN / CLEAR,40
2025-03-01,SKU001,549,571,9,221,544,2004569.19,1120,0,0,Healthy (> Reorder Point),84.35095557248381,6.508521406473428,1.2857142857142858,108.45122859319348,1120,-790.5487714068065,LOW,-463.2114668698057,LOW,LOW,HEALTHY,0
2025-03-01,SKU002,230,341,10,96,322,1300558.0,571,1,0,Reorder Needed (<= Reorder Point),60.610605206310034,3.7947154498311333,1.4285714285714286,86.5865788661572,571,-388.4134211338428,LOW,-497.32726247572043,LOW,LOW,REORDER SOON,0
2025-03-01,SKU003,443,138,3,98,136,2723931.69,581,0,0,Healthy (> Reorder Point),34.20813909588409,12.950134433161889,0.42857142857142855,14.660631041093183,581,-468.3393689589068,LOW,32.50233084939089,HIGH,HIGH,MARKDOWN / CLEAR,40
2025-03-01,SKU004,376,176,13,114,374,467322.88,552,0,0,Healthy (> Reorder Point),27.974245966626015,13.440934223877832,1.8571428571428572,51.95217108087689,552,-386.0478289191231,LOW,40.309048400487825,HIGH,HIGH,MARKDOWN / CLEAR,40
2025-03-01,SKU005,320,349,4,183,279,2378377.6,669,0,0,Healthy (> Reorder Point),101.36967098364632,3.1567627367718765,0.5714285714285714,57.92552627636932,669,-428.0744737236307,LOW,-896.4360518037558,LOW,LOW,HEALTHY,0
2025-03-01,SKU006,255,628,13,111,346,1689732.0,883,1,0,Reorder Needed (<= Reorder Point),37.22048017150538,6.851066907922874,1.8571428571428572,69.12374888993857,883,-702.8762511100615,LOW,-191.64576205806452,LOW,LOW,REORDER SOON,0
2025-03-01,SKU007,167,363,5,141,237,759521.01,530,1,0,Reorder Needed (<= Reorder Point),148.4626504518179,1.124862041003358,0.7142857142857143,106.04475032272707,530,-282.95524967727295,LOW,-1614.5518054218146,LOW,LOW,REORDER SOON,0
2025-03-01,SKU008,694,59,4,184,290,4624913.16,753,0,0,Healthy (> Reorder Point),97.15146048182743,7.143484993000342,0.5714285714285714,55.515120275329956,753,-513.48487972467,LOW,-471.81752578192913,LOW,LOW,HEALTHY,0
2025-03-01,SKU009,333,87,3,51,89,998194.14,420,0,0,Healthy (> Reorder Point),61.66929685639556,5.399769690506297,0.42857142857142855,26.429698652740953,420,-342.57030134725903,LOW,-407.03156227674674,LOW,LOW,HEALTHY,0
2025-03-01,SKU010,43,6,12,10,46,308382.67,49,1,0,Reorder Needed (<= Reorder Point),99.10270304793268,0.4338933114589451,1.7142857142857142,169.8903480821703,49,130.8903480821703,HIGH,-1146.2324365751922,LOW,HIGH,REORDER NOW,60
2025-03-01,SKU011,610,289,11,160,456,2358924.9,899,0,0,Healthy (> Reorder Point),18.21293984749243,33.49267087619494,1.5714285714285714,28.62033404605953,899,-710.3796659539405,LOW,391.4447218300909,HIGH,HIGH,MARKDOWN / CLEAR,40
2025-03-01,SKU012,59,57,13,25,77,85298.66,116,1,0,Reorder Needed (<= Reorder Point),152.60360509957462,0.386622583139515,1.8571428571428572,283.40669518492433,116,192.40669518492433,HIGH,-1772.2432611948955,LOW,HIGH,REORDER NOW,60
2025-03-01,SKU013,83,75,8,41,128,643100.6,158,1,0,Reorder Needed (<= Reorder Point),82.29389569333014,1.008580275617297,1.1428571428571428,94.05016650666302,158,-22.949833493336996,LOW,-904.5267483199617,LOW,LOW,REORDER SOON,0
2025-03-01,SKU014,650,677,14,93,371,2028689.0,1327,0,0,Healthy (> Reorder Point),126.68761064142299,5.130730595588878,2.0,253.37522128284598,1327,-980.624778717154,LOW,-870.2513276970758,LOW,LOW,HEALTHY,0
2025-03-01,SKU015,403,396,9,126,298,506526.67,799,0,0,Healthy (> Reorder Point),21.863857921842072,18.432245646702704,1.2857142857142858,28.11067447093981,799,-644.8893255290602,LOW,140.63370493789512,HIGH,HIGH,MARKDOWN / CLEAR,40
2025-03-01,SKU016,124,104,13,65,217,249060.2,228,1,0,Reorder Needed (<= Reorder Point),81.77833745970412,1.5162939704062877,1.8571428571428572,151.87405528230767,228,-11.125944717692335,LOW,-857.3400495164494,LOW,LOW,REORDER SOON,0
2025-03-01,SKU017,247,48,9,96,220,1655705.22,295,0,0,Healthy (> Reorder Point),83.9279095755806,2.943001931646661,1.2857142857142858,107.90731231146079,295,-91.09268768853923,LOW,-760.1349149069672,LOW,LOW,HEALTHY,0
2025-03-01,SKU018,586,251,5,76,166,1565112.24,837,0,0,Healthy (> Reorder Point),149.6531105639159,3.915722150992131,0.7142857142857143,106.89507897422564,837,-654.1049210257744,LOW,-1209.8373267669908,LOW,LOW,HEALTHY,0
2025-03-01,SKU019,299,88,6,29,80,972635.04,387,0,0,Healthy (> Reorder Point),95.61862243779252,3.1270059364693643,0.8571428571428571,81.9588192323936,387,-276.0411807676064,LOW,-848.4234692535103,LOW,LOW,HEALTHY,0
2025-03-01,SKU020,487,36,3,153,274,2697658.58,523,0,0,Healthy (> Reorder Point),84.59106805499508,5.757109009232362,0.42857142857142855,36.253314880712175,523,-333.7466851192878,LOW,-528.0928166599409,LOW,LOW,HEALTHY,0
2025-03-01,SKU021,131,179,8,42,95,40224.86,310,0,0,Healthy (> Reorder Point),50.40102463578332,2.5991535082204194,1.1428571428571428,57.601171012323796,310,-210.3988289876762,LOW,-473.81229562939984,LOW,LOW,HEALTHY,0
2025-03-01,SKU022,289,297,9,92,212,1561348.51,586,0,0,Healthy (> Reorder Point),58.31515299485604,4.955830262941993,1.2857142857142858,74.97662527910063,586,-419.02337472089937,LOW,-410.7818359382725,LOW,LOW,HEALTHY,0
2025-03-01,SKU023,130,3,7,82,157,494858.0,133,1,0,Reorder Needed (<= Reorder Point),87.54378131244553,1.484971268673298,1.0,87.54378131244553,133,36.54378131244553,HIGH,-920.5253757493465,LOW,HIGH,REORDER NOW,60
2025-03-01,SKU024,310,427,13,81,287,413363.3,737,0,0,Healthy (> Reorder Point),76.4636135364613,4.054215929151426,1.8571428571428572,142.00385371057098,737,-513.996146289429,LOW,-607.5633624375355,LOW,LOW,HEALTHY,0
2025-03-01,SKU025,298,870,6,225,463,1162498.0,1168,1,0,Reorder Needed (<= Reorder Point),18.585355361227894,16.034129787029897,0.8571428571428571,15.930304595338194,1168,-927.0696954046618,LOW,74.97573566526529,HIGH,HIGH,REORDER SOON,40
2025-03-01,SKU026,40,20,10,38,101,247149.6,60,1,0,Reorder Needed (<= Reorder Point),133.0415205457043,0.3006580189096579,1.4285714285714286,190.05931506529186,60,168.05931506529186,HIGH,-1556.4982465484513,LOW,HIGH,REORDER NOW,60
2025-03-01,SKU027,232,96,7,79,220,1063455.52,328,0,0,Healthy (> Reorder Point),145.90675541794133,1.5900566038594282,1.0,145.90675541794133,328,-103.09324458205867,LOW,-1518.881065015296,LOW,LOW,HEALTHY,0
2025-03-01,SKU028,162,596,10,167,407,79192.08,758,1,1,Critical (<= Safety Stock),31.106388794354906,5.207933362853076,1.4285714285714286,44.437698277649865,758,-546.5623017223502,LOW,-211.2766655322589,LOW,LOW,REORDER SOON,0
2025-03-01,SKU029,533,427,4,113,240,1820781.3,960,0,0,Healthy (> Reorder Point),92.13179246289059,5.7851908201469655,0.5714285714285714,52.64673855022319,960,-794.3532614497768,LOW,-572.581509554687,LOW,LOW,HEALTHY,0
2025-03-01,SKU030,79,80,12,29,123,162979.37,159,1,0,Reorder Needed (<= Reorder Point),29.57372506362793,2.6712901344024584,1.7142857142857142,50.69781439479073,159,-79.30218560520927,LOW,-275.88470076353514,LOW,LOW,REORDER SOON,0
2025-03-01,SKU031,203,19,8,26,88,512646.05,222,0,0,Healthy (> Reorder Point),112.061080321504,1.8115120737511332,1.1428571428571428,128.06980608171884,222,-67.93019391828116,LOW,-1141.732963858048,LOW,LOW,HEALTHY,0
2025-03-01,SKU032,339,138,12,81,236,1548213.0,477,0,0,Healthy (> Reorder Point),54.992586929301225,6.164467229661705,1.7142857142857142,94.27300616451637,477,-301.72699383548365,LOW,-320.91104315161465,LOW,LOW,HEALTHY,0
2025-03-01,SKU033,209,20,14,92,267,710495.5,229,1,0,Reorder Needed (<= Reorder Point),102.66265597604806,2.0357938143423957,2.0,205.32531195209611,229,68.32531195209611,HIGH,-1022.9518717125766,LOW,HIGH,REORDER NOW,60
2025-03-01,SKU034,174,4,4,37,62,268662.96,178,0,0,Healthy (> Reorder Point),118.43921646150007,1.4691079964764928,0.5714285714285714,67.67955226371431,178,-73.32044773628569,LOW,-1247.2705975380009,LOW,LOW,HEALTHY,0
2025-03-01,SKU035,495,388,9,128,330,2894898.6,883,0,0,Healthy (> Reorder Point),125.03438379015351,3.9589110210737197,1.2857142857142858,160.7584934444831,883,-594.2415065555169,LOW,-1005.4126054818421,LOW,LOW,HEALTHY,0
2025-03-01,SKU036,472,56,13,113,419,707933.92,528,0,0,Healthy (> Reorder Point),28.401220974970112,16.61900382437684,1.8571428571428572,52.74512466780164,528,-362.25487533219837,LOW,131.18534830035867,HIGH,HIGH,MARKDOWN / CLEAR,40
2025-03-01,SKU037,1199,1019,6,333,645,6770129.52,2218,0,0,Healthy (> Reorder Point),148.2476501285819,8.087817911178039,0.8571428571428571,127.06941439592734,2218,-1757.9305856040728,LOW,-579.971801542983,LOW,LOW,HEALTHY,0
2025-03-01,SKU038,290,202,11,45,170,928843.9,492,0,0,Healthy (> Reorder Point),46.60615974096913,6.222353474557475,1.5714285714285714,73.23825102152293,492,-373.76174897847704,LOW,-269.2739168916296,LOW,LOW,HEALTHY,0
2025-03-01,SKU039,154,181,13,32,107,470323.7,335,0,0,Healthy (> Reorder Point),18.63885467149666,8.262310249969568,1.8571428571428572,34.615015818493795,335,-268.3849841815062,LOW,-69.66625605795991,LOW,LOW,HEALTHY,0
2025-03-01,SKU040,64,146,13,24,103,74531.2,210,1,0,Reorder Needed (<= Reorder Point),90.19968398617831,0.7095368539185458,1.8571428571428572,167.51369883147402,210,-18.486301168525983,LOW,-1018.3962078341397,LOW,LOW,REORDER SOON,0
2025-03-01,SKU041,110,436,11,80,278,624000.3,546,1,0,Reorder Needed (<= Reorder Point),64.96817258818683,1.6931367409278386,1.5714285714285714,102.0928426385793,546,-363.9071573614207,LOW,-669.618071058242,LOW,LOW,REORDER SOON,0
2025-03-01,SKU042,215,42,3,61,86,1668640.8,257,0,0,Healthy (> Reorder Point),136.1102257325676,1.5796021117651862,0.42857142857142855,58.33295388538612,257,-137.66704611461387,LOW,-1418.3227087908112,LOW,LOW,HEALTHY,0
2025-03-01,SKU043,428,7,8,80,281,1597531.4,435,0,0,Healthy (> Reorder Point),130.258832688137,3.2857656649258384,1.1428571428571428,148.86723735787086,435,-206.13276264212914,LOW,-1135.1059922576442,LOW,LOW,HEALTHY,0
2025-03-01,SKU044,170,125,8,47,119,169495.1,295,0,0,Healthy (> Reorder Point),53.04250247248853,3.204976991577153,1.1428571428571428,60.62000282570117,295,-187.37999717429884,LOW,-466.5100296698623,LOW,LOW,HEALTHY,0
2025-03-01,SKU045,376,215,9,87,241,683688.32,591,0,0,Healthy (> Reorder Point),147.55999314681097,2.548116138944982,1.2857142857142858,189.71999118875698,591,-314.280008811243,LOW,-1394.7199177617317,LOW,LOW,HEALTHY,0
2025-03-01,SKU046,326,226,9,100,223,1544897.7,552,0,0,Healthy (> Reorder Point),54.18980348712668,6.015891902568802,1.2857142857142858,69.6726044834486,552,-382.3273955165514,LOW,-324.2776418455202,LOW,LOW,HEALTHY,0
2025-03-01,SKU047,148,116,3,57,79,907022.44,264,0,0,Healthy (> Reorder Point),88.06846728987554,1.6805106816820266,0.42857142857142855,37.743628838518084,264,-169.25637116148192,LOW,-908.8216074785064,LOW,LOW,HEALTHY,0
2025-03-01,SKU048,109,55,7,26,53,392260.48,164,0,0,Healthy (> Reorder Point),52.66637908493151,2.069631554206965,1.0,52.66637908493151,164,-85.33362091506848,LOW,-522.9965490191781,LOW,LOW,HEALTHY,0
2025-03-01,SKU049,182,497,12,126,495,962108.42,679,1,0,Reorder Needed (<= Reorder Point),147.86670983735698,1.2308382339756343,1.7142857142857142,253.48578829261194,679,-299.5142117073881,LOW,-1592.4005180482836,LOW,LOW,REORDER SOON,0
2025-03-01,SKU050,552,272,6,76,198,1916825.52,824,0,0,Healthy (> Reorder Point),35.23463894720143,15.666401487103743,0.8571428571428571,30.201119097601225,824,-717.7988809023988,LOW,129.1843326335828,HIGH,HIGH,MARKDOWN / CLEAR,40
2025-04-01,SKU001,1244,1262,14,164,752,4542229.64,2506,0,0,Healthy (> Reorder Point),84.35095557248381,14.747906429240336,2.0,168.70191114496762,2506,-2173.2980888550323,LOW,231.7885331301943,HIGH,HIGH,MARKDOWN / CLEAR,40
2025-04-01,SKU002,706,579,9,84,317,3992147.6,1285,0,0,Healthy (> Reorder Point),60.610605206310034,11.648126554699044,1.2857142857142858,77.92792097954148,1285,-1123.0720790204584,LOW,-21.32726247572043,LOW,LOW,HEALTHY,0
2025-04-01,SKU003,337,47,4,105,160,2072155.71,384,0,0,Healthy (> Reorder Point),34.20813909588409,9.85145666811638,0.5714285714285714,19.54750805479091,384,-259.4524919452091,LOW,-73.49766915060911,LOW,LOW,HEALTHY,0
2025-04-01,SKU004,498,377,5,90,206,618954.24,875,0,0,Healthy (> Reorder Point),27.974245966626015,17.80208841354032,0.7142857142857143,19.981604261875724,875,-765.0183957381242,LOW,162.30904840048782,HIGH,HIGH,MARKDOWN / CLEAR,40
2025-04-01,SKU005,696,333,11,95,386,5172971.28,1029,0,0,Healthy (> Reorder Point),101.36967098364632,6.865958952478831,1.5714285714285714,159.29519726001564,1029,-774.7048027399844,LOW,-520.4360518037558,LOW,LOW,HEALTHY,0
2025-04-01,SKU006,460,692,13,113,404,3048144.0,1152,0,0,Healthy (> Reorder Point),37.22048017150538,12.358787363311851,1.8571428571428572,69.12374888993857,1152,-969.8762511100615,LOW,13.35423794193548,HIGH,HIGH,MARKDOWN / CLEAR,40
2025-04-01,SKU007,335,202,9,85,291,1523590.05,537,0,0,Healthy (> Reorder Point),148.4626504518179,2.2564597828510475,1.2857142857142858,190.88055058090873,537,-261.11944941909127,LOW,-1446.5518054218146,LOW,LOW,HEALTHY,0
2025-04-01,SKU008,256,427,3,151,244,1706019.84,683,0,0,Healthy (> Reorder Point),97.15146048182743,2.6350607466975324,0.42857142857142855,41.636340206497465,683,-490.3636597935025,LOW,-909.8175257819291,LOW,LOW,HEALTHY,0
2025-04-01,SKU009,278,384,14,36,195,833327.24,662,0,0,Healthy (> Reorder Point),61.66929685639556,4.507915837719971,2.0,123.33859371279112,662,-502.6614062872089,LOW,-462.03156227674674,LOW,LOW,HEALTHY,0
2025-04-01,SKU010,89,73,14,25,82,638280.41,162,0,0,Healthy (> Reorder Point),99.10270304793268,0.8980582492987468,2.0,198.20540609586536,162,61.20540609586536,HIGH,-1100.2324365751922,LOW,HIGH,REORDER NOW,60
2025-04-01,SKU011,853,577,6,198,386,3298627.77,1430,0,0,Healthy (> Reorder Point),18.21293984749243,46.83483320884309,0.8571428571428571,15.611091297850653,1430,-1216.3889087021494,LOW,634.4447218300909,HIGH,HIGH,MARKDOWN / CLEAR,40
2025-04-01,SKU012,103,60,6,22,46,148911.22,163,0,0,Healthy (> Reorder Point),152.60360509957462,0.6749512892096617,0.8571428571428571,130.80309008534968,163,-10.19690991465032,LOW,-1728.2432611948955,LOW,LOW,HEALTHY,0
2025-04-01,SKU013,165,89,14,65,214,1278453.0,254,1,0,Reorder Needed (<= Reorder Point),82.29389569333014,2.0050089816488432,2.0,164.58779138666029,254,-24.412208613339715,LOW,-822.5267483199617,LOW,LOW,REORDER SOON,0
2025-04-01,SKU014,375,298,8,101,294,1170397.5,673,0,0,Healthy (> Reorder Point),126.68761064142299,2.960036882070506,1.1428571428571428,144.78584073305484,673,-427.21415926694516,LOW,-1145.2513276970758,LOW,LOW,HEALTHY,0
2025-04-01,SKU015,481,195,10,148,385,604564.09,676,0,0,Healthy (> Reorder Point),21.863857921842072,21.99977706219355,1.4285714285714286,31.234082745488674,676,-496.76591725451135,LOW,218.63370493789512,HIGH,HIGH,MARKDOWN / CLEAR,40
2025-04-01,SKU016,348,22,3,56,98,698975.4,370,0,0,Healthy (> Reorder Point),81.77833745970412,4.255405658882162,0.42857142857142855,35.047858911301766,370,-278.9521410886982,LOW,-633.3400495164494,LOW,LOW,HEALTHY,0
2025-04-01,SKU017,510,559,11,119,301,3418662.6,1069,0,0,Healthy (> Reorder Point),83.9279095755806,6.0766436645335915,1.5714285714285714,131.88671504734094,1069,-818.1132849526591,LOW,-497.1349149069672,LOW,LOW,HEALTHY,0
2025-04-01,SKU018,287,24,11,86,330,766531.08,311,1,0,Reorder Needed (<= Reorder Point),149.6531105639159,1.9177683572265216,1.5714285714285714,235.16917374329643,311,10.169173743296426,HIGH,-1508.8373267669908,LOW,HIGH,REORDER NOW,60
2025-04-01,SKU019,235,184,9,79,169,764445.6,419,0,0,Healthy (> Reorder Point),95.61862243779252,2.4576802510712397,1.2857142857142858,122.9382288485904,419,-217.0617711514096,LOW,-912.4234692535103,LOW,LOW,HEALTHY,0
2025-04-01,SKU020,1040,1007,5,296,524,5760913.6,2047,0,0,Healthy (> Reorder Point),84.59106805499508,12.294442237375064,0.7142857142857143,60.42219146785363,2047,-1690.5778085321463,LOW,24.907183340059078,HIGH,HIGH,MARKDOWN / CLEAR,40
2025-04-01,SKU021,89,68,5,60,98,27328.34,157,1,0,Reorder Needed (<= Reorder Point),50.40102463578332,1.7658371162718878,0.7142857142857143,36.000731882702375,157,-60.99926811729762,LOW,-515.8122956293998,LOW,LOW,REORDER SOON,0
2025-04-01,SKU022,468,312,8,62,182,2528412.12,780,0,0,Healthy (> Reorder Point),58.31515299485604,8.025358349677692,1.1428571428571428,66.64588913697833,780,-651.3541108630217,LOW,-231.78183593827248,LOW,LOW,HEALTHY,0
2025-04-01,SKU023,425,305,6,88,162,1617805.0,730,0,0,Healthy (> Reorder Point),87.54378131244553,4.854713762970397,0.8571428571428571,75.03752683923902,730,-566.962473160761,LOW,-625.5253757493465,LOW,LOW,HEALTHY,0
2025-04-01,SKU024,177,103,3,134,191,236017.11,280,1,0,Reorder Needed (<= Reorder Point),76.4636135364613,2.3148265143864593,0.42857142857142855,32.77012008705484,280,-113.22987991294517,LOW,-740.5633624375355,LOW,LOW,REORDER SOON,0
2025-04-01,SKU025,292,677,11,166,641,1139092.0,969,1,0,Reorder Needed (<= Reorder Point),18.585355361227894,15.711294959103123,1.5714285714285714,29.20555842478669,969,-773.7944415752133,LOW,68.97573566526529,HIGH,HIGH,REORDER SOON,40
2025-04-01,SKU026,65,33,8,25,80,401618.1,98,1,0,Reorder Needed (<= Reorder Point),133.0415205457043,0.4885692807281941,1.1428571428571428,152.04745205223347,98,79.04745205223347,HIGH,-1531.4982465484513,LOW,HIGH,REORDER NOW,60
2025-04-01,SKU027,775,125,11,108,380,3552491.5,900,0,0,Healthy (> Reorder Point),145.90675541794133,5.311611499961452,1.5714285714285714,229.2820442281935,900,-562.7179557718065,LOW,-975.8810650152959,LOW,LOW,HEALTHY,0
2025-04-01,SKU028,243,4,3,139,212,118788.12,247,0,0,Healthy (> Reorder Point),31.106388794354906,7.811900044279614,0.42857142857142855,13.331309483294959,247,-94.66869051670506,LOW,-130.2766655322589,LOW,LOW,HEALTHY,0
2025-04-01,SKU029,544,266,11,107,488,1858358.4,810,0,0,Healthy (> Reorder Point),92.13179246289059,5.9045850021762645,1.5714285714285714,144.77853101311376,810,-558.2214689868863,LOW,-561.581509554687,LOW,LOW,HEALTHY,0
2025-04-01,SKU030,271,64,3,45,72,559081.13,335,0,0,Healthy (> Reorder Point),29.57372506362793,9.163539574975522,0.42857142857142855,12.674453598697683,335,-277.3255464013023,LOW,-83.88470076353514,LOW,LOW,HEALTHY,0
2025-04-01,SKU031,75,4,14,28,148,189401.25,79,1,0,Reorder Needed (<= Reorder Point),112.061080321504,0.6692778597602709,2.0,224.122160643008,79,173.122160643008,HIGH,-1269.732963858048,LOW,HIGH,REORDER NOW,60
2025-04-01,SKU032,355,172,8,113,229,1621285.0,527,0,0,Healthy (> Reorder Point),54.992586929301225,6.455415535486446,1.1428571428571428,62.84867077634426,527,-351.15132922365575,LOW,-304.91104315161465,LOW,LOW,HEALTHY,0
2025-04-01,SKU033,142,65,4,71,135,482729.0,207,0,0,Healthy (> Reorder Point),102.66265597604806,1.3831709169216275,0.5714285714285714,58.66437484345603,207,-77.33562515654398,LOW,-1089.9518717125766,LOW,LOW,HEALTHY,0
2025-04-01,SKU034,129,86,6,32,77,199181.16,215,0,0,Healthy (> Reorder Point),118.43921646150007,1.0891662732498135,0.8571428571428571,101.51932839557148,215,-81.48067160442852,LOW,-1292.2705975380009,LOW,LOW,HEALTHY,0
2025-04-01,SKU035,700,499,4,152,261,4093796.0,1199,0,0,Healthy (> Reorder Point),125.03438379015351,5.5984600298012195,0.5714285714285714,71.44821930865915,1199,-975.5517806913408,LOW,-800.4126054818421,LOW,LOW,HEALTHY,0
2025-04-01,SKU036,512,471,13,75,397,767928.32,983,0,0,Healthy (> Reorder Point),28.401220974970112,18.027393978985046,1.8571428571428572,52.74512466780164,983,-855.2548753321984,LOW,171.18534830035867,HIGH,HIGH,MARKDOWN / CLEAR,40
2025-04-01,SKU037,455,502,7,183,581,2569148.4,957,1,0,Reorder Needed (<= Reorder Point),148.2476501285819,3.0691886151676457,1.0,148.2476501285819,957,-625.7523498714181,LOW,-1323.971801542983,LOW,LOW,REORDER SOON,0
2025-04-01,SKU038,146,169,13,81,261,467624.86,315,1,0,Reorder Needed (<= Reorder Point),46.60615974096913,3.132633128570315,1.8571428571428572,86.55429666179982,315,-147.4457033382002,LOW,-413.2739168916296,LOW,LOW,REORDER SOON,0
2025-04-01,SKU039,71,63,3,42,61,216837.55,134,0,0,Healthy (> Reorder Point),18.63885467149666,3.8092469334275276,0.42857142857142855,7.988080573498568,134,-84.01191942650144,LOW,-152.6662560579599,LOW,LOW,HEALTHY,0
2025-04-01,SKU040,205,97,13,66,176,238732.75,302,0,0,Healthy (> Reorder Point),90.19968398617831,2.272735235207842,1.8571428571428572,167.51369883147402,302,-68.48630116852598,LOW,-877.3962078341397,LOW,LOW,HEALTHY,0
2025-04-01,SKU041,737,235,6,126,259,4180802.01,972,0,0,Healthy (> Reorder Point),64.96817258818683,11.34401616421652,0.8571428571428571,55.68700507558871,972,-790.3129949244113,LOW,-42.61807105824198,LOW,LOW,HEALTHY,0
2025-04-01,SKU042,272,38,8,43,113,2111024.64,310,0,0,Healthy (> Reorder Point),136.1102257325676,1.9983803460471194,1.1428571428571428,155.554543694363,310,-111.44545630563701,LOW,-1361.3227087908112,LOW,LOW,HEALTHY,0
2025-04-01,SKU043,785,470,13,166,534,2930051.75,1255,0,0,Healthy (> Reorder Point),130.258832688137,6.026462726557904,1.8571428571428572,241.90926070654015,1255,-847.0907392934598,LOW,-778.1059922576442,LOW,LOW,HEALTHY,0
2025-04-01,SKU044,191,337,12,63,190,190432.73,528,0,0,Healthy (> Reorder Point),53.04250247248853,3.6008859140660956,1.7142857142857142,90.93000423855176,528,-374.06999576144824,LOW,-445.5100296698623,LOW,LOW,HEALTHY,0
2025-04-01,SKU045,98,0,3,71,128,178195.36,98,1,0,Reorder Needed (<= Reorder Point),147.55999314681097,0.6641366532356603,0.42857142857142855,63.23999706291898,98,36.239997062918974,HIGH,-1672.7199177617317,LOW,HIGH,REORDER NOW,60
2025-04-01,SKU046,129,85,5,120,198,611324.55,214,1,0,Reorder Needed (<= Reorder Point),54.18980348712668,2.380521642427532,0.7142857142857143,38.707002490804776,214,-55.29299750919523,LOW,-521.2776418455202,LOW,LOW,REORDER SOON,0
2025-04-01,SKU047,162,40,13,39,150,992821.86,202,0,0,Healthy (> Reorder Point),88.06846728987554,1.8394779083276236,1.8571428571428572,163.55572496691173,202,0.5557249669117255,HIGH,-894.8216074785064,LOW,HIGH,REORDER NOW,60
2025-04-01,SKU048,90,26,10,28,77,323884.8,116,0,0,Healthy (> Reorder Point),52.66637908493151,1.7088700906296042,1.4285714285714286,75.23768440704502,116,-12.762315592954977,LOW,-541.9965490191781,LOW,LOW,HEALTHY,0
2025-04-01,SKU049,806,632,8,177,476,4260765.86,1438,0,0,Healthy (> Reorder Point),147.86670983735698,5.450855036177809,1.1428571428571428,168.99052552840797,1438,-1092.009474471592,LOW,-968.4005180482836,LOW,LOW,HEALTHY,0
2025-04-01,SKU050,456,87,5,118,235,1583464.56,543,0,0,Healthy (> Reorder Point),35.23463894720143,12.94180992412918,0.7142857142857143,25.167599248001025,543,-399.832400751999,LOW,33.18433263358281,HIGH,HIGH,MARKDOWN / CLEAR,40
2025-05-01,SKU001,868,76,11,275,700,3169337.08,944,0,0,Healthy (> Reorder Point),84.35095557248381,10.290339855772196,1.5714285714285714,132.55150161390313,944,-536.4484983860968,LOW,-144.2114668698057,LOW,LOW,HEALTHY,0
2025-05-01,SKU002,400,231,7,175,340,2261840.0,631,0,0,Healthy (> Reorder Point),60.610605206310034,6.599505130141101,1.0,60.610605206310034,631,-395.38939479369,LOW,-327.32726247572043,LOW,LOW,HEALTHY,0
2025-05-01,SKU003,308,200,4,92,150,1893839.64,508,0,0,Healthy (> Reorder Point),34.20813909588409,9.003705204094496,0.5714285714285714,19.54750805479091,508,-396.4524919452091,LOW,-102.49766915060911,LOW,LOW,HEALTHY,0
2025-05-01,SKU004,678,196,9,135,340,842672.64,874,0,0,Healthy (> Reorder Point),27.974245966626015,24.236578201566942,1.2857142857142858,35.966887671376305,874,-703.0331123286237,LOW,342.3090484004878,HIGH,HIGH,MARKDOWN / CLEAR,40
2025-05-01,SKU005,169,84,13,101,398,1256080.67,253,1,0,Reorder Needed (<= Reorder Point),101.36967098364632,1.667165320357647,1.8571428571428572,188.2579603982003,253,36.25796039820034,HIGH,-1047.4360518037558,LOW,HIGH,REORDER NOW,60
2025-05-01,SKU006,742,7,4,104,190,4916788.8,749,0,0,Healthy (> Reorder Point),37.22048017150538,19.93526135560303,0.5714285714285714,21.268845812288788,749,-623.7311541877112,LOW,295.3542379419355,HIGH,HIGH,MARKDOWN / CLEAR,40
2025-05-01,SKU007,574,782,12,167,439,2610569.22,1356,0,0,Healthy (> Reorder Point),148.4626504518179,3.866292284646273,1.7142857142857142,254.50740077454495,1356,-934.492599225455,LOW,-1207.5518054218146,LOW,LOW,HEALTHY,0
2025-05-01,SKU008,563,577,12,173,523,3751910.82,1140,0,0,Healthy (> Reorder Point),97.15146048182743,5.795075001526214,1.7142857142857142,166.54536082598986,1140,-800.4546391740101,LOW,-602.8175257819291,LOW,LOW,HEALTHY,0
2025-05-01,SKU009,154,46,12,88,222,461627.32,200,1,0,Reorder Needed (<= Reorder Point),61.66929685639556,2.4971907878017108,1.7142857142857142,105.71879461096381,200,-6.281205389036188,LOW,-586.0315622767467,LOW,LOW,REORDER SOON,0
2025-05-01,SKU010,53,90,5,22,46,380099.57,143,0,0,Healthy (> Reorder Point),99.10270304793268,0.5347987327284672,0.7142857142857143,70.78764503423763,143,-50.21235496576237,LOW,-1136.2324365751922,LOW,LOW,HEALTHY,0
2025-05-01,SKU011,752,83,14,122,515,2908051.68,835,0,0,Healthy (> Reorder Point),18.21293984749243,41.289325408030486,2.0,36.42587969498486,835,-676.5741203050152,LOW,533.4447218300909,HIGH,HIGH,MARKDOWN / CLEAR,40
2025-05-01,SKU012,61,61,3,24,35,88190.14,122,0,0,Healthy (> Reorder Point),152.60360509957462,0.39972843341543074,0.42857142857142855,65.40154504267484,122,-32.59845495732516,LOW,-1770.2432611948955,LOW,LOW,HEALTHY,0
2025-05-01,SKU013,158,61,8,43,125,1224215.6,219,0,0,Healthy (> Reorder Point),82.29389569333014,1.9199479945485893,1.1428571428571428,94.05016650666302,219,-81.949833493337,LOW,-829.5267483199617,LOW,LOW,HEALTHY,0
2025-05-01,SKU014,426,304,9,72,264,1329571.56,730,0,0,Healthy (> Reorder Point),126.68761064142299,3.362601898032095,1.2857142857142858,162.88407082468672,730,-495.1159291753133,LOW,-1094.2513276970758,LOW,LOW,HEALTHY,0
2025-05-01,SKU015,366,160,9,71,270,460021.74,526,0,0,Healthy (> Reorder Point),21.863857921842072,16.73995510345705,1.2857142857142858,28.11067447093981,526,-426.8893255290602,LOW,103.63370493789512,HIGH,HIGH,MARKDOWN / CLEAR,40
2025-05-01,SKU016,425,192,7,105,199,853633.75,617,0,0,Healthy (> Reorder Point),81.77833745970412,5.196975301795744,1.0,81.77833745970412,617,-430.2216625402959,LOW,-556.3400495164494,LOW,LOW,HEALTHY,0
2025-05-01,SKU017,375,119,13,90,298,2513722.5,494,0,0,Healthy (> Reorder Point),83.9279095755806,4.4681203415688175,1.8571428571428572,155.8661177832211,494,-248.1338822167789,LOW,-632.1349149069672,LOW,LOW,HEALTHY,0
2025-05-01,SKU018,442,147,8,132,297,1180511.28,589,0,0,Healthy (> Reorder Point),149.6531105639159,2.9534969125230752,1.1428571428571428,171.03212635876102,589,-285.96787364123895,LOW,-1353.8373267669908,LOW,LOW,HEALTHY,0
2025-05-01,SKU019,117,7,10,45,137,380596.32,124,1,0,Reorder Needed (<= Reorder Point),95.61862243779252,1.223611018618447,1.4285714285714286,136.59803205398933,124,57.59803205398933,HIGH,-1030.4234692535103,LOW,HIGH,REORDER NOW,60
2025-05-01,SKU020,1083,486,8,325,675,5999105.22,1569,0,0,Healthy (> Reorder Point),84.59106805499508,12.802770137574226,1.1428571428571428,96.67550634856579,1569,-1147.3244936514343,LOW,67.90718334005908,HIGH,HIGH,MARKDOWN / CLEAR,40
2025-05-01,SKU021,123,197,11,32,122,37768.38,320,0,0,Healthy (> Reorder Point),50.40102463578332,2.440426576420699,1.5714285714285714,79.20161014194522,320,-208.79838985805478,LOW,-481.81229562939984,LOW,LOW,HEALTHY,0
2025-05-01,SKU022,202,341,11,97,246,1091323.18,543,1,0,Reorder Needed (<= Reorder Point),58.31515299485604,3.4639367235788328,1.5714285714285714,91.63809756334521,543,-354.36190243665476,LOW,-497.7818359382725,LOW,LOW,REORDER SOON,0
2025-05-01,SKU023,257,37,10,32,135,978296.2,294,0,0,Healthy (> Reorder Point),87.54378131244553,2.9356739696079814,1.4285714285714286,125.06254473206505,294,-136.93745526793495,LOW,-793.5253757493465,LOW,LOW,HEALTHY,0
2025-05-01,SKU024,345,362,13,97,311,460033.35,707,0,0,Healthy (> Reorder Point),76.4636135364613,4.511949985668522,1.8571428571428572,142.00385371057098,707,-467.996146289429,LOW,-572.5633624375355,LOW,LOW,HEALTHY,0
2025-05-01,SKU025,847,772,4,303,477,3304147.0,1619,0,0,Healthy (> Reorder Point),18.585355361227894,45.57351654232995,0.5714285714285714,10.620203063558796,1619,-1305.3797969364412,LOW,623.9757356652653,HIGH,HIGH,MARKDOWN / CLEAR,40
2025-05-01,SKU026,136,42,6,40,85,840308.64,178,0,0,Healthy (> Reorder Point),133.0415205457043,1.0222372642928368,0.8571428571428571,114.0355890391751,178,-23.96441096082492,LOW,-1460.4982465484513,LOW,LOW,HEALTHY,0
2025-05-01,SKU027,614,389,12,68,332,2814490.04,1003,0,0,Healthy (> Reorder Point),145.90675541794133,4.208167046421073,1.7142857142857142,250.12586643075656,1003,-684.8741335692434,LOW,-1136.881065015296,LOW,LOW,HEALTHY,0
2025-05-01,SKU028,455,166,10,101,358,222422.2,621,0,0,Healthy (> Reorder Point),31.106388794354906,14.627220247519443,1.4285714285714286,44.437698277649865,621,-475.5623017223501,LOW,81.7233344677411,HIGH,HIGH,MARKDOWN / CLEAR,40
2025-05-01,SKU029,516,644,10,195,518,1762707.6,1160,1,0,Reorder Needed (<= Reorder Point),92.13179246289059,5.600672538828957,1.4285714285714286,131.616846375558,1160,-833.383153624442,LOW,-589.581509554687,LOW,LOW,REORDER SOON,0
2025-05-01,SKU030,227,115,4,51,86,468307.81,342,0,0,Healthy (> Reorder Point),29.57372506362793,7.675732411510861,0.5714285714285714,16.899271464930244,342,-274.1007285350697,LOW,-127.88470076353514,LOW,LOW,HEALTHY,0
2025-05-01,SKU031,138,37,10,55,125,348498.3,175,0,0,Healthy (> Reorder Point),112.061080321504,1.2314712619588983,1.4285714285714286,160.08725760214855,175,40.087257602148554,HIGH,-1206.732963858048,LOW,HIGH,REORDER NOW,60
2025-05-01,SKU032,295,2,3,71,113,1347265.0,297,0,0,Healthy (> Reorder Point),54.992586929301225,5.364359388643666,0.42857142857142855,23.568251541129094,297,-202.4317484588709,LOW,-364.91104315161465,LOW,LOW,HEALTHY,0
2025-05-01,SKU033,261,295,8,74,182,887269.5,556,0,0,Healthy (> Reorder Point),102.66265597604806,2.5423071078629915,1.1428571428571428,117.32874968691206,556,-364.67125031308797,LOW,-970.9518717125766,LOW,LOW,HEALTHY,0
2025-05-01,SKU034,75,154,9,49,106,115803.0,229,1,0,Reorder Needed (<= Reorder Point),118.43921646150007,0.6332362053777986,1.2857142857142858,152.27899259335723,229,-27.72100740664277,LOW,-1346.2705975380009,LOW,LOW,REORDER SOON,0
2025-05-01,SKU035,349,465,8,190,394,2041049.72,814,1,0,Reorder Needed (<= Reorder Point),125.03438379015351,2.7912322148580366,1.1428571428571428,142.8964386173183,814,-481.10356138268173,LOW,-1151.412605481842,LOW,LOW,REORDER SOON,0
2025-05-01,SKU036,330,635,10,135,378,494953.8,965,1,0,Reorder Needed (<= Reorder Point),28.401220974970112,11.619218775517705,1.4285714285714286,40.573172821385874,965,-789.4268271786141,LOW,-10.814651699641331,LOW,LOW,REORDER SOON,0
2025-05-01,SKU037,737,831,14,295,1041,4161455.76,1568,1,0,Reorder Needed (<= Reorder Point),148.2476501285819,4.971411009623198,2.0,296.4953002571638,1568,-976.5046997428362,LOW,-1041.971801542983,LOW,LOW,REORDER SOON,0
2025-05-01,SKU038,111,164,14,48,214,355523.01,275,1,0,Reorder Needed (<= Reorder Point),46.60615974096913,2.3816594333651024,2.0,93.21231948193827,275,-133.78768051806173,LOW,-448.2739168916296,LOW,LOW,REORDER SOON,0
2025-05-01,SKU039,95,38,5,25,59,290134.75,133,0,0,Healthy (> Reorder Point),18.63885467149666,5.096879699656551,0.7142857142857143,13.313467622497614,133,-94.68653237750239,LOW,-128.6662560579599,LOW,LOW,HEALTHY,0
2025-05-01,SKU040,188,241,12,55,153,218935.4,429,0,0,Healthy (> Reorder Point),90.19968398617831,2.0842645083857283,1.7142857142857142,154.62802969059138,429,-219.37197030940862,LOW,-894.3962078341397,LOW,LOW,HEALTHY,0
2025-05-01,SKU041,327,1,4,58,134,1854982.71,328,0,0,Healthy (> Reorder Point),64.96817258818683,5.033233766212757,0.5714285714285714,37.124670050392474,328,-232.87532994960753,LOW,-452.618071058242,LOW,LOW,HEALTHY,0
2025-05-01,SKU042,224,150,9,57,141,1738490.88,374,0,0,Healthy (> Reorder Point),136.1102257325676,1.6457249908623337,1.2857142857142858,174.99886165615837,374,-142.00113834384163,LOW,-1409.3227087908112,LOW,LOW,HEALTHY,0
2025-05-01,SKU043,213,479,6,117,273,795033.15,692,1,0,Reorder Needed (<= Reorder Point),130.258832688137,1.6352058098813167,0.8571428571428571,111.65042801840315,692,-463.34957198159685,LOW,-1350.1059922576442,LOW,LOW,REORDER SOON,0
2025-05-01,SKU044,219,338,13,52,184,218349.57,557,0,0,Healthy (> Reorder Point),53.04250247248853,4.128764477384686,1.8571428571428572,98.50750459176442,557,-406.4924954082356,LOW,-417.5100296698623,LOW,LOW,HEALTHY,0
2025-05-01,SKU045,471,283,9,53,210,856428.72,754,0,0,Healthy (> Reorder Point),147.55999314681097,3.1919220783060815,1.2857142857142858,189.71999118875698,754,-511.280008811243,LOW,-1299.7199177617317,LOW,LOW,HEALTHY,0
2025-05-01,SKU046,517,32,14,94,307,2450037.15,549,0,0,Healthy (> Reorder Point),54.18980348712668,9.540540225852977,2.0,108.37960697425336,549,-346.62039302574664,LOW,-133.27764184552018,LOW,LOW,HEALTHY,0
2025-05-01,SKU047,120,113,11,48,127,735423.6,233,1,0,Reorder Needed (<= Reorder Point),88.06846728987554,1.3625762283908323,1.5714285714285714,138.39330574123298,233,-46.60669425876702,LOW,-936.8216074785064,LOW,LOW,REORDER SOON,0
2025-05-01,SKU048,83,53,5,15,37,298693.76,136,0,0,Healthy (> Reorder Point),52.66637908493151,1.5759579724695238,0.7142857142857143,37.61884220352251,136,-83.38115779647748,LOW,-548.9965490191781,LOW,LOW,HEALTHY,0
2025-05-01,SKU049,407,723,10,199,552,2151528.17,1130,1,0,Reorder Needed (<= Reorder Point),147.86670983735698,2.7524789078466108,1.4285714285714286,211.23815691050999,1130,-719.76184308949,LOW,-1367.4005180482836,LOW,LOW,REORDER SOON,0
2025-05-01,SKU050,684,96,9,121,309,2375196.84,780,0,0,Healthy (> Reorder Point),35.23463894720143,19.41271488619377,1.2857142857142858,45.30167864640185,780,-613.6983213535982,LOW,261.1843326335828,HIGH,HIGH,MARKDOWN / CLEAR,40
2025-06-01,SKU001,406,297,3,126,239,1482431.86,703,0,0,Healthy (> Reorder Point),84.35095557248381,4.813223480925704,0.42857142857142855,36.15040953106449,703,-540.8495904689355,LOW,-606.2114668698057,LOW,LOW,HEALTHY,0
2025-06-01,SKU002,606,130,10,89,336,3426687.6,736,0,0,Healthy (> Reorder Point),60.610605206310034,9.998250272163768,1.4285714285714286,86.5865788661572,736,-560.4134211338428,LOW,-121.32726247572043,LOW,LOW,HEALTHY,0
2025-06-01,SKU003,241,92,6,39,117,1481868.03,333,0,0,Healthy (> Reorder Point),34.20813909588409,7.045106994112901,0.8571428571428571,29.321262082186365,333,-264.67873791781363,LOW,-169.4976691506091,LOW,LOW,HEALTHY,0
2025-06-01,SKU004,147,692,11,162,401,182703.36,839,1,1,Critical (<= Safety Stock),27.974245966626015,5.2548333268884075,1.5714285714285714,43.959529376126596,839,-633.0404706238734,LOW,-188.69095159951218,LOW,LOW,REORDER SOON,0
2025-06-01,SKU005,699,474,6,169,316,5195268.57,1173,0,0,Healthy (> Reorder Point),101.36967098364632,6.895553603136067,0.8571428571428571,86.88828941455398,1173,-917.111710585446,LOW,-517.4360518037558,LOW,LOW,HEALTHY,0
2025-06-01,SKU006,509,111,8,174,349,3372837.6,620,0,0,Healthy (> Reorder Point),37.22048017150538,13.67526688679507,1.1428571428571428,42.537691624577576,620,-403.4623083754224,LOW,62.35423794193548,HIGH,HIGH,MARKDOWN / CLEAR,40
2025-06-01,SKU007,519,600,11,76,322,2360427.57,1119,0,0,Healthy (> Reorder Point),148.4626504518179,3.495828738208041,1.5714285714285714,233.29845070999954,1119,-809.7015492900005,LOW,-1262.5518054218146,LOW,LOW,HEALTHY,0
2025-06-01,SKU008,903,398,4,148,264,6017718.42,1301,0,0,Healthy (> Reorder Point),97.15146048182743,9.294765055733874,0.5714285714285714,55.515120275329956,1301,-1097.48487972467,LOW,-262.81752578192913,LOW,LOW,HEALTHY,0
2025-06-01,SKU009,263,120,3,79,116,788363.54,383,0,0,Healthy (> Reorder Point),61.66929685639556,4.264682968778247,0.42857142857142855,26.429698652740953,383,-277.57030134725903,LOW,-477.03156227674674,LOW,LOW,HEALTHY,0
2025-06-01,SKU010,36,6,10,18,59,258180.84,42,1,0,Reorder Needed (<= Reorder Point),99.10270304793268,0.3632595165702796,1.4285714285714286,141.57529006847525,42,117.57529006847525,HIGH,-1153.2324365751922,LOW,HIGH,REORDER NOW,60
2025-06-01,SKU011,735,114,3,155,236,2842311.15,849,0,0,Healthy (> Reorder Point),18.21293984749243,40.35592310492341,0.42857142857142855,7.805545648925326,849,-686.1944543510747,LOW,516.4447218300909,HIGH,HIGH,MARKDOWN / CLEAR,40
2025-06-01,SKU012,62,73,3,24,37,89635.88,135,0,0,Healthy (> Reorder Point),152.60360509957462,0.4062813585533886,0.42857142857142855,65.40154504267484,135,-45.59845495732516,LOW,-1769.2432611948955,LOW,LOW,HEALTHY,0
2025-06-01,SKU013,177,207,7,44,121,1371431.4,384,0,0,Healthy (> Reorder Point),82.29389569333014,2.1508278166778503,1.0,82.29389569333014,384,-257.7061043066699,LOW,-810.5267483199617,LOW,LOW,HEALTHY,0
2025-06-01,SKU014,236,52,10,72,297,736570.16,288,1,0,Reorder Needed (<= Reorder Point),126.68761064142299,1.8628498777830387,1.4285714285714286,180.98230091631856,288,-35.017699083681435,LOW,-1284.2513276970758,LOW,LOW,REORDER SOON,0
2025-06-01,SKU015,324,115,8,130,299,407232.36,439,0,0,Healthy (> Reorder Point),21.863857921842072,14.818976648961977,1.1428571428571428,24.987266196390937,439,-284.0127338036091,LOW,61.63370493789512,HIGH,HIGH,MARKDOWN / CLEAR,40
2025-06-01,SKU016,123,148,6,79,147,247051.65,271,1,0,Reorder Needed (<= Reorder Point),81.77833745970412,1.5040657932255919,0.8571428571428571,70.09571782260353,271,-121.90428217739645,LOW,-858.3400495164494,LOW,LOW,REORDER SOON,0
2025-06-01,SKU017,443,222,5,53,131,2969544.18,665,0,0,Healthy (> Reorder Point),83.9279095755806,5.278339496839963,0.7142857142857143,59.94850683970043,665,-552.0514931602995,LOW,-564.1349149069672,LOW,LOW,HEALTHY,0
2025-06-01,SKU018,568,78,11,69,277,1517037.12,646,0,0,Healthy (> Reorder Point),149.6531105639159,3.795443996183499,1.5714285714285714,235.16917374329643,646,-341.8308262567036,LOW,-1227.8373267669908,LOW,LOW,HEALTHY,0
2025-06-01,SKU019,305,167,7,67,131,992152.8,472,0,0,Healthy (> Reorder Point),95.61862243779252,3.1897552194754386,1.0,95.61862243779252,472,-309.3813775622075,LOW,-842.4234692535103,LOW,LOW,HEALTHY,0
2025-06-01,SKU020,1031,884,6,265,511,5711059.54,1915,0,0,Healthy (> Reorder Point),84.59106805499508,12.188048025705472,0.8571428571428571,72.50662976142435,1915,-1577.4933702385756,LOW,15.907183340059078,HIGH,HIGH,MARKDOWN / CLEAR,40
2025-06-01,SKU021,248,70,4,37,66,76150.88,318,0,0,Healthy (> Reorder Point),50.40102463578332,4.920534885791328,0.5714285714285714,28.800585506161898,318,-252.1994144938381,LOW,-356.81229562939984,LOW,LOW,HEALTHY,0
2025-06-01,SKU022,97,172,10,73,205,524051.23,269,1,0,Reorder Needed (<= Reorder Point),58.31515299485604,1.6633755553819147,1.4285714285714286,83.30736142122292,269,-112.69263857877706,LOW,-602.7818359382725,LOW,LOW,REORDER SOON,0
2025-06-01,SKU023,201,180,3,73,108,765126.6,381,0,0,Healthy (> Reorder Point),87.54378131244553,2.295994038487176,0.42857142857142855,37.51876341961951,381,-270.4812365803805,LOW,-849.5253757493465,LOW,LOW,HEALTHY,0
2025-06-01,SKU024,536,132,6,137,240,714718.48,668,0,0,Healthy (> Reorder Point),76.4636135364613,7.0098701226618205,0.8571428571428571,65.54024017410968,668,-465.45975982589033,LOW,-381.5633624375355,LOW,LOW,HEALTHY,0
2025-06-01,SKU025,1181,324,6,170,407,4607081.0,1505,0,0,Healthy (> Reorder Point),18.585355361227894,63.5446552969205,0.8571428571428571,15.930304595338194,1505,-1319.0696954046618,LOW,957.9757356652653,HIGH,HIGH,MARKDOWN / CLEAR,40
2025-06-01,SKU026,75,119,10,41,112,463405.5,194,1,0,Reorder Needed (<= Reorder Point),133.0415205457043,0.5637337854556086,1.4285714285714286,190.05931506529186,194,37.059315065291855,HIGH,-1521.4982465484513,LOW,HIGH,REORDER NOW,60
2025-06-01,SKU027,534,9,6,144,268,2447781.24,543,0,0,Healthy (> Reorder Point),145.90675541794133,3.6598716657798906,0.8571428571428571,125.06293321537828,543,-273.9370667846217,LOW,-1216.881065015296,LOW,LOW,HEALTHY,0
2025-06-01,SKU028,435,276,12,103,399,212645.4,711,0,0,Healthy (> Reorder Point),31.106388794354906,13.984265511364741,1.7142857142857142,53.325237933179835,711,-554.6747620668202,LOW,61.7233344677411,HIGH,HIGH,MARKDOWN / CLEAR,40
2025-06-01,SKU029,338,257,8,179,457,1154641.8,595,1,0,Reorder Needed (<= Reorder Point),92.13179246289059,3.668657593263929,1.1428571428571428,105.29347710044638,595,-310.70652289955365,LOW,-767.581509554687,LOW,LOW,REORDER SOON,0
2025-06-01,SKU030,265,76,3,30,54,546702.95,341,0,0,Healthy (> Reorder Point),29.57372506362793,8.960656779957613,0.42857142857142855,12.674453598697683,341,-298.3255464013023,LOW,-89.88470076353514,LOW,LOW,HEALTHY,0
2025-06-01,SKU031,100,6,14,36,131,252535.0,106,1,0,Reorder Needed (<= Reorder Point),112.061080321504,0.8923704796803612,2.0,224.122160643008,106,154.122160643008,HIGH,-1244.732963858048,LOW,HIGH,REORDER NOW,60
2025-06-01,SKU032,129,410,12,93,268,589143.0,539,1,0,Reorder Needed (<= Reorder Point),54.992586929301225,2.3457707157119763,1.7142857142857142,94.27300616451637,539,-351.72699383548365,LOW,-530.9110431516146,LOW,LOW,REORDER SOON,0
2025-06-01,SKU033,380,79,12,44,216,1291810.0,459,0,0,Healthy (> Reorder Point),102.66265597604806,3.7014432988043553,1.7142857142857142,175.99312453036808,459,-239.00687546963192,LOW,-851.9518717125766,LOW,LOW,HEALTHY,0
2025-06-01,SKU034,50,112,6,50,91,77202.0,162,1,1,Critical (<= Safety Stock),118.43921646150007,0.42215747025186573,0.8571428571428571,101.51932839557148,162,-10.480671604428522,LOW,-1371.2705975380009,LOW,LOW,REORDER SOON,0
2025-06-01,SKU035,621,356,5,173,302,3631781.88,977,0,0,Healthy (> Reorder Point),125.03438379015351,4.966633826437939,0.7142857142857143,89.31027413582395,977,-714.6897258641761,LOW,-879.4126054818421,LOW,LOW,HEALTHY,0
2025-06-01,SKU036,348,375,9,84,303,521951.28,723,0,0,Healthy (> Reorder Point),28.401220974970112,12.252994345091398,1.2857142857142858,36.51585553924729,723,-602.4841444607528,LOW,7.185348300358669,HIGH,HIGH,MARKDOWN / CLEAR,40
2025-06-01,SKU037,338,638,10,391,928,1908510.24,976,1,1,Critical (<= Safety Stock),148.2476501285819,2.2799686855531083,1.4285714285714286,211.7823573265456,976,-373.2176426734544,LOW,-1440.971801542983,LOW,LOW,REORDER SOON,0
2025-06-01,SKU038,367,137,8,90,187,1175467.97,504,0,0,Healthy (> Reorder Point),46.60615974096913,7.874495604008943,1.1428571428571428,53.264182561107575,504,-360.7358174388924,LOW,-192.2739168916296,LOW,LOW,HEALTHY,0
2025-06-01,SKU039,231,38,9,40,103,705485.55,269,0,0,Healthy (> Reorder Point),18.63885467149666,12.393465374954351,1.2857142857142858,23.964241720495707,269,-205.0357582795043,LOW,7.333743942040087,HIGH,HIGH,MARKDOWN / CLEAR,40
2025-06-01,SKU040,152,208,13,56,160,177011.6,360,1,0,Reorder Needed (<= Reorder Point),90.19968398617831,1.6851500280565463,1.8571428571428572,167.51369883147402,360,-136.48630116852598,LOW,-930.3962078341397,LOW,LOW,REORDER SOON,0
2025-06-01,SKU041,476,429,11,75,290,2700219.48,905,0,0,Healthy (> Reorder Point),64.96817258818683,7.326664442560466,1.5714285714285714,102.0928426385793,905,-727.9071573614207,LOW,-303.618071058242,LOW,LOW,HEALTHY,0
2025-06-01,SKU042,117,126,4,38,75,908051.04,243,0,0,Healthy (> Reorder Point),136.1102257325676,0.8595974282629153,0.5714285714285714,77.7772718471815,243,-127.2227281528185,LOW,-1516.3227087908112,LOW,LOW,HEALTHY,0
2025-06-01,SKU043,490,465,5,195,326,1828949.5,955,0,0,Healthy (> Reorder Point),130.258832688137,3.7617410649851886,0.7142857142857143,93.04202334866929,955,-666.9579766513307,LOW,-1073.1059922576442,LOW,LOW,HEALTHY,0
2025-06-01,SKU044,54,239,9,47,128,53839.62,293,1,0,Reorder Needed (<= Reorder Point),53.04250247248853,1.0180515149715663,1.2857142857142858,68.19750317891383,293,-177.80249682108615,LOW,-582.5100296698623,LOW,LOW,REORDER SOON,0
2025-06-01,SKU045,496,303,8,128,265,901886.72,799,0,0,Healthy (> Reorder Point),147.55999314681097,3.3613446939274234,1.1428571428571428,168.63999216778396,799,-502.36000783221607,LOW,-1274.7199177617317,LOW,LOW,HEALTHY,0
2025-06-01,SKU046,321,297,13,81,277,1521202.95,618,0,0,Healthy (> Reorder Point),54.18980348712668,5.923623621854556,1.8571428571428572,100.6382064760924,618,-436.3617935239076,LOW,-329.2776418455202,LOW,LOW,HEALTHY,0
2025-06-01,SKU047,53,162,6,43,85,324812.09,215,1,0,Reorder Needed (<= Reorder Point),88.06846728987554,0.6018045008726176,0.8571428571428571,75.48725767703617,215,-96.51274232296383,LOW,-1003.8216074785064,LOW,LOW,REORDER SOON,0
2025-06-01,SKU048,121,92,13,32,84,435445.12,213,0,0,Healthy (> Reorder Point),52.66637908493151,2.2974808996242455,1.8571428571428572,97.80898972915853,213,-83.19101027084147,LOW,-510.99654901917813,LOW,LOW,HEALTHY,0
2025-06-01,SKU049,720,860,12,252,672,3806143.2,1580,0,0,Healthy (> Reorder Point),147.86670983735698,4.869250156387125,1.7142857142857142,253.48578829261194,1580,-1074.514211707388,LOW,-1054.4005180482836,LOW,LOW,HEALTHY,0
2025-06-01,SKU050,370,439,14,151,440,1284828.7,809,1,0,Reorder Needed (<= Reorder Point),35.23463894720143,10.5010299822978,2.0,70.46927789440286,809,-587.5307221055971,LOW,-52.81566736641719,LOW,LOW,REORDER SOON,0
2025-07-01,SKU001,1121,404,4,214,376,4093118.51,1525,0,0,Healthy (> Reorder Point),84.35095557248381,13.289713108664323,0.5714285714285714,48.200546041419315,1525,-1262.7994539585807,LOW,108.78853313019431,HIGH,HIGH,MARKDOWN / CLEAR,40
2025-07-01,SKU002,774,228,7,193,363,4376660.4,1002,0,0,Healthy (> Reorder Point),60.610605206310034,12.77004242682303,1.0,60.610605206310034,1002,-748.3893947936899,LOW,46.67273752427957,HIGH,HIGH,MARKDOWN / CLEAR,40
2025-07-01,SKU003,280,295,11,101,272,1721672.4,575,0,0,Healthy (> Reorder Point),34.20813909588409,8.185186549176814,1.5714285714285714,53.755647150675,575,-420.24435284932497,LOW,-130.4976691506091,LOW,LOW,HEALTHY,0
2025-07-01,SKU004,393,394,9,86,278,488451.84,787,0,0,Healthy (> Reorder Point),27.974245966626015,14.048636037191457,1.2857142857142858,35.966887671376305,787,-665.0331123286237,LOW,57.309048400487825,HIGH,HIGH,MARKDOWN / CLEAR,40
2025-07-01,SKU005,509,198,13,197,540,3783106.87,707,1,0,Reorder Needed (<= Reorder Point),101.36967098364632,5.0212257281777655,1.8571428571428572,188.2579603982003,707,-321.74203960179966,LOW,-707.4360518037558,LOW,LOW,REORDER SOON,0
2025-07-01,SKU006,428,321,14,101,400,2836099.2,749,0,0,Healthy (> Reorder Point),37.22048017150538,11.499045633690157,2.0,74.44096034301076,749,-573.5590396569892,LOW,-18.64576205806452,LOW,LOW,HEALTHY,0
2025-07-01,SKU007,643,313,11,147,400,2924383.29,956,0,0,Healthy (> Reorder Point),148.4626504518179,4.331055642905145,1.5714285714285714,233.29845070999954,956,-575.7015492900005,LOW,-1138.5518054218146,LOW,LOW,HEALTHY,0
2025-07-01,SKU008,538,374,4,169,291,3585307.32,912,0,0,Healthy (> Reorder Point),97.15146048182743,5.537744850481533,0.5714285714285714,55.515120275329956,912,-687.48487972467,LOW,-627.8175257819291,LOW,LOW,HEALTHY,0
2025-07-01,SKU009,229,57,4,49,98,686445.82,286,0,0,Healthy (> Reorder Point),61.66929685639556,3.713355132510336,0.5714285714285714,35.2395982036546,286,-201.7604017963454,LOW,-511.03156227674674,LOW,LOW,HEALTHY,0
2025-07-01,SKU010,69,83,5,32,52,494846.61,152,0,0,Healthy (> Reorder Point),99.10270304793268,0.6962474067597025,0.7142857142857143,70.78764503423763,152,-49.21235496576237,LOW,-1120.2324365751922,LOW,LOW,HEALTHY,0
2025-07-01,SKU011,214,218,7,103,309,827557.26,432,1,0,Reorder Needed (<= Reorder Point),18.21293984749243,11.749887815583143,1.0,18.21293984749243,432,-310.7870601525076,LOW,-4.555278169909144,LOW,LOW,REORDER SOON,0
2025-07-01,SKU012,128,164,14,27,84,185054.72,292,0,0,Healthy (> Reorder Point),152.60360509957462,0.8387744176586087,2.0,305.20721019914924,292,40.207210199149245,HIGH,-1703.2432611948955,LOW,HIGH,REORDER NOW,60
2025-07-01,SKU013,332,189,6,35,97,2572402.4,521,0,0,Healthy (> Reorder Point),82.29389569333014,4.034321102469188,0.8571428571428571,70.53762487999727,521,-415.4623751200027,LOW,-655.5267483199617,LOW,LOW,HEALTHY,0
2025-07-01,SKU014,345,450,14,94,395,1076765.7,795,1,0,Reorder Needed (<= Reorder Point),126.68761064142299,2.7232339315048657,2.0,253.37522128284598,795,-447.624778717154,LOW,-1175.2513276970758,LOW,LOW,REORDER SOON,0
2025-07-01,SKU015,420,423,10,125,343,527893.8,843,0,0,Healthy (> Reorder Point),21.863857921842072,19.20978454495071,1.4285714285714286,31.234082745488674,843,-686.7659172545114,LOW,157.63370493789512,HIGH,HIGH,MARKDOWN / CLEAR,40
2025-07-01,SKU016,269,1,3,50,86,540299.95,270,0,0,Healthy (> Reorder Point),81.77833745970412,3.2893796616071884,0.42857142857142855,35.047858911301766,270,-184.95214108869823,LOW,-712.3400495164494,LOW,LOW,HEALTHY,0
2025-07-01,SKU017,143,61,13,60,248,958566.18,204,1,0,Reorder Needed (<= Reorder Point),83.9279095755806,1.703843223584909,1.8571428571428572,155.8661177832211,204,11.866117783221114,HIGH,-864.1349149069672,LOW,HIGH,REORDER NOW,60
2025-07-01,SKU018,631,96,4,62,144,1685300.04,727,0,0,Healthy (> Reorder Point),149.6531105639159,4.216417538013711,0.5714285714285714,85.51606317938051,727,-579.4839368206194,LOW,-1164.8373267669908,LOW,LOW,HEALTHY,0
2025-07-01,SKU019,317,309,11,69,174,1031188.32,626,0,0,Healthy (> Reorder Point),95.61862243779252,3.315253785487587,1.5714285714285714,150.25783525938826,626,-406.74216474061177,LOW,-830.4234692535103,LOW,LOW,HEALTHY,0
2025-07-01,SKU020,568,558,5,194,415,3146345.12,1126,0,0,Healthy (> Reorder Point),84.59106805499508,6.714656914258689,0.7142857142857143,60.42219146785363,1126,-871.5778085321464,LOW,-447.0928166599409,LOW,LOW,HEALTHY,0
2025-07-01,SKU021,286,38,8,64,132,87819.16,324,0,0,Healthy (> Reorder Point),50.40102463578332,5.674487811839999,1.1428571428571428,57.601171012323796,324,-202.3988289876762,LOW,-318.81229562939984,LOW,LOW,HEALTHY,0
2025-07-01,SKU022,83,171,5,79,152,448414.97,254,1,0,Reorder Needed (<= Reorder Point),58.31515299485604,1.423300732955659,0.7142857142857143,41.65368071061146,254,-133.34631928938853,LOW,-616.7818359382725,LOW,LOW,REORDER SOON,0
2025-07-01,SKU023,290,166,12,78,210,1103914.0,456,0,0,Healthy (> Reorder Point),87.54378131244553,3.312628214732742,1.7142857142857142,150.07505367847804,456,-227.92494632152196,LOW,-760.5253757493465,LOW,LOW,HEALTHY,0
2025-07-01,SKU024,429,261,12,125,340,572041.47,690,0,0,Healthy (> Reorder Point),76.4636135364613,5.610511721309554,1.7142857142857142,131.08048034821937,690,-433.91951965178066,LOW,-488.5633624375355,LOW,LOW,HEALTHY,0
2025-07-01,SKU025,365,573,7,171,461,1423865.0,938,1,0,Reorder Needed (<= Reorder Point),18.585355361227894,19.639118698878903,1.0,18.585355361227894,938,-748.4146446387721,LOW,141.9757356652653,HIGH,HIGH,REORDER SOON,40
2025-07-01,SKU026,172,248,13,52,138,1062743.28,420,0,0,Healthy (> Reorder Point),133.0415205457043,1.292829481311529,1.8571428571428572,247.0771095848794,420,-120.9228904151206,LOW,-1424.4982465484513,LOW,LOW,HEALTHY,0
2025-07-01,SKU027,281,658,11,117,351,1288064.66,939,1,0,Reorder Needed (<= Reorder Point),145.90675541794133,1.925887524502152,1.5714285714285714,229.2820442281935,939,-592.7179557718065,LOW,-1469.881065015296,LOW,LOW,REORDER SOON,0
2025-07-01,SKU028,823,18,6,125,268,402315.32,841,0,0,Healthy (> Reorder Point),31.106388794354906,26.457587392765937,0.8571428571428571,26.662618966589918,841,-689.3373810334101,LOW,449.7233344677411,HIGH,HIGH,MARKDOWN / CLEAR,40
2025-07-01,SKU029,242,99,7,147,378,826696.2,341,1,0,Reorder Needed (<= Reorder Point),92.13179246289059,2.6266720046445884,1.0,92.13179246289059,341,-101.86820753710941,LOW,-863.581509554687,LOW,LOW,REORDER SOON,0
2025-07-01,SKU030,286,63,13,43,150,590026.58,349,0,0,Healthy (> Reorder Point),29.57372506362793,9.670746562520293,1.8571428571428572,54.922632261023296,349,-251.0773677389767,LOW,-68.88470076353514,LOW,LOW,HEALTHY,0
2025-07-01,SKU031,59,152,10,49,130,148995.65,211,1,0,Reorder Needed (<= Reorder Point),112.061080321504,0.5264985830114131,1.4285714285714286,160.08725760214855,211,-1.9127423978514457,LOW,-1285.732963858048,LOW,LOW,REORDER SOON,0
2025-07-01,SKU032,408,231,13,63,259,1863336.0,639,0,0,Healthy (> Reorder Point),54.992586929301225,7.419181798530901,1.8571428571428572,102.12909001155943,639,-473.8709099884406,LOW,-251.91104315161465,LOW,LOW,HEALTHY,0
2025-07-01,SKU033,332,299,7,76,166,1128634.0,631,0,0,Healthy (> Reorder Point),102.66265597604806,3.233892566323805,1.0,102.66265597604806,631,-452.3373440239519,LOW,-899.9518717125766,LOW,LOW,HEALTHY,0
2025-07-01,SKU034,137,205,13,22,113,211533.48,342,0,0,Healthy (> Reorder Point),118.43921646150007,1.156711468490112,1.8571428571428572,219.95854485707156,342,-100.04145514292844,LOW,-1284.2705975380009,LOW,LOW,HEALTHY,0
2025-07-01,SKU035,830,605,10,91,331,4854072.4,1435,0,0,Healthy (> Reorder Point),125.03438379015351,6.638174035335732,1.4285714285714286,178.6205482716479,1435,-1165.3794517283523,LOW,-670.4126054818421,LOW,LOW,HEALTHY,0
2025-07-01,SKU036,687,362,4,183,276,1030403.82,1049,0,0,Healthy (> Reorder Point),28.401220974970112,24.18910090539595,0.5714285714285714,16.22926912855435,1049,-849.7707308714457,LOW,346.18534830035867,HIGH,HIGH,MARKDOWN / CLEAR,40
2025-07-01,SKU037,749,612,10,354,907,4229213.52,1361,1,0,Reorder Needed (<= Reorder Point),148.2476501285819,5.0523566434298175,1.4285714285714286,211.7823573265456,1361,-795.2176426734544,LOW,-1029.971801542983,LOW,LOW,REORDER SOON,0
2025-07-01,SKU038,346,93,9,60,177,1108206.86,439,0,0,Healthy (> Reorder Point),46.60615974096913,7.423911386885815,1.2857142857142858,59.92220538124603,439,-319.07779461875396,LOW,-213.2739168916296,LOW,LOW,HEALTHY,0
2025-07-01,SKU039,122,64,4,43,65,372594.1,186,0,0,Healthy (> Reorder Point),18.63885467149666,6.5454665616642025,0.5714285714285714,10.65077409799809,186,-132.3492259020019,LOW,-101.66625605795991,LOW,LOW,HEALTHY,0
2025-07-01,SKU040,145,53,3,31,54,168859.75,198,0,0,Healthy (> Reorder Point),90.19968398617831,1.6075444346592054,0.42857142857142855,38.657007422647844,198,-128.34299257735216,LOW,-937.3962078341397,LOW,LOW,HEALTHY,0
2025-07-01,SKU041,620,70,14,145,424,3517092.6,690,0,0,Healthy (> Reorder Point),64.96817258818683,9.543134357956909,2.0,129.93634517637366,690,-415.06365482362634,LOW,-159.61807105824198,LOW,LOW,HEALTHY,0
2025-07-01,SKU042,186,40,8,37,106,1443568.32,226,0,0,Healthy (> Reorder Point),136.1102257325676,1.3665395013410448,1.1428571428571428,155.554543694363,226,-33.44545630563701,LOW,-1447.3227087908112,LOW,LOW,HEALTHY,0
2025-07-01,SKU043,565,297,12,176,505,2108890.75,862,0,0,Healthy (> Reorder Point),130.258832688137,4.337517758605371,1.7142857142857142,223.3008560368063,862,-462.6991439631937,LOW,-998.1059922576442,LOW,LOW,HEALTHY,0
2025-07-01,SKU044,268,105,7,39,101,267204.04,373,0,0,Healthy (> Reorder Point),53.04250247248853,5.052551963192218,1.0,53.04250247248853,373,-280.95749752751146,LOW,-368.5100296698623,LOW,LOW,HEALTHY,0
2025-07-01,SKU045,352,159,6,58,168,640048.64,511,0,0,Healthy (> Reorder Point),147.55999314681097,2.385470427948494,0.8571428571428571,126.47999412583796,511,-326.52000587416205,LOW,-1418.7199177617317,LOW,LOW,HEALTHY,0
2025-07-01,SKU046,125,316,3,126,176,592368.75,441,1,1,Critical (<= Safety Stock),54.18980348712668,2.3067070178561355,0.42857142857142855,23.224201494482863,441,-291.7757985055172,LOW,-525.2776418455202,LOW,LOW,REORDER SOON,0
2025-07-01,SKU047,70,198,10,49,124,428997.1,268,1,0,Reorder Needed (<= Reorder Point),88.06846728987554,0.7948361332279855,1.4285714285714286,125.81209612839363,268,-93.18790387160635,LOW,-986.8216074785064,LOW,LOW,REORDER SOON,0
2025-07-01,SKU048,55,78,5,22,43,197929.6,133,0,0,Healthy (> Reorder Point),52.66637908493151,1.0443094998292024,0.7142857142857143,37.61884220352251,133,-73.38115779647748,LOW,-576.9965490191781,LOW,LOW,HEALTHY,0
2025-07-01,SKU049,1119,127,5,195,372,5915380.89,1246,0,0,Healthy (> Reorder Point),147.86670983735698,7.567626284718322,0.7142857142857143,105.61907845525499,1246,-945.380921544745,LOW,-655.4005180482836,LOW,LOW,HEALTHY,0
2025-07-01,SKU050,202,220,7,106,249,701447.02,422,1,0,Reorder Needed (<= Reorder Point),35.23463894720143,5.732994747092312,1.0,35.23463894720143,422,-280.76536105279854,LOW,-220.8156673664172,LOW,LOW,REORDER SOON,0
2025-08-01,SKU001,709,1015,9,238,533,2588778.79,1724,0,0,Healthy (> Reorder Point),84.35095557248381,8.405358246247104,1.2857142857142858,108.45122859319348,1724,-1377.5487714068065,LOW,-303.2114668698057,LOW,LOW,HEALTHY,0
2025-08-01,SKU002,644,76,14,87,373,3641562.4,720,0,0,Healthy (> Reorder Point),60.610605206310034,10.625203259527172,2.0,121.22121041262007,720,-511.77878958737995,LOW,-83.32726247572043,LOW,LOW,HEALTHY,0
2025-08-01,SKU003,143,206,4,97,145,879282.69,349,1,0,Reorder Needed (<= Reorder Point),34.20813909588409,4.180291701901016,0.5714285714285714,19.54750805479091,349,-232.4524919452091,LOW,-267.4976691506091,LOW,LOW,REORDER SOON,0
2025-08-01,SKU004,167,186,7,116,244,207560.96,353,1,0,Reorder Needed (<= Reorder Point),27.974245966626015,5.969776636669144,1.0,27.974245966626015,353,-209.02575403337397,LOW,-168.69095159951218,LOW,LOW,REORDER SOON,0
2025-08-01,SKU005,483,200,6,65,186,3589863.69,683,0,0,Healthy (> Reorder Point),101.36967098364632,4.764738755815051,0.8571428571428571,86.88828941455398,683,-531.111710585446,LOW,-733.4360518037558,LOW,LOW,HEALTHY,0
2025-08-01,SKU006,345,403,10,125,301,2286108.0,748,0,0,Healthy (> Reorder Point),37.22048017150538,9.269090522483888,1.4285714285714286,53.17211453072197,748,-569.827885469278,LOW,-101.64576205806452,LOW,LOW,HEALTHY,0
2025-08-01,SKU007,478,98,7,89,224,2173958.34,576,0,0,Healthy (> Reorder Point),148.4626504518179,3.21966500359045,1.0,148.4626504518179,576,-338.5373495481821,LOW,-1303.5518054218146,LOW,LOW,HEALTHY,0
2025-08-01,SKU008,238,222,6,108,257,1586065.32,460,1,0,Reorder Needed (<= Reorder Point),97.15146048182743,2.449783037945362,0.8571428571428571,83.27268041299493,460,-268.72731958700507,LOW,-927.8175257819291,LOW,LOW,REORDER SOON,0
2025-08-01,SKU009,129,49,8,30,107,386687.82,178,0,0,Healthy (> Reorder Point),61.66929685639556,2.0918026728988357,1.1428571428571428,70.4791964073092,178,-77.5208035926908,LOW,-611.0315622767467,LOW,LOW,HEALTHY,0
2025-08-01,SKU010,38,4,4,14,27,272524.22,42,0,0,Healthy (> Reorder Point),99.10270304793268,0.383440600824184,0.5714285714285714,56.6301160273901,42,28.630116027390102,HIGH,-1151.2324365751922,LOW,HIGH,REORDER NOW,60
2025-08-01,SKU011,145,441,4,178,276,560728.05,586,1,1,Critical (<= Safety Stock),18.21293984749243,7.9613725853250275,0.5714285714285714,10.407394198567102,586,-397.5926058014329,LOW,-73.55527816990914,LOW,LOW,REORDER SOON,0
2025-08-01,SKU012,55,112,13,27,82,79515.7,167,1,0,Reorder Needed (<= Reorder Point),152.60360509957462,0.36041088258768345,1.8571428571428572,283.40669518492433,167,143.40669518492433,HIGH,-1776.2432611948955,LOW,HIGH,REORDER NOW,60
2025-08-01,SKU013,272,91,7,36,95,2107510.4,363,0,0,Healthy (> Reorder Point),82.29389569333014,3.3052269273241537,1.0,82.29389569333014,363,-244.70610430666986,LOW,-715.5267483199617,LOW,LOW,HEALTHY,0
2025-08-01,SKU014,376,384,8,100,246,1173518.56,760,0,0,Healthy (> Reorder Point),126.68761064142299,2.967930313756028,1.1428571428571428,144.78584073305484,760,-515.2141592669452,LOW,-1144.2513276970758,LOW,LOW,HEALTHY,0
2025-08-01,SKU015,109,481,9,79,241,137001.01,590,1,0,Reorder Needed (<= Reorder Point),21.863857921842072,4.9853964652372085,1.2857142857142858,28.11067447093981,590,-482.8893255290602,LOW,-153.36629506210488,LOW,LOW,REORDER SOON,0
2025-08-01,SKU016,236,119,10,46,152,474017.8,355,0,0,Healthy (> Reorder Point),81.77833745970412,2.885849814644225,1.4285714285714286,116.82619637100589,355,-192.1738036289941,LOW,-745.3400495164494,LOW,LOW,HEALTHY,0
2025-08-01,SKU017,275,371,13,61,231,1843396.5,646,0,0,Healthy (> Reorder Point),83.9279095755806,3.276621583817133,1.8571428571428572,155.8661177832211,646,-429.1338822167789,LOW,-732.1349149069672,LOW,LOW,HEALTHY,0
2025-08-01,SKU018,480,61,11,133,324,1282003.2,541,0,0,Healthy (> Reorder Point),149.6531105639159,3.2074174615635203,1.5714285714285714,235.16917374329643,541,-172.83082625670357,LOW,-1315.8373267669908,LOW,LOW,HEALTHY,0
2025-08-01,SKU019,185,231,11,62,154,601797.6,416,0,0,Healthy (> Reorder Point),95.61862243779252,1.9347695593539547,1.5714285714285714,150.25783525938826,416,-203.74216474061174,LOW,-962.4234692535103,LOW,LOW,HEALTHY,0
2025-08-01,SKU020,636,223,5,117,292,3523020.24,859,0,0,Healthy (> Reorder Point),84.59106805499508,7.518524291317828,0.7142857142857143,60.42219146785363,859,-681.5778085321464,LOW,-379.0928166599409,LOW,LOW,HEALTHY,0
2025-08-01,SKU021,33,8,6,48,86,10132.98,41,1,1,Critical (<= Safety Stock),50.40102463578332,0.6547485936738461,0.8571428571428571,43.20087825924285,41,50.20087825924284,HIGH,-571.8122956293998,LOW,HIGH,REORDER NOW,60
2025-08-01,SKU022,74,116,13,60,211,399791.66,190,1,0,Reorder Needed (<= Reorder Point),58.31515299485604,1.2689669185387804,1.8571428571428572,108.2995698475898,190,-21.700430152410206,LOW,-625.7818359382725,LOW,LOW,REORDER SOON,0
2025-08-01,SKU023,228,286,13,37,151,867904.8,514,0,0,Healthy (> Reorder Point),87.54378131244553,2.6044111481347074,1.8571428571428572,162.58130815168457,514,-314.41869184831546,LOW,-822.5253757493465,LOW,LOW,HEALTHY,0
2025-08-01,SKU024,182,318,5,91,162,242684.26,500,0,0,Healthy (> Reorder Point),76.4636135364613,2.380217093888902,0.7142857142857143,54.61686681175807,500,-354.3831331882419,LOW,-735.5633624375355,LOW,LOW,HEALTHY,0
2025-08-01,SKU025,594,562,8,227,507,2317194.0,1156,0,0,Healthy (> Reorder Point),18.585355361227894,31.960647964750873,1.1428571428571428,21.24040612711759,1156,-907.7595938728824,LOW,370.9757356652653,HIGH,HIGH,MARKDOWN / CLEAR,40
2025-08-01,SKU026,96,90,12,20,97,593159.04,186,1,0,Reorder Needed (<= Reorder Point),133.0415205457043,0.721579245383179,1.7142857142857142,228.0711780783502,186,62.07117807835019,HIGH,-1500.4982465484513,LOW,HIGH,REORDER NOW,60
2025-08-01,SKU027,263,604,11,127,340,1205555.18,867,1,0,Reorder Needed (<= Reorder Point),145.90675541794133,1.8025210638578861,1.5714285714285714,229.2820442281935,867,-510.7179557718065,LOW,-1487.881065015296,LOW,LOW,REORDER SOON,0
2025-08-01,SKU028,584,303,6,72,193,285482.56,887,0,0,Healthy (> Reorder Point),31.106388794354906,18.774278295717263,0.8571428571428571,26.662618966589918,887,-788.3373810334101,LOW,210.7233344677411,HIGH,HIGH,MARKDOWN / CLEAR,40
2025-08-01,SKU029,773,394,6,169,338,2640645.3,1167,0,0,Healthy (> Reorder Point),92.13179246289059,8.390154791695318,0.8571428571428571,78.97010782533478,1167,-919.0298921746653,LOW,-332.58150955468705,LOW,LOW,HEALTHY,0
2025-08-01,SKU030,83,56,6,24,65,171231.49,139,0,0,Healthy (> Reorder Point),29.57372506362793,2.8065453310810637,0.8571428571428571,25.348907197395366,139,-89.65109280260464,LOW,-271.88470076353514,LOW,LOW,HEALTHY,0
2025-08-01,SKU031,31,33,5,18,49,78285.85,64,1,0,Reorder Needed (<= Reorder Point),112.061080321504,0.276634848700912,0.7142857142857143,80.04362880107428,64,34.04362880107428,HIGH,-1313.732963858048,LOW,HIGH,REORDER NOW,60
2025-08-01,SKU032,175,140,3,57,91,799225.0,315,0,0,Healthy (> Reorder Point),54.992586929301225,3.182247094958107,0.42857142857142855,23.568251541129094,315,-234.4317484588709,LOW,-484.91104315161465,LOW,LOW,HEALTHY,0
2025-08-01,SKU033,214,218,5,81,147,727493.0,432,0,0,Healthy (> Reorder Point),102.66265597604806,2.084497015642453,0.7142857142857143,73.33046855432005,432,-277.6695314456799,LOW,-1017.9518717125766,LOW,LOW,HEALTHY,0
2025-08-01,SKU034,104,83,9,36,89,160580.16,187,0,0,Healthy (> Reorder Point),118.43921646150007,0.8780875381238807,1.2857142857142858,152.27899259335723,187,1.2789925933572306,HIGH,-1317.2705975380009,LOW,HIGH,REORDER NOW,60
2025-08-01,SKU035,554,621,14,98,383,3239947.12,1175,0,0,Healthy (> Reorder Point),125.03438379015351,4.430781223585537,2.0,250.06876758030702,1175,-826.931232419693,LOW,-946.4126054818421,LOW,LOW,HEALTHY,0
2025-08-01,SKU036,555,373,13,67,335,832422.3,928,0,0,Healthy (> Reorder Point),28.401220974970112,19.54141339518887,1.8571428571428572,52.74512466780164,928,-808.2548753321984,LOW,214.18534830035867,HIGH,HIGH,MARKDOWN / CLEAR,40
2025-08-01,SKU037,640,585,7,304,643,3613747.2,1225,1,0,Reorder Needed (<= Reorder Point),148.2476501285819,4.317100469686359,1.0,148.2476501285819,1225,-772.7523498714181,LOW,-1138.971801542983,LOW,LOW,REORDER SOON,0
2025-08-01,SKU038,148,73,11,35,153,474030.68,221,1,0,Reorder Needed (<= Reorder Point),46.60615974096913,3.17554591115347,1.5714285714285714,73.23825102152293,221,-112.76174897847707,LOW,-411.2739168916296,LOW,LOW,REORDER SOON,0
2025-08-01,SKU039,127,181,11,41,107,387864.35,308,0,0,Healthy (> Reorder Point),18.63885467149666,6.8137233879619155,1.5714285714285714,29.28962876949475,308,-237.71037123050525,LOW,-96.66625605795991,LOW,LOW,HEALTHY,0
2025-08-01,SKU040,52,83,14,50,143,60556.6,135,1,0,Reorder Needed (<= Reorder Point),90.19968398617831,0.5764986938088185,2.0,180.39936797235663,135,95.39936797235663,HIGH,-1030.3962078341397,LOW,HIGH,REORDER NOW,60
2025-08-01,SKU041,145,50,10,97,271,822545.85,195,1,0,Reorder Needed (<= Reorder Point),64.96817258818683,2.2318620675866967,1.4285714285714286,92.8116751259812,195,-5.188324874018804,LOW,-634.618071058242,LOW,LOW,REORDER SOON,0
2025-08-01,SKU042,116,68,3,19,38,900289.92,184,0,0,Healthy (> Reorder Point),136.1102257325676,0.8522504416965656,0.42857142857142855,58.33295388538612,184,-106.66704611461388,LOW,-1517.3227087908112,LOW,LOW,HEALTHY,0
2025-08-01,SKU043,337,437,5,156,264,1257869.35,774,0,0,Healthy (> Reorder Point),130.258832688137,2.5871566100000174,0.7142857142857143,93.04202334866929,774,-524.9579766513307,LOW,-1226.1059922576442,LOW,LOW,HEALTHY,0
2025-08-01,SKU044,297,88,12,49,155,296117.91,385,0,0,Healthy (> Reorder Point),53.04250247248853,5.599283332343615,1.7142857142857142,90.93000423855176,385,-245.06999576144824,LOW,-339.5100296698623,LOW,LOW,HEALTHY,0
2025-08-01,SKU045,234,268,10,73,234,425486.88,502,1,0,Reorder Needed (<= Reorder Point),147.55999314681097,1.5857956822157602,1.4285714285714286,210.79999020972997,502,-218.20000979027003,LOW,-1536.7199177617317,LOW,LOW,REORDER SOON,0
2025-08-01,SKU046,305,163,5,71,135,1445379.75,468,0,0,Healthy (> Reorder Point),54.18980348712668,5.628365123568971,0.7142857142857143,38.707002490804776,468,-358.29299750919523,LOW,-345.2776418455202,LOW,LOW,HEALTHY,0
2025-08-01,SKU047,148,68,3,35,55,907022.44,216,0,0,Healthy (> Reorder Point),88.06846728987554,1.6805106816820266,0.42857142857142855,37.743628838518084,216,-143.25637116148192,LOW,-908.8216074785064,LOW,LOW,HEALTHY,0
2025-08-01,SKU048,31,23,13,15,58,111560.32,54,1,0,Reorder Needed (<= Reorder Point),52.66637908493151,0.5886108089946414,1.8571428571428572,97.80898972915853,54,58.808989729158526,HIGH,-600.9965490191781,LOW,HIGH,REORDER NOW,60
2025-08-01,SKU049,674,344,5,239,392,3562972.94,1018,0,0,Healthy (> Reorder Point),147.86670983735698,4.558159174173502,0.7142857142857143,105.61907845525499,1018,-673.380921544745,LOW,-1100.4005180482836,LOW,LOW,HEALTHY,0
2025-08-01,SKU050,499,98,9,59,207,1732782.49,597,0,0,Healthy (> Reorder Point),35.23463894720143,14.16219989504487,1.2857142857142858,45.30167864640185,597,-492.69832135359815,LOW,76.18433263358281,HIGH,HIGH,MARKDOWN / CLEAR,40
2025-09-01,SKU001,226,257,13,153,547,825196.06,483,1,0,Reorder Needed (<= Reorder Point),84.35095557248381,2.6792820361803185,1.8571428571428572,156.6517746346128,483,-173.34822536538718,LOW,-786.2114668698057,LOW,LOW,REORDER SOON,0
2025-09-01,SKU002,120,34,10,57,240,678552.0,154,1,0,Reorder Needed (<= Reorder Point),60.610605206310034,1.9798515390423304,1.4285714285714286,86.5865788661572,154,-10.413421133842803,LOW,-607.3272624757204,LOW,LOW,REORDER SOON,0
2025-09-01,SKU003,73,281,8,59,141,448864.59,354,1,0,Reorder Needed (<= Reorder Point),34.20813909588409,2.1339950646068124,1.1428571428571428,39.09501610958182,354,-255.90498389041818,LOW,-337.4976691506091,LOW,LOW,REORDER SOON,0
2025-09-01,SKU004,424,246,10,50,215,526981.12,670,0,0,Healthy (> Reorder Point),27.974245966626015,15.156798167351598,1.4285714285714286,39.96320852375145,670,-580.0367914762486,LOW,88.30904840048782,HIGH,HIGH,MARKDOWN / CLEAR,40
2025-09-01,SKU005,673,340,5,100,198,5002025.39,1013,0,0,Healthy (> Reorder Point),101.36967098364632,6.639066630773352,0.7142857142857143,72.40690784546166,1013,-840.5930921545383,LOW,-543.4360518037558,LOW,LOW,HEALTHY,0
2025-09-01,SKU006,193,243,3,106,154,1278895.2,436,0,0,Healthy (> Reorder Point),37.22048017150538,5.185317306780842,0.42857142857142855,15.951634359216591,436,-314.0483656407834,LOW,-253.64576205806452,LOW,LOW,HEALTHY,0
2025-09-01,SKU007,367,183,14,97,340,1669127.01,550,0,0,Healthy (> Reorder Point),148.4626504518179,2.4720022098696552,2.0,296.9253009036358,550,-156.0746990963642,LOW,-1414.5518054218146,LOW,LOW,HEALTHY,0
2025-09-01,SKU008,759,25,11,157,420,5058082.26,784,0,0,Healthy (> Reorder Point),97.15146048182743,7.812543385716512,1.5714285714285714,152.6665807571574,784,-474.33341924284264,LOW,-406.81752578192913,LOW,LOW,HEALTHY,0
2025-09-01,SKU009,129,97,3,38,68,386687.82,226,0,0,Healthy (> Reorder Point),61.66929685639556,2.0918026728988357,0.42857142857142855,26.429698652740953,226,-161.57030134725903,LOW,-611.0315622767467,LOW,LOW,HEALTHY,0
2025-09-01,SKU010,37,46,9,19,48,265352.53,83,1,0,Reorder Needed (<= Reorder Point),99.10270304793268,0.3733500586972318,1.2857142857142858,127.41776106162774,83,63.41776106162774,HIGH,-1152.2324365751922,LOW,HIGH,REORDER NOW,60
2025-09-01,SKU011,592,979,14,180,515,2289317.28,1571,0,0,Healthy (> Reorder Point),18.21293984749243,32.50436255525804,2.0,36.42587969498486,1571,-1354.5741203050152,LOW,373.4447218300909,HIGH,HIGH,MARKDOWN / CLEAR,40
2025-09-01,SKU012,43,17,12,21,57,62166.82,60,1,0,Reorder Needed (<= Reorder Point),152.60360509957462,0.28177578093218886,1.7142857142857142,261.60618017069936,60,222.60618017069936,HIGH,-1788.2432611948955,LOW,HIGH,REORDER NOW,60
2025-09-01,SKU013,202,226,7,69,133,1565136.4,428,0,0,Healthy (> Reorder Point),82.29389569333014,2.4546170563216143,1.0,82.29389569333014,428,-276.7061043066699,LOW,-785.5267483199617,LOW,LOW,HEALTHY,0
2025-09-01,SKU014,346,269,7,117,230,1079886.76,615,0,0,Healthy (> Reorder Point),126.68761064142299,2.731127363190387,1.0,126.68761064142299,615,-371.312389358577,LOW,-1174.2513276970758,LOW,LOW,HEALTHY,0
2025-09-01,SKU015,268,69,6,76,182,336846.52,337,0,0,Healthy (> Reorder Point),21.863857921842072,12.257672042968549,0.8571428571428571,18.740449647293204,337,-242.2595503527068,LOW,5.633704937895118,HIGH,HIGH,MARKDOWN / CLEAR,40
2025-09-01,SKU016,312,96,9,51,131,626667.6,408,0,0,Healthy (> Reorder Point),81.77833745970412,3.815191280377111,1.2857142857142858,105.1435767339053,408,-251.85642326609468,LOW,-669.3400495164494,LOW,LOW,HEALTHY,0
2025-09-01,SKU017,239,206,6,71,134,1602079.14,445,0,0,Healthy (> Reorder Point),83.9279095755806,2.847682031026526,0.8571428571428571,71.93820820764051,445,-302.0617917923595,LOW,-768.1349149069672,LOW,LOW,HEALTHY,0
2025-09-01,SKU018,277,317,11,125,305,739822.68,594,1,0,Reorder Needed (<= Reorder Point),149.6531105639159,1.8509471601106149,1.5714285714285714,235.16917374329643,594,-233.83082625670357,LOW,-1518.8373267669908,LOW,LOW,REORDER SOON,0
2025-09-01,SKU019,78,192,11,44,118,253730.88,270,1,0,Reorder Needed (<= Reorder Point),95.61862243779252,0.8157406790789646,1.5714285714285714,150.25783525938826,270,-75.74216474061174,LOW,-1069.4234692535103,LOW,LOW,REORDER SOON,0
2025-09-01,SKU020,851,406,5,246,413,4713978.34,1257,0,0,Healthy (> Reorder Point),84.59106805499508,10.060163792313634,0.7142857142857143,60.42219146785363,1257,-950.5778085321464,LOW,-164.09281665994092,LOW,LOW,HEALTHY,0
2025-09-01,SKU021,89,123,9,21,74,27328.34,212,0,0,Healthy (> Reorder Point),50.40102463578332,1.7658371162718878,1.2857142857142858,64.80131738886428,212,-126.19868261113572,LOW,-515.8122956293998,LOW,LOW,HEALTHY,0
2025-09-01,SKU022,332,76,8,43,133,1793659.88,408,0,0,Healthy (> Reorder Point),58.31515299485604,5.693202931822636,1.1428571428571428,66.64588913697833,408,-298.3541108630217,LOW,-367.7818359382725,LOW,LOW,HEALTHY,0
2025-09-01,SKU023,276,63,5,67,112,1050621.6,339,0,0,Healthy (> Reorder Point),87.54378131244553,3.1527082319525404,0.7142857142857143,62.531272366032525,339,-209.4687276339675,LOW,-774.5253757493465,LOW,LOW,HEALTHY,0
2025-09-01,SKU024,75,99,3,46,87,100007.25,174,1,0,Reorder Needed (<= Reorder Point),76.4636135364613,0.9808586925366354,0.42857142857142855,32.77012008705484,174,-95.22987991294517,LOW,-842.5633624375355,LOW,LOW,REORDER SOON,0
2025-09-01,SKU025,322,488,4,160,296,1256122.0,810,0,0,Healthy (> Reorder Point),18.585355361227894,17.325469098737006,0.5714285714285714,10.620203063558796,810,-639.3797969364412,LOW,98.97573566526529,HIGH,HIGH,MARKDOWN / CLEAR,40
2025-09-01,SKU026,110,18,3,25,41,679661.4,128,0,0,Healthy (> Reorder Point),133.0415205457043,0.8268095520015593,0.42857142857142855,57.01779451958755,128,-45.98220548041246,LOW,-1486.4982465484513,LOW,LOW,HEALTHY,0
2025-09-01,SKU027,368,36,6,102,206,1686860.48,404,0,0,Healthy (> Reorder Point),145.90675541794133,2.522158750949438,0.8571428571428571,125.06293321537828,404,-176.93706678462172,LOW,-1382.881065015296,LOW,LOW,HEALTHY,0
2025-09-01,SKU028,149,313,3,103,159,72837.16,462,1,0,Reorder Needed (<= Reorder Point),31.106388794354906,4.790012784352521,0.42857142857142855,13.331309483294959,462,-345.66869051670506,LOW,-224.2766655322589,LOW,LOW,REORDER SOON,0
2025-09-01,SKU029,664,989,14,102,501,2268290.4,1653,0,0,Healthy (> Reorder Point),92.13179246289059,7.207066987950441,2.0,184.26358492578117,1653,-1366.7364150742187,LOW,-441.58150955468705,LOW,LOW,HEALTHY,0
2025-09-01,SKU030,86,137,10,19,82,177420.58,223,0,0,Healthy (> Reorder Point),29.57372506362793,2.907986728590018,1.4285714285714286,42.248178662325614,223,-161.7518213376744,LOW,-268.88470076353514,LOW,LOW,HEALTHY,0
2025-09-01,SKU031,202,1,8,23,72,510120.7,203,0,0,Healthy (> Reorder Point),112.061080321504,1.8025883689543296,1.1428571428571428,128.06980608171884,203,-51.93019391828116,LOW,-1142.732963858048,LOW,LOW,HEALTHY,0
2025-09-01,SKU032,126,113,3,42,75,575442.0,239,0,0,Healthy (> Reorder Point),54.992586929301225,2.291217908369837,0.42857142857142855,23.568251541129094,239,-173.4317484588709,LOW,-533.9110431516146,LOW,LOW,HEALTHY,0
2025-09-01,SKU033,371,95,8,40,131,1261214.5,466,0,0,Healthy (> Reorder Point),102.66265597604806,3.6137775364642524,1.1428571428571428,117.32874968691206,466,-308.67125031308797,LOW,-860.9518717125766,LOW,LOW,HEALTHY,0
2025-09-01,SKU034,94,61,13,29,96,145139.76,155,1,0,Reorder Needed (<= Reorder Point),118.43921646150007,0.7936560440735075,1.8571428571428572,219.95854485707156,155,93.95854485707156,HIGH,-1327.2705975380009,LOW,HIGH,REORDER NOW,60
2025-09-01,SKU035,491,201,8,140,292,2871505.48,692,0,0,Healthy (> Reorder Point),125.03438379015351,3.9269198209034273,1.1428571428571428,142.8964386173183,692,-409.10356138268173,LOW,-1009.4126054818421,LOW,LOW,HEALTHY,0
2025-09-01,SKU036,300,447,8,119,261,449958.0,747,0,0,Healthy (> Reorder Point),28.401220974970112,10.56292615956155,1.1428571428571428,32.4585382571087,747,-595.5414617428913,LOW,-40.81465169964133,LOW,LOW,HEALTHY,0
2025-09-01,SKU037,1077,263,14,239,816,6081258.96,1340,0,0,Healthy (> Reorder Point),148.2476501285819,7.264870634144076,2.0,296.4953002571638,1340,-804.5046997428362,LOW,-701.971801542983,LOW,LOW,HEALTHY,0
2025-09-01,SKU038,132,118,7,73,144,422784.12,250,1,0,Reorder Needed (<= Reorder Point),46.60615974096913,2.83224365048823,1.0,46.60615974096913,250,-130.39384025903087,LOW,-427.2739168916296,LOW,LOW,REORDER SOON,0
2025-09-01,SKU039,67,150,14,32,107,204621.35,217,1,0,Reorder Needed (<= Reorder Point),18.63885467149666,3.594641472389357,2.0,37.27770934299332,217,-147.72229065700668,LOW,-156.6662560579599,LOW,LOW,REORDER SOON,0
2025-09-01,SKU040,32,122,11,29,84,37265.6,154,1,0,Reorder Needed (<= Reorder Point),90.19968398617831,0.3547684269592729,1.5714285714285714,141.74236054970876,154,16.742360549708764,HIGH,-1050.3962078341397,LOW,HIGH,REORDER NOW,60
2025-09-01,SKU041,324,195,3,96,143,1837964.52,519,0,0,Healthy (> Reorder Point),64.96817258818683,4.9870573096419974,0.42857142857142855,27.843502537794354,519,-395.15649746220566,LOW,-455.618071058242,LOW,LOW,HEALTHY,0
2025-09-01,SKU042,206,190,13,41,123,1598790.72,396,0,0,Healthy (> Reorder Point),136.1102257325676,1.5134792326680389,1.8571428571428572,252.77613350333985,396,-102.22386649666015,LOW,-1427.3227087908112,LOW,LOW,HEALTHY,0
2025-09-01,SKU043,617,326,12,66,320,2302983.35,943,0,0,Healthy (> Reorder Point),130.258832688137,4.736722932848696,1.7142857142857142,223.3008560368063,943,-653.6991439631937,LOW,-946.1059922576442,LOW,LOW,HEALTHY,0
2025-09-01,SKU044,87,101,6,35,78,86741.61,188,0,0,Healthy (> Reorder Point),53.04250247248853,1.6401941074541901,0.8571428571428571,45.46500211927588,188,-107.53499788072412,LOW,-549.5100296698623,LOW,LOW,HEALTHY,0
2025-09-01,SKU045,104,279,9,82,217,189105.28,383,1,0,Reorder Needed (<= Reorder Point),147.55999314681097,0.7047980809847824,1.2857142857142858,189.71999118875698,383,-111.28000881124302,LOW,-1666.7199177617317,LOW,LOW,REORDER SOON,0
2025-09-01,SKU046,323,23,5,62,122,1530680.85,346,0,0,Healthy (> Reorder Point),54.18980348712668,5.960530934140254,0.7142857142857143,38.707002490804776,346,-245.29299750919523,LOW,-327.2776418455202,LOW,LOW,HEALTHY,0
2025-09-01,SKU047,176,21,5,20,49,1078621.28,197,0,0,Healthy (> Reorder Point),88.06846728987554,1.9984451349732206,0.7142857142857143,62.90604806419682,197,-114.09395193580318,LOW,-880.8216074785064,LOW,LOW,HEALTHY,0
2025-09-01,SKU048,99,22,5,15,30,356273.28,121,0,0,Healthy (> Reorder Point),52.66637908493151,1.8797570996925645,0.7142857142857143,37.61884220352251,121,-68.38115779647748,LOW,-532.9965490191781,LOW,LOW,HEALTHY,0
2025-09-01,SKU049,349,247,10,136,408,1844922.19,596,1,0,Reorder Needed (<= Reorder Point),147.86670983735698,2.36023375635987,1.4285714285714286,211.23815691050999,596,-248.76184308949001,LOW,-1425.4005180482836,LOW,LOW,REORDER SOON,0
2025-09-01,SKU050,405,45,14,113,355,1406366.55,450,0,0,Healthy (> Reorder Point),35.23463894720143,11.494370656298942,2.0,70.46927789440286,450,-266.53072210559714,LOW,-17.815667366417188,LOW,LOW,HEALTHY,0
2025-10-01,SKU001,663,307,3,132,226,2420818.53,970,0,0,Healthy (> Reorder Point),84.35095557248381,7.8600176548121725,0.42857142857142855,36.15040953106449,970,-801.8495904689355,LOW,-349.2114668698057,LOW,LOW,HEALTHY,0
2025-10-01,SKU002,599,204,13,112,350,3387105.4,803,0,0,Healthy (> Reorder Point),60.610605206310034,9.882758932386299,1.8571428571428572,112.56255252600435,803,-578.4374474739957,LOW,-128.32726247572043,LOW,LOW,HEALTHY,0
2025-10-01,SKU003,310,103,5,45,100,1906137.3,413,0,0,Healthy (> Reorder Point),34.20813909588409,9.062170822302901,0.7142857142857143,24.434385068488638,413,-343.5656149315114,LOW,-100.49766915060911,LOW,LOW,HEALTHY,0
2025-10-01,SKU004,189,326,9,78,218,234904.32,515,1,0,Reorder Needed (<= Reorder Point),27.974245966626015,6.7562142774279526,1.2857142857142858,35.966887671376305,515,-401.0331123286237,LOW,-146.69095159951218,LOW,LOW,REORDER SOON,0
2025-10-01,SKU005,423,96,11,70,272,3143917.89,519,0,0,Healthy (> Reorder Point),101.36967098364632,4.172845742670324,1.5714285714285714,159.29519726001564,519,-289.70480273998436,LOW,-793.4360518037558,LOW,LOW,HEALTHY,0
2025-10-01,SKU006,232,418,11,65,241,1537324.8,650,1,0,Reorder Needed (<= Reorder Point),37.22048017150538,6.233127539757281,1.5714285714285714,58.48932598379417,650,-526.5106740162058,LOW,-214.64576205806452,LOW,LOW,REORDER SOON,0
2025-10-01,SKU007,526,185,4,63,133,2392263.78,711,0,0,Healthy (> Reorder Point),148.4626504518179,3.5429786441183615,0.5714285714285714,84.83580025818165,711,-563.1641997418184,LOW,-1255.5518054218146,LOW,LOW,HEALTHY,0
2025-10-01,SKU008,644,424,6,104,240,4291706.16,1068,0,0,Healthy (> Reorder Point),97.15146048182743,6.62882469091098,0.8571428571428571,83.27268041299493,1068,-880.727319587005,LOW,-521.8175257819291,LOW,LOW,HEALTHY,0
2025-10-01,SKU009,137,11,5,50,95,410668.46,148,0,0,Healthy (> Reorder Point),61.66929685639556,2.221526869667756,0.7142857142857143,44.04949775456826,148,-53.95050224543175,LOW,-603.0315622767467,LOW,LOW,HEALTHY,0
2025-10-01,SKU010,117,1,12,25,67,839087.73,118,0,0,Healthy (> Reorder Point),99.10270304793268,1.1805934288534088,1.7142857142857142,169.8903480821703,118,76.8903480821703,HIGH,-1072.2324365751922,LOW,HIGH,REORDER NOW,60
2025-10-01,SKU011,330,213,7,117,264,1276139.7,543,0,0,Healthy (> Reorder Point),18.21293984749243,18.118985883843166,1.0,18.21293984749243,543,-407.7870601525076,LOW,111.44472183009086,HIGH,HIGH,MARKDOWN / CLEAR,40
2025-10-01,SKU012,42,13,3,12,20,60721.08,55,0,0,Healthy (> Reorder Point),152.60360509957462,0.275222855794231,0.42857142857142855,65.40154504267484,55,22.40154504267484,HIGH,-1789.2432611948955,LOW,HIGH,REORDER NOW,60
2025-10-01,SKU013,110,218,11,43,123,852302.0,328,1,0,Reorder Needed (<= Reorder Point),82.29389569333014,1.3366726544325622,1.5714285714285714,129.31897894666164,328,-155.68102105333836,LOW,-877.5267483199617,LOW,LOW,REORDER SOON,0
2025-10-01,SKU014,564,306,7,104,219,1760277.84,870,0,0,Healthy (> Reorder Point),126.68761064142299,4.4518954706340415,1.0,126.68761064142299,870,-639.312389358577,LOW,-956.2513276970758,LOW,LOW,HEALTHY,0
2025-10-01,SKU015,314,386,14,89,334,394663.46,700,1,0,Reorder Needed (<= Reorder Point),21.863857921842072,14.36160082646315,2.0,43.727715843684145,700,-567.2722841563159,LOW,51.63370493789512,HIGH,HIGH,REORDER SOON,40
2025-10-01,SKU016,158,80,7,34,100,317350.9,238,0,0,Healthy (> Reorder Point),81.77833745970412,1.932051994549947,1.0,81.77833745970412,238,-122.22166254029588,LOW,-823.3400495164494,LOW,LOW,HEALTHY,0
2025-10-01,SKU017,312,66,7,68,151,2091417.12,378,0,0,Healthy (> Reorder Point),83.9279095755806,3.717476124185256,1.0,83.9279095755806,378,-226.0720904244194,LOW,-695.1349149069672,LOW,LOW,HEALTHY,0
2025-10-01,SKU018,435,29,10,71,222,1161815.4,464,0,0,Healthy (> Reorder Point),149.6531105639159,2.9067220745419404,1.4285714285714286,213.79015794845128,464,-179.20984205154872,LOW,-1360.8373267669908,LOW,LOW,HEALTHY,0
2025-10-01,SKU019,264,78,4,39,69,858781.44,342,0,0,Healthy (> Reorder Point),95.61862243779252,2.760968452267265,0.5714285714285714,54.63921282159573,342,-248.36078717840428,LOW,-883.4234692535103,LOW,LOW,HEALTHY,0
2025-10-01,SKU020,774,183,4,101,230,4287449.16,957,0,0,Healthy (> Reorder Point),84.59106805499508,9.149902203584904,0.5714285714285714,48.337753174282895,957,-807.6622468257171,LOW,-241.09281665994092,LOW,LOW,HEALTHY,0
2025-10-01,SKU021,101,48,6,34,73,31013.06,149,0,0,Healthy (> Reorder Point),50.40102463578332,2.003927513971468,0.8571428571428571,43.20087825924285,149,-71.79912174075716,LOW,-503.81229562939984,LOW,LOW,HEALTHY,0
2025-10-01,SKU022,89,217,8,54,140,480830.51,306,1,0,Reorder Needed (<= Reorder Point),58.31515299485604,1.5261899425669114,1.1428571428571428,66.64588913697833,306,-185.35411086302167,LOW,-610.7818359382725,LOW,LOW,REORDER SOON,0
2025-10-01,SKU023,221,176,12,52,155,841258.6,397,0,0,Healthy (> Reorder Point),87.54378131244553,2.5244511567446066,1.7142857142857142,150.07505367847804,397,-194.92494632152196,LOW,-829.5253757493465,LOW,LOW,HEALTHY,0
2025-10-01,SKU024,119,126,14,84,267,158678.17,245,1,0,Reorder Needed (<= Reorder Point),76.4636135364613,1.5562957921581282,2.0,152.9272270729226,245,-8.07277292707741,LOW,-798.5633624375355,LOW,LOW,REORDER SOON,0
2025-10-01,SKU025,330,150,4,174,302,1287330.0,480,0,0,Healthy (> Reorder Point),18.585355361227894,17.755915535972708,0.5714285714285714,10.620203063558796,480,-295.3797969364412,LOW,106.97573566526529,HIGH,HIGH,MARKDOWN / CLEAR,40
2025-10-01,SKU026,56,39,13,42,115,346009.44,95,1,0,Reorder Needed (<= Reorder Point),133.0415205457043,0.42092122647352104,1.8571428571428572,247.0771095848794,95,194.0771095848794,HIGH,-1540.4982465484513,LOW,HIGH,REORDER NOW,60
2025-10-01,SKU027,133,79,3,76,123,609653.38,212,0,0,Healthy (> Reorder Point),145.90675541794133,0.9115410703159652,0.42857142857142855,62.53146660768914,212,-73.46853339231086,LOW,-1617.881065015296,LOW,LOW,HEALTHY,0
2025-10-01,SKU028,269,142,7,136,258,131497.96,411,0,0,Healthy (> Reorder Point),31.106388794354906,8.647741201280725,1.0,31.106388794354906,411,-243.8936112056451,LOW,-104.2766655322589,LOW,LOW,HEALTHY,0
2025-10-01,SKU029,684,138,9,164,381,2336612.4,822,0,0,Healthy (> Reorder Point),92.13179246289059,7.424147318912803,1.2857142857142858,118.45516173800219,822,-539.5448382619978,LOW,-421.58150955468705,LOW,LOW,HEALTHY,0
2025-10-01,SKU030,142,208,13,39,123,292950.26,350,0,0,Healthy (> Reorder Point),29.57372506362793,4.801559482090495,1.8571428571428572,54.922632261023296,350,-256.0773677389767,LOW,-212.88470076353514,LOW,LOW,HEALTHY,0
2025-10-01,SKU031,132,192,11,51,125,333346.2,324,0,0,Healthy (> Reorder Point),112.061080321504,1.1779290331780767,1.5714285714285714,176.09598336236343,324,-96.90401663763657,LOW,-1212.732963858048,LOW,LOW,HEALTHY,0
2025-10-01,SKU032,115,462,14,87,246,525205.0,577,1,0,Reorder Needed (<= Reorder Point),54.992586929301225,2.0911909481153277,2.0,109.98517385860245,577,-380.0148261413975,LOW,-544.9110431516146,LOW,LOW,REORDER SOON,0
2025-10-01,SKU033,259,94,6,81,144,880470.5,353,0,0,Healthy (> Reorder Point),102.66265597604806,2.5228258273429685,0.8571428571428571,87.99656226518404,353,-184.00343773481598,LOW,-972.9518717125766,LOW,LOW,HEALTHY,0
2025-10-01,SKU034,46,83,10,24,70,71025.84,129,1,0,Reorder Needed (<= Reorder Point),118.43921646150007,0.38838487263171645,1.4285714285714286,169.1988806592858,129,64.1988806592858,HIGH,-1375.2705975380009,LOW,HIGH,REORDER NOW,60
2025-10-01,SKU035,394,292,4,131,207,2304222.32,686,0,0,Healthy (> Reorder Point),125.03438379015351,3.1511332167738293,0.5714285714285714,71.44821930865915,686,-483.55178069134087,LOW,-1106.412605481842,LOW,LOW,HEALTHY,0
2025-10-01,SKU036,423,156,13,120,352,634440.78,579,0,0,Healthy (> Reorder Point),28.401220974970112,14.893725884981786,1.8571428571428572,52.74512466780164,579,-406.25487533219837,LOW,82.18534830035867,HIGH,HIGH,MARKDOWN / CLEAR,40
2025-10-01,SKU037,555,167,12,132,638,3133796.4,722,1,0,Reorder Needed (<= Reorder Point),148.2476501285819,3.7437355635561396,1.7142857142857142,254.13882879185468,722,-335.8611712081453,LOW,-1223.971801542983,LOW,LOW,REORDER SOON,0
2025-10-01,SKU038,212,80,8,42,118,679016.92,292,0,0,Healthy (> Reorder Point),46.60615974096913,4.54875495381443,1.1428571428571428,53.264182561107575,292,-196.7358174388924,LOW,-347.2739168916296,LOW,LOW,HEALTHY,0
2025-10-01,SKU039,135,113,4,43,65,412296.75,248,0,0,Healthy (> Reorder Point),18.63885467149666,7.242934310038257,0.5714285714285714,10.65077409799809,248,-194.3492259020019,LOW,-88.66625605795991,LOW,LOW,HEALTHY,0
2025-10-01,SKU040,123,119,11,36,99,143239.65,242,0,0,Healthy (> Reorder Point),90.19968398617831,1.3636411411247054,1.5714285714285714,141.74236054970876,242,-64.25763945029124,LOW,-959.3962078341397,LOW,LOW,HEALTHY,0
2025-10-01,SKU041,469,261,12,63,250,2660510.37,730,0,0,Healthy (> Reorder Point),64.96817258818683,7.218919377228694,1.7142857142857142,111.37401015117742,730,-555.6259898488227,LOW,-310.618071058242,LOW,LOW,HEALTHY,0
2025-10-01,SKU042,70,82,8,53,109,543278.4,152,1,0,Reorder Needed (<= Reorder Point),136.1102257325676,0.5142890596444792,1.1428571428571428,155.554543694363,152,56.55454369436299,HIGH,-1563.3227087908112,LOW,HIGH,REORDER NOW,60
2025-10-01,SKU043,540,528,11,63,276,2015577.0,1068,0,0,Healthy (> Reorder Point),130.258832688137,4.14559219406531,1.5714285714285714,204.69245136707244,1068,-800.3075486329276,LOW,-1023.1059922576442,LOW,LOW,HEALTHY,0
2025-10-01,SKU044,169,7,7,24,74,168498.07,176,0,0,Healthy (> Reorder Point),53.04250247248853,3.1861241857443465,1.0,53.04250247248853,176,-98.95749752751146,LOW,-467.5100296698623,LOW,LOW,HEALTHY,0
2025-10-01,SKU045,216,224,14,43,240,392757.12,440,1,0,Reorder Needed (<= Reorder Point),147.55999314681097,1.463811398968394,2.0,295.11998629362193,440,-101.88001370637807,LOW,-1554.7199177617317,LOW,LOW,REORDER SOON,0
2025-10-01,SKU046,246,47,5,75,131,1165781.7,293,0,0,Healthy (> Reorder Point),54.18980348712668,4.539599411140875,0.7142857142857143,38.707002490804776,293,-179.29299750919523,LOW,-404.2776418455202,LOW,LOW,HEALTHY,0
2025-10-01,SKU047,91,75,14,31,110,557696.23,166,1,0,Reorder Needed (<= Reorder Point),88.06846728987554,1.0332869731963812,2.0,176.13693457975108,166,41.136934579751085,HIGH,-965.8216074785064,LOW,HIGH,REORDER NOW,60
2025-10-01,SKU048,70,4,3,20,31,251910.4,74,0,0,Healthy (> Reorder Point),52.66637908493151,1.3291211816008033,0.42857142857142855,22.571305322113506,74,-31.428694677886497,LOW,-561.9965490191781,LOW,LOW,HEALTHY,0
2025-10-01,SKU049,751,177,14,99,491,3970018.81,928,0,0,Healthy (> Reorder Point),147.86670983735698,5.078898427009348,2.0,295.73341967471396,928,-533.266580325286,LOW,-1023.4005180482836,LOW,LOW,HEALTHY,0
2025-10-01,SKU050,519,206,4,105,172,1802232.69,725,0,0,Healthy (> Reorder Point),35.23463894720143,14.729823137331238,0.5714285714285714,20.134079398400818,725,-599.8659206015992,LOW,96.18433263358281,HIGH,HIGH,MARKDOWN / CLEAR,40
2025-11-01,SKU001,197,334,12,135,463,719308.07,531,1,0,Reorder Needed (<= Reorder Point),84.35095557248381,2.3354803589713393,1.7142857142857142,144.60163812425796,531,-251.398361875742,LOW,-815.2114668698057,LOW,LOW,REORDER SOON,0
2025-11-01,SKU002,461,100,4,76,138,2606770.6,561,0,0,Healthy (> Reorder Point),60.610605206310034,7.605929662487619,0.5714285714285714,34.63463154646288,561,-450.36536845353714,LOW,-266.32726247572043,LOW,LOW,HEALTHY,0
2025-11-01,SKU003,144,37,5,37,85,885431.52,181,0,0,Healthy (> Reorder Point),34.20813909588409,4.209524511005219,0.7142857142857143,24.434385068488638,181,-119.56561493151136,LOW,-266.4976691506091,LOW,LOW,HEALTHY,0
2025-11-01,SKU004,534,249,10,72,236,663697.92,783,0,0,Healthy (> Reorder Point),27.974245966626015,19.088986371145644,1.4285714285714286,39.96320852375145,783,-671.0367914762486,LOW,198.30904840048782,HIGH,HIGH,MARKDOWN / CLEAR,40
2025-11-01,SKU005,335,37,9,100,257,2489864.05,372,0,0,Healthy (> Reorder Point),101.36967098364632,3.304735990058058,1.2857142857142858,130.332434121831,372,-141.667565878169,LOW,-881.4360518037558,LOW,LOW,HEALTHY,0
2025-11-01,SKU006,245,30,14,87,297,1623468.0,275,1,0,Reorder Needed (<= Reorder Point),37.22048017150538,6.5823976174160945,2.0,74.44096034301076,275,-113.55903965698923,LOW,-201.64576205806452,LOW,LOW,REORDER SOON,0
2025-11-01,SKU007,434,27,5,64,136,1973845.02,461,0,0,Healthy (> Reorder Point),148.4626504518179,2.923294166439865,0.7142857142857143,106.04475032272707,461,-290.95524967727295,LOW,-1347.5518054218146,LOW,LOW,HEALTHY,0
2025-11-01,SKU008,605,251,3,143,207,4031804.7,856,0,0,Healthy (> Reorder Point),97.15146048182743,6.227389655281278,0.42857142857142855,41.636340206497465,856,-671.3636597935025,LOW,-560.8175257819291,LOW,LOW,HEALTHY,0
2025-11-01,SKU009,207,102,3,36,60,620499.06,309,0,0,Healthy (> Reorder Point),61.66929685639556,3.356613591395806,0.42857142857142855,26.429698652740953,309,-246.57030134725903,LOW,-533.0315622767467,LOW,LOW,HEALTHY,0
2025-11-01,SKU010,83,62,10,14,41,595250.27,145,0,0,Healthy (> Reorder Point),99.10270304793268,0.8375149965370335,1.4285714285714286,141.57529006847525,145,10.575290068475255,HIGH,-1106.2324365751922,LOW,HIGH,REORDER NOW,60
2025-11-01,SKU011,346,118,3,60,118,1338013.14,464,0,0,Healthy (> Reorder Point),18.21293984749243,18.99748216912041,0.42857142857142855,7.805545648925326,464,-396.1944543510747,LOW,127.44472183009086,HIGH,HIGH,MARKDOWN / CLEAR,40
2025-11-01,SKU012,36,46,7,15,35,52046.64,82,0,0,Healthy (> Reorder Point),152.60360509957462,0.2359053049664837,1.0,152.60360509957462,82,85.60360509957462,HIGH,-1795.2432611948955,LOW,HIGH,REORDER NOW,60
2025-11-01,SKU013,54,126,9,25,86,418402.8,180,1,0,Reorder Needed (<= Reorder Point),82.29389569333014,0.6561847576305305,1.2857142857142858,105.80643731999591,180,-49.193562680004106,LOW,-933.5267483199617,LOW,LOW,REORDER SOON,0
2025-11-01,SKU014,362,290,8,74,188,1129823.72,652,0,0,Healthy (> Reorder Point),126.68761064142299,2.857422270158729,1.1428571428571428,144.78584073305484,652,-433.21415926694516,LOW,-1158.2513276970758,LOW,LOW,HEALTHY,0
2025-11-01,SKU015,399,237,4,58,121,501499.11,636,0,0,Healthy (> Reorder Point),21.863857921842072,18.249295317703176,0.5714285714285714,12.493633098195469,636,-565.5063669018045,LOW,136.63370493789512,HIGH,HIGH,MARKDOWN / CLEAR,40
2025-11-01,SKU016,313,63,6,69,126,628676.15,376,0,0,Healthy (> Reorder Point),81.77833745970412,3.8274194575578067,0.8571428571428571,70.09571782260353,376,-236.90428217739645,LOW,-668.3400495164494,LOW,LOW,HEALTHY,0
2025-11-01,SKU017,269,205,14,69,206,1803176.94,474,0,0,Healthy (> Reorder Point),83.9279095755806,3.2051316583520317,2.0,167.8558191511612,474,-237.1441808488388,LOW,-738.1349149069672,LOW,LOW,HEALTHY,0
2025-11-01,SKU018,492,375,8,82,196,1314053.28,867,0,0,Healthy (> Reorder Point),149.6531105639159,3.2876028981026084,1.1428571428571428,171.03212635876102,867,-613.967873641239,LOW,-1303.8373267669908,LOW,LOW,HEALTHY,0
2025-11-01,SKU019,121,2,3,37,56,393608.16,123,0,0,Healthy (> Reorder Point),95.61862243779252,1.2654438739558298,0.42857142857142855,40.9794096161968,123,-45.02059038380321,LOW,-1026.4234692535103,LOW,LOW,HEALTHY,0
2025-11-01,SKU020,338,826,11,105,434,1872296.92,1164,1,0,Reorder Needed (<= Reorder Point),84.59106805499508,3.9956937271468957,1.5714285714285714,132.928821229278,1164,-926.071178770722,LOW,-677.0928166599409,LOW,LOW,REORDER SOON,0
2025-11-01,SKU021,56,194,13,40,113,17195.36,250,1,0,Reorder Needed (<= Reorder Point),50.40102463578332,1.1110885225980418,1.8571428571428572,93.60190289502617,250,-116.39809710497383,LOW,-548.8122956293998,LOW,LOW,REORDER SOON,0
2025-11-01,SKU022,118,383,14,73,226,637505.62,501,1,0,Reorder Needed (<= Reorder Point),58.31515299485604,2.0234877890212983,2.0,116.63030598971208,501,-311.3696940102879,LOW,-581.7818359382725,LOW,LOW,REORDER SOON,0
2025-11-01,SKU023,247,201,8,42,101,940230.2,448,0,0,Healthy (> Reorder Point),87.54378131244553,2.8214454104792663,1.1428571428571428,100.05003578565203,448,-305.949964214348,LOW,-803.5253757493465,LOW,LOW,HEALTHY,0
2025-11-01,SKU024,337,112,3,89,126,449365.91,449,0,0,Healthy (> Reorder Point),76.4636135364613,4.407325058464615,0.42857142857142855,32.77012008705484,449,-327.2298799129452,LOW,-580.5633624375355,LOW,LOW,HEALTHY,0
2025-11-01,SKU025,295,53,3,194,278,1150795.0,348,0,0,Healthy (> Reorder Point),18.585355361227894,15.872712373066511,0.42857142857142855,7.965152297669097,348,-146.0348477023309,LOW,71.97573566526529,HIGH,HIGH,MARKDOWN / CLEAR,40
2025-11-01,SKU026,47,59,12,20,77,290400.78,106,1,0,Reorder Needed (<= Reorder Point),133.0415205457043,0.353273172218848,1.7142857142857142,228.0711780783502,106,142.0711780783502,HIGH,-1549.4982465484513,LOW,HIGH,REORDER NOW,60
2025-11-01,SKU027,540,365,9,90,230,2475284.4,905,0,0,Healthy (> Reorder Point),145.90675541794133,3.700993819327979,1.2857142857142858,187.59439982306742,905,-627.4056001769326,LOW,-1210.881065015296,LOW,LOW,HEALTHY,0
2025-11-01,SKU028,491,548,14,61,317,240020.44,1039,0,0,Healthy (> Reorder Point),31.106388794354906,15.784538772597905,2.0,62.21277758870981,1039,-915.7872224112901,LOW,117.7233344677411,HIGH,HIGH,MARKDOWN / CLEAR,40
2025-11-01,SKU029,317,287,4,95,194,1082903.7,604,0,0,Healthy (> Reorder Point),92.13179246289059,3.4407232457534485,0.5714285714285714,52.64673855022319,604,-456.3532614497768,LOW,-788.581509554687,LOW,LOW,HEALTHY,0
2025-11-01,SKU030,66,25,4,23,47,136159.98,91,0,0,Healthy (> Reorder Point),29.57372506362793,2.2317107451969904,0.5714285714285714,16.899271464930244,91,-51.100728535069756,LOW,-288.88470076353514,LOW,LOW,HEALTHY,0
2025-11-01,SKU031,32,163,12,31,94,80811.2,195,1,0,Reorder Needed (<= Reorder Point),112.061080321504,0.2855585534977156,1.7142857142857142,192.10470912257827,195,28.10470912257827,HIGH,-1312.732963858048,LOW,HIGH,REORDER NOW,60
2025-11-01,SKU032,271,354,13,71,206,1237657.0,625,0,0,Healthy (> Reorder Point),54.992586929301225,4.927936929906554,1.8571428571428572,102.12909001155943,625,-451.8709099884406,LOW,-388.91104315161465,LOW,LOW,HEALTHY,0
2025-11-01,SKU033,212,101,9,54,129,720694.0,313,0,0,Healthy (> Reorder Point),102.66265597604806,2.06501573512243,1.2857142857142858,131.9948433977761,313,-127.0051566022239,LOW,-1019.9518717125766,LOW,LOW,HEALTHY,0
2025-11-01,SKU034,109,105,12,21,84,168300.36,214,0,0,Healthy (> Reorder Point),118.43921646150007,0.9203032851490673,1.7142857142857142,203.03865679114296,214,10.038656791142955,HIGH,-1312.2705975380009,LOW,HIGH,REORDER NOW,60
2025-11-01,SKU035,579,5,4,117,185,3386154.12,584,0,0,Healthy (> Reorder Point),125.03438379015351,4.630726224649866,0.5714285714285714,71.44821930865915,584,-395.55178069134087,LOW,-921.4126054818421,LOW,LOW,HEALTHY,0
2025-11-01,SKU036,318,61,11,77,245,476955.48,379,0,0,Healthy (> Reorder Point),28.401220974970112,11.196701729135244,1.5714285714285714,44.63049010352446,379,-257.3695098964755,LOW,-22.81465169964133,LOW,LOW,HEALTHY,0
2025-11-01,SKU037,573,712,13,142,613,3235433.04,1285,1,0,Reorder Needed (<= Reorder Point),148.2476501285819,3.8651540142660683,1.8571428571428572,275.31706452450925,1285,-867.6829354754907,LOW,-1205.971801542983,LOW,LOW,REORDER SOON,0
2025-11-01,SKU038,60,47,6,32,83,192174.6,107,1,0,Reorder Needed (<= Reorder Point),46.60615974096913,1.28738347749465,0.8571428571428571,39.948136920830684,107,-35.05186307916932,LOW,-499.2739168916296,LOW,LOW,REORDER SOON,0
2025-11-01,SKU039,152,94,6,20,53,464215.6,246,0,0,Healthy (> Reorder Point),18.63885467149666,8.155007519450482,0.8571428571428571,15.976161146997136,246,-210.02383885300287,LOW,-71.66625605795991,LOW,LOW,HEALTHY,0
2025-11-01,SKU040,181,30,10,22,81,210783.55,211,0,0,Healthy (> Reorder Point),90.19968398617831,2.0066589149883876,1.4285714285714286,128.85669140882618,211,-60.14330859117382,LOW,-901.3962078341397,LOW,LOW,HEALTHY,0
2025-11-01,SKU041,292,418,14,97,311,1656437.16,710,1,0,Reorder Needed (<= Reorder Point),64.96817258818683,4.494508439553899,2.0,129.93634517637366,710,-483.06365482362634,LOW,-487.618071058242,LOW,LOW,REORDER SOON,0
2025-11-01,SKU042,151,48,8,44,96,1171929.12,199,0,0,Healthy (> Reorder Point),136.1102257325676,1.1093949715188052,1.1428571428571428,155.554543694363,199,0.5545436943629909,HIGH,-1482.3227087908112,LOW,HIGH,REORDER NOW,60
2025-11-01,SKU043,112,491,10,75,251,418045.6,603,1,0,Reorder Needed (<= Reorder Point),130.258832688137,0.8598265291394717,1.4285714285714286,186.08404669733858,603,-341.9159533026614,LOW,-1451.1059922576442,LOW,LOW,REORDER SOON,0
2025-11-01,SKU044,112,13,13,28,110,111667.36,125,0,0,Healthy (> Reorder Point),53.04250247248853,2.11151425327436,1.8571428571428572,98.50750459176442,125,1.507504591764416,HIGH,-524.5100296698623,LOW,HIGH,REORDER NOW,60
2025-11-01,SKU045,284,121,13,70,227,516402.88,405,0,0,Healthy (> Reorder Point),147.55999314681097,1.9246409134584441,1.8571428571428572,274.03998727264894,405,-60.96001272735106,LOW,-1486.7199177617317,LOW,LOW,HEALTHY,0
2025-11-01,SKU046,257,56,8,31,113,1217910.15,313,0,0,Healthy (> Reorder Point),54.18980348712668,4.7425896287122145,1.1428571428571428,61.93120398528763,313,-220.06879601471238,LOW,-393.2776418455202,LOW,LOW,HEALTHY,0
2025-11-01,SKU047,98,125,8,44,88,600595.94,223,0,0,Healthy (> Reorder Point),88.06846728987554,1.1127705865191797,1.1428571428571428,100.6496769027149,223,-78.3503230972851,LOW,-958.8216074785064,LOW,LOW,HEALTHY,0
2025-11-01,SKU048,73,59,7,17,37,262706.56,132,0,0,Healthy (> Reorder Point),52.66637908493151,1.3860835179551234,1.0,52.66637908493151,132,-62.33362091506848,LOW,-558.9965490191781,LOW,LOW,HEALTHY,0
2025-11-01,SKU049,410,337,12,113,407,2167387.1,747,0,0,Healthy (> Reorder Point),147.86670983735698,2.7727674501648902,1.7142857142857142,253.48578829261194,747,-380.5142117073881,LOW,-1364.4005180482836,LOW,LOW,HEALTHY,0
2025-11-01,SKU050,94,132,13,87,266,326415.94,226,1,0,Reorder Needed (<= Reorder Point),35.23463894720143,2.6678292387459273,1.8571428571428572,65.43575804480267,226,-73.56424195519733,LOW,-328.8156673664172,LOW,LOW,REORDER SOON,0
2025-12-01,SKU001,771,147,4,159,289,2815160.01,918,0,0,Healthy (> Reorder Point),84.35095557248381,9.140382521659404,0.5714285714285714,48.200546041419315,918,-710.7994539585807,LOW,-241.2114668698057,LOW,LOW,HEALTHY,0
2025-12-01,SKU002,526,29,3,94,149,2974319.6,555,0,0,Healthy (> Reorder Point),60.610605206310034,8.678349246135548,0.42857142857142855,25.975973659847156,555,-435.02402634015283,LOW,-201.32726247572043,LOW,LOW,HEALTHY,0
2025-12-01,SKU003,349,12,3,88,123,2145941.67,361,0,0,Healthy (> Reorder Point),34.20813909588409,10.202250377366816,0.42857142857142855,14.660631041093183,361,-258.3393689589068,LOW,-61.49766915060911,LOW,LOW,HEALTHY,0
2025-12-01,SKU004,259,254,6,98,196,321905.92,513,0,0,Healthy (> Reorder Point),27.974245966626015,9.258515861660527,0.8571428571428571,23.97792511425087,513,-391.02207488574913,LOW,-76.69095159951218,LOW,LOW,HEALTHY,0
2025-12-01,SKU005,471,291,6,129,245,3500674.53,762,0,0,Healthy (> Reorder Point),101.36967098364632,4.646360153186105,0.8571428571428571,86.88828941455398,762,-546.111710585446,LOW,-745.4360518037558,LOW,LOW,HEALTHY,0
2025-12-01,SKU006,359,485,13,129,340,2378877.6,844,0,0,Healthy (> Reorder Point),37.22048017150538,9.64522752919338,1.8571428571428572,69.12374888993857,844,-645.8762511100615,LOW,-87.64576205806452,LOW,LOW,HEALTHY,0
2025-12-01,SKU007,207,460,8,98,237,941442.21,667,1,0,Reorder Needed (<= Reorder Point),148.4626504518179,1.3942900747766176,1.1428571428571428,169.6716005163633,667,-399.3283994836367,LOW,-1574.5518054218146,LOW,LOW,REORDER SOON,0
2025-12-01,SKU008,325,155,3,91,161,2165845.5,480,0,0,Healthy (> Reorder Point),97.15146048182743,3.3452919635808516,0.42857142857142855,41.636340206497465,480,-347.3636597935025,LOW,-840.8175257819291,LOW,LOW,HEALTHY,0
2025-12-01,SKU009,75,89,7,63,131,224818.5,164,1,0,Reorder Needed (<= Reorder Point),61.66929685639556,1.2161643447086254,1.0,61.66929685639556,164,-39.33070314360444,LOW,-665.0315622767467,LOW,LOW,REORDER SOON,0
2025-12-01,SKU010,83,70,13,22,60,595250.27,153,0,0,Healthy (> Reorder Point),99.10270304793268,0.8375149965370335,1.8571428571428572,184.04787708901785,153,53.047877089017845,HIGH,-1106.2324365751922,LOW,HIGH,REORDER NOW,60
2025-12-01,SKU011,753,269,3,179,247,2911918.77,1022,0,0,Healthy (> Reorder Point),18.21293984749243,41.344231425860315,0.42857142857142855,7.805545648925326,1022,-835.1944543510747,LOW,534.4447218300909,HIGH,HIGH,MARKDOWN / CLEAR,40
2025-12-01,SKU012,47,60,12,16,58,67949.78,107,1,0,Reorder Needed (<= Reorder Point),152.60360509957462,0.3079874814840204,1.7142857142857142,261.60618017069936,107,170.60618017069936,HIGH,-1784.2432611948955,LOW,HIGH,REORDER NOW,60
2025-12-01,SKU013,151,95,4,32,61,1169978.2,246,0,0,Healthy (> Reorder Point),82.29389569333014,1.8348870074483354,0.5714285714285714,47.02508325333151,246,-166.9749167466685,LOW,-836.5267483199617,LOW,LOW,HEALTHY,0
2025-12-01,SKU014,309,334,10,130,299,964407.54,643,0,0,Healthy (> Reorder Point),126.68761064142299,2.4390703908260973,1.4285714285714286,180.98230091631856,643,-332.01769908368146,LOW,-1211.2513276970758,LOW,LOW,HEALTHY,0
2025-12-01,SKU015,187,245,9,119,265,235038.43,432,1,0,Reorder Needed (<= Reorder Point),21.863857921842072,8.552927880728054,1.2857142857142858,28.11067447093981,432,-284.8893255290602,LOW,-75.36629506210488,LOW,LOW,REORDER SOON,0
2025-12-01,SKU016,255,187,11,30,129,512180.25,442,0,0,Healthy (> Reorder Point),81.77833745970412,3.1181851810774464,1.5714285714285714,128.50881600810646,442,-283.49118399189354,LOW,-726.3400495164494,LOW,LOW,HEALTHY,0
2025-12-01,SKU017,95,26,12,108,274,636809.7,121,1,1,Critical (<= Safety Stock),83.9279095755806,1.1319238198641004,1.7142857142857142,143.87641641528103,121,130.87641641528103,HIGH,-912.1349149069672,LOW,HIGH,REORDER NOW,60
2025-12-01,SKU018,235,102,8,66,184,627647.4,337,0,0,Healthy (> Reorder Point),149.6531105639159,1.5702981322238068,1.1428571428571428,171.03212635876102,337,-99.96787364123898,LOW,-1560.8373267669908,LOW,LOW,HEALTHY,0
2025-12-01,SKU019,227,114,14,25,126,738421.92,341,0,0,Healthy (> Reorder Point),95.61862243779252,2.374014540396474,2.0,191.23724487558505,341,-124.76275512441495,LOW,-920.4234692535103,LOW,LOW,HEALTHY,0
2025-12-01,SKU020,1002,353,3,129,227,5550418.68,1355,0,0,Healthy (> Reorder Point),84.59106805499508,11.845222232547899,0.42857142857142855,36.253314880712175,1355,-1189.7466851192878,LOW,-13.092816659940922,LOW,LOW,HEALTHY,0
2025-12-01,SKU021,88,97,9,36,88,27021.28,185,1,0,Reorder Needed (<= Reorder Point),50.40102463578332,1.7459962497969228,1.2857142857142858,64.80131738886428,185,-84.19868261113572,LOW,-516.8122956293998,LOW,LOW,REORDER SOON,0
2025-12-01,SKU022,95,194,8,76,163,513246.05,289,1,0,Reorder Needed (<= Reorder Point),58.31515299485604,1.629079152178164,1.1428571428571428,66.64588913697833,289,-146.35411086302167,LOW,-604.7818359382725,LOW,LOW,REORDER SOON,0
2025-12-01,SKU023,130,79,12,41,148,494858.0,209,1,0,Reorder Needed (<= Reorder Point),87.54378131244553,1.484971268673298,1.7142857142857142,150.07505367847804,209,-17.924946321521958,LOW,-920.5253757493465,LOW,LOW,REORDER SOON,0
2025-12-01,SKU024,341,18,14,60,259,454699.63,359,0,0,Healthy (> Reorder Point),76.4636135364613,4.4596375220665685,2.0,152.9272270729226,359,-146.0727729270774,LOW,-576.5633624375355,LOW,LOW,HEALTHY,0
2025-12-01,SKU025,1124,61,14,121,582,4384724.0,1185,0,0,Healthy (> Reorder Point),18.585355361227894,60.47772443161613,2.0,37.17071072245579,1185,-1026.8292892775441,LOW,900.9757356652653,HIGH,HIGH,MARKDOWN / CLEAR,40
2025-12-01,SKU026,160,70,5,31,59,988598.4,230,0,0,Healthy (> Reorder Point),133.0415205457043,1.2026320756386315,0.7142857142857143,95.02965753264593,230,-103.97034246735407,LOW,-1436.4982465484513,LOW,LOW,HEALTHY,0
2025-12-01,SKU027,567,103,3,83,133,2599048.62,670,0,0,Healthy (> Reorder Point),145.90675541794133,3.8860435102943782,0.42857142857142855,62.53146660768914,670,-524.4685333923109,LOW,-1183.881065015296,LOW,LOW,HEALTHY,0
2025-12-01,SKU028,174,55,11,114,337,85058.16,229,1,0,Reorder Needed (<= Reorder Point),31.106388794354906,5.593706204545897,1.5714285714285714,48.881468105414854,229,-66.11853189458515,LOW,-199.2766655322589,LOW,LOW,REORDER SOON,0
2025-12-01,SKU029,261,520,5,196,329,891602.1,781,1,0,Reorder Needed (<= Reorder Point),92.13179246289059,2.832898319058833,0.7142857142857143,65.808423187779,781,-519.191576812221,LOW,-844.581509554687,LOW,LOW,REORDER SOON,0
2025-12-01,SKU030,166,32,9,43,104,342462.98,198,0,0,Healthy (> Reorder Point),29.57372506362793,5.6130906621621275,1.2857142857142858,38.02336079609305,198,-116.97663920390696,LOW,-188.88470076353514,LOW,LOW,HEALTHY,0
2025-12-01,SKU031,93,40,13,28,113,234857.55,133,1,0,Reorder Needed (<= Reorder Point),112.061080321504,0.8299045461027359,1.8571428571428572,208.11343488279314,133,103.11343488279314,HIGH,-1251.732963858048,LOW,HIGH,REORDER NOW,60
2025-12-01,SKU032,278,214,11,60,185,1269626.0,492,0,0,Healthy (> Reorder Point),54.992586929301225,5.055226813704879,1.5714285714285714,86.41692231747335,492,-345.58307768252666,LOW,-381.91104315161465,LOW,LOW,HEALTHY,0
2025-12-01,SKU033,208,168,12,55,183,707096.0,376,0,0,Healthy (> Reorder Point),102.66265597604806,2.026053174082384,1.7142857142857142,175.99312453036808,376,-145.00687546963192,LOW,-1023.9518717125766,LOW,LOW,HEALTHY,0
2025-12-01,SKU034,34,103,5,34,58,52497.36,137,1,1,Critical (<= Safety Stock),118.43921646150007,0.2870670797712687,0.7142857142857143,84.5994403296429,137,-18.400559670357097,LOW,-1387.2705975380009,LOW,LOW,REORDER SOON,0
2025-12-01,SKU035,670,76,8,137,304,3918347.6,746,0,0,Healthy (> Reorder Point),125.03438379015351,5.358526028524024,1.1428571428571428,142.8964386173183,746,-466.10356138268173,LOW,-830.4126054818421,LOW,LOW,HEALTHY,0
2025-12-01,SKU036,383,135,3,77,129,574446.38,518,0,0,Healthy (> Reorder Point),28.401220974970112,13.48533573037358,0.42857142857142855,12.171951846415762,518,-428.82804815358423,LOW,42.18534830035867,HIGH,HIGH,MARKDOWN / CLEAR,40
2025-12-01,SKU037,355,687,8,315,644,2004500.4,1042,1,0,Reorder Needed (<= Reorder Point),148.2476501285819,2.3946416667791524,1.1428571428571428,169.42588586123645,1042,-557.5741141387635,LOW,-1423.971801542983,LOW,LOW,REORDER SOON,0
2025-12-01,SKU038,159,310,12,56,175,509262.69,469,1,0,Reorder Needed (<= Reorder Point),46.60615974096913,3.4115662153608226,1.7142857142857142,79.89627384166137,469,-333.10372615833865,LOW,-400.2739168916296,LOW,LOW,REORDER SOON,0
2025-12-01,SKU039,93,35,3,17,31,284026.65,128,0,0,Healthy (> Reorder Point),18.63885467149666,4.989576969137466,0.42857142857142855,7.988080573498568,128,-103.01191942650144,LOW,-130.6662560579599,LOW,LOW,HEALTHY,0
2025-12-01,SKU040,67,29,9,36,93,78024.85,96,1,0,Reorder Needed (<= Reorder Point),90.19968398617831,0.7427963939459776,1.2857142857142858,115.97102226794355,96,55.97102226794357,HIGH,-1015.3962078341397,LOW,HIGH,REORDER NOW,60
2025-12-01,SKU041,440,40,4,78,139,2496001.2,480,0,0,Healthy (> Reorder Point),64.96817258818683,6.7725469637113545,0.5714285714285714,37.124670050392474,480,-364.87532994960753,LOW,-339.618071058242,LOW,LOW,HEALTHY,0
2025-12-01,SKU042,90,120,6,41,88,698500.8,210,0,0,Healthy (> Reorder Point),136.1102257325676,0.6612287909714734,0.8571428571428571,116.66590777077224,210,-52.334092229227764,LOW,-1543.3227087908112,LOW,LOW,HEALTHY,0
2025-12-01,SKU043,559,211,12,142,393,2086495.45,770,0,0,Healthy (> Reorder Point),130.258832688137,4.291455623115756,1.7142857142857142,223.3008560368063,770,-404.6991439631937,LOW,-1004.1059922576442,LOW,LOW,HEALTHY,0
2025-12-01,SKU044,223,39,5,55,93,222337.69,262,0,0,Healthy (> Reorder Point),53.04250247248853,4.204175700715913,0.7142857142857143,37.88750176606324,262,-169.11249823393678,LOW,-413.5100296698623,LOW,LOW,HEALTHY,0
2025-12-01,SKU045,307,142,4,88,142,558224.24,449,0,0,Healthy (> Reorder Point),147.55999314681097,2.0805097198300784,0.5714285714285714,84.31999608389198,449,-276.68000391610803,LOW,-1463.7199177617317,LOW,LOW,HEALTHY,0
2025-12-01,SKU046,119,182,4,46,96,563935.05,301,0,0,Healthy (> Reorder Point),54.18980348712668,2.195985080999041,0.5714285714285714,30.965601992643816,301,-224.03439800735617,LOW,-531.2776418455202,LOW,LOW,HEALTHY,0
2025-12-01,SKU047,201,129,9,44,99,1231834.53,330,0,0,Healthy (> Reorder Point),88.06846728987554,2.282315182554644,1.2857142857142858,113.23088651555427,330,-172.7691134844457,LOW,-855.8216074785064,LOW,LOW,HEALTHY,0
2025-12-01,SKU048,106,50,3,22,31,381464.32,156,0,0,Healthy (> Reorder Point),52.66637908493151,2.0126692178526446,0.42857142857142855,22.571305322113506,156,-111.4286946778865,LOW,-525.9965490191781,LOW,LOW,HEALTHY,0
2025-12-01,SKU049,780,599,5,206,344,4123321.8,1379,0,0,Healthy (> Reorder Point),147.86670983735698,5.275021002752718,0.7142857142857143,105.61907845525499,1379,-1067.380921544745,LOW,-994.4005180482836,LOW,LOW,HEALTHY,0
2025-12-01,SKU050,328,525,14,69,316,1138983.28,853,0,0,Healthy (> Reorder Point),35.23463894720143,9.309021173496427,2.0,70.46927789440286,853,-713.5307221055971,LOW,-94.81566736641719,LOW,LOW,HEALTHY,0
