Week_Start,SKU,Units_Sold,Forecast_Units
2024-12-30,SKU001,102,89.90515234754652
2025-01-06,SKU001,76,56.878412712647844
2025-01-13,SKU001,104,93.77639429123562
2025-01-20,SKU001,91,96.74812336627932
2025-01-27,SKU001,106,93.51487165389527
2025-02-03,SKU001,103,100.41860814851304
2025-02-10,SKU001,112,104.61712172696554
2025-02-17,SKU001,117,109.24487544793641
2025-02-24,SKU001,109,116.19008983881622
2025-03-03,SKU001,105,115.16108013612865
2025-03-10,SKU001,109,120.85302775156217
2025-03-17,SKU001,134,125.85823021048932
2025-03-24,SKU001,127,124.15807150433477
2025-03-31,SKU001,112,122.92138873753531
2025-04-07,SKU001,98,112.8786130875688
2025-04-14,SKU001,113,108.5054818630556
2025-04-21,SKU001,111,107.84593086130037
2025-04-28,SKU001,134,114.08204161953871
2025-05-05,SKU001,94,108.91777009822316
2025-05-12,SKU001,121,110.07857784528935
2025-05-19,SKU001,117,114.5187276659447
2025-05-26,SKU001,116,114.91671261890963
2025-06-02,SKU001,114,115.3370008086945
2025-06-09,SKU001,123,120.39799712642917
2025-06-16,SKU001,99,117.8465360403662
2025-06-23,SKU001,118,114.30163543421935
2025-06-30,SKU001,130,116.9062117345411
2025-07-07,SKU001,101,103.18755780210381
2025-07-14,SKU001,114,103.10151540169302
2025-07-21,SKU001,114,105.20360939895716
2025-07-28,SKU001,116,104.48812564274942
2025-08-04,SKU001,93,104.09205774515428
2025-08-11,SKU001,76,96.92061565053477
2025-08-18,SKU001,84,89.9538166437493
2025-08-25,SKU001,101,93.68455626771738
2025-09-01,SKU001,92,86.47731760658422
2025-09-08,SKU001,92,90.60598602501229
2025-09-15,SKU001,89,90.553535664023
2025-09-22,SKU001,85,91.18730232786955
2025-09-29,SKU001,84,89.57917453584218
2025-10-06,SKU001,86,80.12776998266727
2025-10-13,SKU001,79,83.47395199540112
2025-10-20,SKU001,88,83.0057934132823
2025-10-27,SKU001,77,82.26098006059124
2025-11-03,SKU001,96,89.96868100316736
2025-11-10,SKU001,89,94.27678897125621
2025-11-17,SKU001,83,87.51761564266782
2025-11-24,SKU001,92,90.56888704980565
2025-12-01,SKU001,81,85.56605480847278
2025-12-08,SKU001,89,90.45416877043922
2025-12-15,SKU001,93,89.89038651084553
2025-12-22,SKU001,82,86.42636446345163
2025-12-29,SKU001,81,83.10951845926436
2026-01-05,SKU001,25,63.08600476584506
2024-12-30,SKU002,63,63.563860539773955
2025-01-06,SKU002,72,49.59852910450269
2025-01-13,SKU002,66,65.94725104340418
2025-01-20,SKU002,64,65.79580387688425
2025-01-27,SKU002,66,67.02751535000863
2025-02-03,SKU002,84,72.4010862776475
2025-02-10,SKU002,76,75.570173170722
2025-02-17,SKU002,73,71.35507322779492
2025-02-24,SKU002,84,72.9851879700049
2025-03-03,SKU002,98,86.01334389414502
2025-03-10,SKU002,93,84.84008458202246
2025-03-17,SKU002,83,90.35046774384607
2025-03-24,SKU002,83,86.78865622553342
2025-03-31,SKU002,93,86.97534920600937
2025-04-07,SKU002,81,80.41820461527601
2025-04-14,SKU002,90,84.23308179434649
2025-04-21,SKU002,80,82.15988171101209
2025-04-28,SKU002,79,82.56361178825146
2025-05-05,SKU002,66,81.0665455181978
2025-05-12,SKU002,84,78.86716044556935
2025-05-19,SKU002,79,81.03049594337895
2025-05-26,SKU002,88,78.62212549190386
2025-06-02,SKU002,90,81.16414083624039
2025-06-09,SKU002,73,82.5739044192508
2025-06-16,SKU002,84,80.08540326802357
2025-06-23,SKU002,85,78.37707170135752
2025-06-30,SKU002,70,77.93109032864943
2025-07-07,SKU002,53,67.49549608452777
2025-07-14,SKU002,79,71.7771738124843
2025-07-21,SKU002,67,69.6081247959393
2025-07-28,SKU002,77,67.56109088826435
2025-08-04,SKU002,77,66.71904906117467
2025-08-11,SKU002,55,67.46639263651583
2025-08-18,SKU002,70,64.41147998972448
2025-08-25,SKU002,78,63.18314573710881
2025-09-01,SKU002,71,63.93493284245543
2025-09-08,SKU002,61,65.35649729017882
2025-09-15,SKU002,76,66.52597258676673
2025-09-22,SKU002,69,66.08783028460138
2025-09-29,SKU002,63,64.51956050217701
2025-10-06,SKU002,60,62.61244642958644
2025-10-13,SKU002,59,62.85558792238091
2025-10-20,SKU002,61,60.39258187924046
2025-10-27,SKU002,47,57.83510315105093
2025-11-03,SKU002,76,63.819859290465196
2025-11-10,SKU002,71,61.6567637841597
2025-11-17,SKU002,57,67.76000897899142
2025-11-24,SKU002,66,64.95199438324832
2025-12-01,SKU002,66,64.88605438989688
2025-12-08,SKU002,50,64.45828644005097
2025-12-15,SKU002,55,62.31248086880692
2025-12-22,SKU002,51,56.99513090020658
2025-12-29,SKU002,55,60.70716411556261
2026-01-05,SKU002,18,41.30829981440018
2024-12-30,SKU003,30,35.164941490289145
2025-01-06,SKU003,37,26.140082976909014
2025-01-13,SKU003,35,36.10355235231588
2025-01-20,SKU003,37,35.45877055471764
2025-01-27,SKU003,22,34.6314889817915
2025-02-03,SKU003,41,35.38371148106851
2025-02-10,SKU003,38,37.05771059180244
2025-02-17,SKU003,48,38.04421595411839
2025-02-24,SKU003,45,38.34371452783746
2025-03-03,SKU003,50,49.16385188666788
2025-03-10,SKU003,45,48.684685381257715
2025-03-17,SKU003,58,52.655830151104134
2025-03-24,SKU003,69,53.98515135603375
2025-03-31,SKU003,48,52.22899599627131
2025-04-07,SKU003,44,50.19643725934445
2025-04-14,SKU003,46,47.74474699059606
2025-04-21,SKU003,46,48.28842673176524
2025-04-28,SKU003,45,47.00057300070123
2025-05-05,SKU003,45,45.9637163614513
2025-05-12,SKU003,48,45.9637163614513
2025-05-19,SKU003,39,44.57821218404367
2025-05-26,SKU003,43,43.84813812076625
2025-06-02,SKU003,48,46.45510420170509
2025-06-09,SKU003,51,48.13571488731812
2025-06-16,SKU003,50,48.44852735490392
2025-06-23,SKU003,50,50.12038312798622
2025-06-30,SKU003,47,49.079482936983474
2025-07-07,SKU003,39,42.918206756775845
2025-07-14,SKU003,44,41.756478839165126
2025-07-21,SKU003,38,41.01312381906378
2025-07-28,SKU003,37,41.00007064974151
2025-08-04,SKU003,26,35.38794015513891
2025-08-11,SKU003,39,34.148293630315415
2025-08-18,SKU003,42,34.37021477560129
2025-08-25,SKU003,31,33.65466123978601
2025-09-01,SKU003,30,33.70057349487837
2025-09-08,SKU003,31,36.00924921800316
2025-09-15,SKU003,46,35.417394487033484
2025-09-22,SKU003,36,36.188183841635635
2025-09-29,SKU003,46,35.632329797585065
2025-10-06,SKU003,42,35.60725662113226
2025-10-13,SKU003,30,36.85721802368388
2025-10-20,SKU003,27,33.010949934811634
2025-10-27,SKU003,38,32.86041276792178
2025-11-03,SKU003,36,36.68745217016019
2025-11-10,SKU003,39,34.21804718329152
2025-11-17,SKU003,38,36.302697258839885
2025-11-24,SKU003,42,36.36543501877557
2025-12-01,SKU003,28,36.30851643383346
2025-12-08,SKU003,34,35.729420806489784
2025-12-15,SKU003,36,35.54854056537919
2025-12-22,SKU003,22,35.49355219528412
2025-12-29,SKU003,38,35.582514027303766
2026-01-05,SKU003,10,21.910284466004917
2024-12-30,SKU004,30,28.615448300005163
2025-01-06,SKU004,38,21.648710531841537
2025-01-13,SKU004,37,32.07579507344919
2025-01-20,SKU004,22,28.857002542244594
2025-01-27,SKU004,39,30.716052381961845
2025-02-03,SKU004,34,34.43029568589027
2025-02-10,SKU004,30,34.79548520876286
2025-02-17,SKU004,38,34.034171418170466
2025-02-24,SKU004,34,36.95151130707928
2025-03-03,SKU004,48,40.32197574609764
2025-03-10,SKU004,35,37.91222901269209
2025-03-17,SKU004,39,38.94550483578699
2025-03-24,SKU004,39,38.894138759689696
2025-03-31,SKU004,41,40.27876175206545
2025-04-07,SKU004,27,36.701464951928976
2025-04-14,SKU004,32,36.84420806471856
2025-04-21,SKU004,51,36.92628066322437
2025-04-28,SKU004,39,37.82734513879357
2025-05-05,SKU004,33,36.63522146265141
2025-05-12,SKU004,34,36.81947234294703
2025-05-19,SKU004,30,35.16359622156247
2025-05-26,SKU004,35,35.001252267630115
2025-06-02,SKU004,34,34.08631293193952
2025-06-09,SKU004,25,36.37401966883463
2025-06-16,SKU004,34,33.80011000963697
2025-06-23,SKU004,48,33.20009295116998
2025-06-30,SKU004,27,35.72756741861714
2025-07-07,SKU004,29,30.80557473877793
2025-07-14,SKU004,31,32.65313408927009
2025-07-21,SKU004,31,31.949023161467768
2025-07-28,SKU004,34,29.061538224945416
2025-08-04,SKU004,30,29.69663609097547
2025-08-11,SKU004,23,29.61412055201319
2025-08-18,SKU004,27,29.172419910798162
2025-08-25,SKU004,23,28.267984676894347
2025-09-01,SKU004,35,27.569579080977025
2025-09-08,SKU004,32,29.32711996843275
2025-09-15,SKU004,31,30.48812309283647
2025-09-22,SKU004,27,28.98481655549693
2025-09-29,SKU004,32,29.493734229127327
2025-10-06,SKU004,17,27.107790812506646
2025-10-13,SKU004,29,28.295303976879364
2025-10-20,SKU004,26,26.60475144971931
2025-10-27,SKU004,24,27.588597155782793
2025-11-03,SKU004,33,29.70696677211438
2025-11-10,SKU004,25,29.297892419423665
2025-11-17,SKU004,32,29.68846836957197
2025-11-24,SKU004,26,28.400545802720355
2025-12-01,SKU004,25,29.262581162949957
2025-12-08,SKU004,28,29.834059635873533
2025-12-15,SKU004,39,29.833362892067907
2025-12-22,SKU004,37,28.92544789064831
2025-12-29,SKU004,27,30.369112756470145
2026-01-05,SKU004,5,19.518941283866855
2024-12-30,SKU005,107,98.79998396322489
2025-01-06,SKU005,108,78.5382164518648
2025-01-13,SKU005,110,111.25201499989265
2025-01-20,SKU005,118,107.96040536491427
2025-01-27,SKU005,113,116.84804094650286
2025-02-03,SKU005,113,121.75109431849896
2025-02-10,SKU005,124,123.39528313821978
2025-02-17,SKU005,130,128.86929069854344
2025-02-24,SKU005,135,128.48497353257952
2025-03-03,SKU005,163,144.557874554444
2025-03-10,SKU005,148,148.29427495312686
2025-03-17,SKU005,139,149.78047868025638
2025-03-24,SKU005,139,145.24766629822946
2025-03-31,SKU005,139,144.3901859495652
2025-04-07,SKU005,132,135.2126476846444
2025-04-14,SKU005,145,137.19137827459178
2025-04-21,SKU005,132,139.0506281405905
2025-04-28,SKU005,131,136.00750506625616
2025-05-05,SKU005,112,129.0857290312392
2025-05-12,SKU005,125,124.09213552444466
2025-05-19,SKU005,120,123.86667908451668
2025-05-26,SKU005,138,123.5175633818825
2025-06-02,SKU005,140,127.50659168526734
2025-06-09,SKU005,126,128.3665015693528
2025-06-16,SKU005,131,129.5222307077766
2025-06-23,SKU005,125,131.45108006395893
2025-06-30,SKU005,132,129.67503551740785
2025-07-07,SKU005,96,111.43356220277643
2025-07-14,SKU005,109,105.69982792840027
2025-07-21,SKU005,106,107.78295601168372
2025-07-28,SKU005,123,109.8765849373045
2025-08-04,SKU005,109,105.3296224451901
2025-08-11,SKU005,105,106.39705288610574
2025-08-18,SKU005,102,105.30692680503475
2025-08-25,SKU005,99,106.50056077349471
2025-09-01,SKU005,97,105.58792190517053
2025-09-08,SKU005,94,98.21326352125213
2025-09-15,SKU005,97,93.51820336491465
2025-09-22,SKU005,86,93.08274692685053
2025-09-29,SKU005,110,93.68901691424631
2025-10-06,SKU005,97,91.98993345703217
2025-10-13,SKU005,113,94.53795833818724
2025-10-20,SKU005,96,94.59776430259913
2025-10-27,SKU005,103,101.94978902992551
2025-11-03,SKU005,102,102.46566813659982
2025-11-10,SKU005,115,106.466097742109
2025-11-17,SKU005,105,109.50958760115323
2025-11-24,SKU005,107,107.11389435762655
2025-12-01,SKU005,111,107.44119378869733
2025-12-08,SKU005,93,109.63799748000608
2025-12-15,SKU005,96,104.71042988593591
2025-12-22,SKU005,112,105.54532343194556
2025-12-29,SKU005,104,99.823054663121
2026-01-05,SKU005,33,58.6983752081619
2024-12-30,SKU006,44,46.191995892572024
2025-01-06,SKU006,54,34.93025557137079
2025-01-13,SKU006,46,45.09378119988787
2025-01-20,SKU006,40,46.64184274316318
2025-01-27,SKU006,53,43.89610598170867
2025-02-03,SKU006,51,49.423035007240856
2025-02-10,SKU006,45,49.96425399972655
2025-02-17,SKU006,48,49.237253344438756
2025-02-24,SKU006,46,49.79512145152873
2025-03-03,SKU006,57,55.87131343434588
2025-03-10,SKU006,65,60.22126845243824
2025-03-17,SKU006,60,55.525371329042756
2025-03-24,SKU006,43,55.86876657550937
2025-03-31,SKU006,56,54.21240919912962
2025-04-07,SKU006,56,53.743392724482916
2025-04-14,SKU006,52,50.156859433789094
2025-04-21,SKU006,50,49.506130191535085
2025-04-28,SKU006,59,50.01479525848049
2025-05-05,SKU006,50,53.544851781873135
2025-05-12,SKU006,67,55.81238049545413
2025-05-19,SKU006,50,53.59575461336854
2025-05-26,SKU006,55,57.5670501606208
2025-06-02,SKU006,44,52.61825649990406
2025-06-09,SKU006,57,51.84582194375984
2025-06-16,SKU006,66,52.87529014371803
2025-06-23,SKU006,42,51.802813843567044
2025-06-30,SKU006,53,53.73626398608743
2025-07-07,SKU006,41,48.115060546786964
2025-07-14,SKU006,34,45.97830294387139
2025-07-21,SKU006,45,40.57051373550539
2025-07-28,SKU006,40,42.996234123652044
2025-08-04,SKU006,47,39.23611814945885
2025-08-11,SKU006,51,42.264524261139066
2025-08-18,SKU006,37,41.38530214135377
2025-08-25,SKU006,39,39.837683852729235
2025-09-01,SKU006,37,38.54832588127477
2025-09-08,SKU006,45,38.644300302348896
2025-09-15,SKU006,39,38.88774959377769
2025-09-22,SKU006,45,39.17312954902413
2025-09-29,SKU006,49,44.83199678330057
2025-10-06,SKU006,44,41.32786729339374
2025-10-13,SKU006,32,38.303628854850366
2025-10-20,SKU006,32,38.012586387071494
2025-10-27,SKU006,33,34.541006039410895
2025-11-03,SKU006,41,40.303108619737415
2025-11-10,SKU006,35,37.850776552720035
2025-11-17,SKU006,32,37.960374641623496
2025-11-24,SKU006,42,38.190294615754205
2025-12-01,SKU006,42,37.92918490213533
2025-12-08,SKU006,38,37.45017285543382
2025-12-15,SKU006,41,37.45017285543382
2025-12-22,SKU006,39,38.68688535795149
2025-12-29,SKU006,45,41.83680556557284
2026-01-05,SKU006,14,29.685054340578475
2024-12-30,SKU007,156,148.22691526495566
2025-01-06,SKU007,173,100.8338416581049
2025-01-13,SKU007,172,150.28692829553557
2025-01-20,SKU007,148,165.98726547425858
2025-01-27,SKU007,189,181.37813384920653
2025-02-03,SKU007,173,173.84232356630446
2025-02-10,SKU007,181,178.5027773270023
2025-02-17,SKU007,173,181.38924091943778
2025-02-24,SKU007,167,176.59805625883368
2025-03-03,SKU007,195,196.15152158842582
2025-03-10,SKU007,218,203.6569526216565
2025-03-17,SKU007,192,199.51904788546406
2025-03-24,SKU007,184,200.02026300274943
2025-03-31,SKU007,216,205.4029838758419
2025-04-07,SKU007,197,197.22175798663793
2025-04-14,SKU007,194,195.83032096620101
2025-04-21,SKU007,199,196.41151001521948
2025-04-28,SKU007,202,200.5449243745141
2025-05-05,SKU007,195,190.6339640950546
2025-05-12,SKU007,174,186.10620818956033
2025-05-19,SKU007,176,181.2568799042649
2025-05-26,SKU007,209,198.02741079788998
2025-06-02,SKU007,190,203.88860724219373
2025-06-09,SKU007,180,190.13952885371862
2025-06-16,SKU007,180,185.00862602415023
2025-06-23,SKU007,184,189.97627399519914
2025-06-30,SKU007,218,196.26147757633206
2025-07-07,SKU007,178,173.2882517137963
2025-07-14,SKU007,188,171.43693015446465
2025-07-21,SKU007,154,169.06333555927736
2025-07-28,SKU007,177,163.3411951342744
2025-08-04,SKU007,174,160.18139074942974
2025-08-11,SKU007,139,149.26148695636593
2025-08-18,SKU007,164,155.26461620338296
2025-08-25,SKU007,156,157.20331191084335
2025-09-01,SKU007,162,154.61566205939232
2025-09-08,SKU007,154,157.31373095875813
2025-09-15,SKU007,149,155.53732643854894
2025-09-22,SKU007,166,158.7018070264743
2025-09-29,SKU007,168,159.18468511424715
2025-10-06,SKU007,127,140.33733131043206
2025-10-13,SKU007,154,141.692546143125
2025-10-20,SKU007,152,142.8535241693715
2025-10-27,SKU007,134,133.5371389538609
2025-11-03,SKU007,151,152.77771239974678
2025-11-10,SKU007,134,150.65300116452696
2025-11-17,SKU007,133,149.4534695875633
2025-11-24,SKU007,171,152.8356921638269
2025-12-01,SKU007,183,162.27840740177493
2025-12-08,SKU007,136,148.42817182938177
2025-12-15,SKU007,156,151.10344659713772
2025-12-22,SKU007,155,156.34592079148374
2025-12-29,SKU007,153,143.752500552517
2026-01-05,SKU007,47,85.18177399564568
2024-12-30,SKU008,98,101.53643707319846
2025-01-06,SKU008,110,69.36065115376388
2025-01-13,SKU008,110,106.97104798806502
2025-01-20,SKU008,105,103.44574059052279
2025-01-27,SKU008,104,104.9716884987532
2025-02-03,SKU008,125,112.48321996200261
2025-02-10,SKU008,142,121.85873075031344
2025-02-17,SKU008,112,118.06424444232493
2025-02-24,SKU008,115,116.9749444232618
2025-03-03,SKU008,136,137.15744452093705
2025-03-10,SKU008,126,134.4543314989905
2025-03-17,SKU008,165,142.03938807558217
2025-03-24,SKU008,139,139.0833184926871
2025-03-31,SKU008,161,143.86197180730326
2025-04-07,SKU008,130,137.02721800473043
2025-04-14,SKU008,135,140.58163451002875
2025-04-21,SKU008,138,135.51417509549054
2025-04-28,SKU008,139,139.16729978432673
2025-05-05,SKU008,130,133.89742363579668
2025-05-12,SKU008,134,132.7879644898511
2025-05-19,SKU008,122,132.08846380673282
2025-05-26,SKU008,110,123.6974430978607
2025-06-02,SKU008,144,134.71549392164198
2025-06-09,SKU008,115,124.88191194106778
2025-06-16,SKU008,132,125.84275298237314
2025-06-23,SKU008,103,121.98671918550423
2025-06-30,SKU008,123,121.94648842800343
2025-07-07,SKU008,117,110.04311399980637
2025-07-14,SKU008,111,113.93470140989928
2025-07-21,SKU008,112,106.2016007146727
2025-07-28,SKU008,107,111.00779375410846
2025-08-04,SKU008,105,106.30788858832238
2025-08-11,SKU008,116,106.46557219233355
2025-08-18,SKU008,117,109.8221046890235
2025-08-25,SKU008,93,108.93551106807844
2025-09-01,SKU008,95,99.86582970942423
2025-09-08,SKU008,91,101.08374200596134
2025-09-15,SKU008,90,93.21271359728804
2025-09-22,SKU008,95,93.68903469071832
2025-09-29,SKU008,88,96.14749126658467
2025-10-06,SKU008,95,83.55292038689299
2025-10-13,SKU008,101,86.80182784935538
2025-10-20,SKU008,105,85.30705026578242
2025-10-27,SKU008,84,95.1037931810404
2025-11-03,SKU008,106,99.09757403264538
2025-11-10,SKU008,99,98.64018756255668
2025-11-17,SKU008,101,104.25023810869075
2025-11-24,SKU008,94,100.33923843777062
2025-12-01,SKU008,117,103.8162157586167
2025-12-08,SKU008,95,102.44125010282256
2025-12-15,SKU008,111,102.13052513609463
2025-12-22,SKU008,98,105.05125523278885
2025-12-29,SKU008,104,103.07141308195995
2026-01-05,SKU008,23,55.57650463907414
2024-12-30,SKU009,68,66.79150581021227
2025-01-06,SKU009,63,50.42299274289185
2025-01-13,SKU009,56,66.87816813804852
2025-01-20,SKU009,74,69.94194780820736
2025-01-27,SKU009,65,68.57796873515865
2025-02-03,SKU009,69,79.95295504523429
2025-02-10,SKU009,92,76.82036247282066
2025-02-17,SKU009,71,73.82733959517418
2025-02-24,SKU009,83,78.36490440862805
2025-03-03,SKU009,87,87.4439421999868
2025-03-10,SKU009,101,90.02005757568566
2025-03-17,SKU009,92,89.80356060445013
2025-03-24,SKU009,92,88.36410559815924
2025-03-31,SKU009,88,89.29590753374343
2025-04-07,SKU009,74,84.74391028248998
2025-04-14,SKU009,80,87.06019548440774
2025-04-21,SKU009,73,81.5969655627279
2025-04-28,SKU009,97,87.67535033992331
2025-05-05,SKU009,79,81.27203636373328
2025-05-12,SKU009,92,82.68349035696355
2025-05-19,SKU009,103,84.41695303949622
2025-05-26,SKU009,85,86.72440235563005
2025-06-02,SKU009,78,84.31960749793389
2025-06-09,SKU009,84,89.2915055977703
2025-06-16,SKU009,86,83.60149730782508
2025-06-23,SKU009,80,80.03184910514267
2025-06-30,SKU009,98,82.33375470087523
2025-07-07,SKU009,76,74.50686242497355
2025-07-14,SKU009,71,76.22572479216834
2025-07-21,SKU009,76,82.09817004867736
2025-07-28,SKU009,64,76.10053049373056
2025-08-04,SKU009,66,77.12444216751953
2025-08-11,SKU009,70,67.84910721549971
2025-08-18,SKU009,61,66.96325287354654
2025-08-25,SKU009,68,64.21279382406578
2025-09-01,SKU009,59,61.91526283748853
2025-09-08,SKU009,71,64.72907259294931
2025-09-15,SKU009,87,65.05635122012166
2025-09-22,SKU009,74,66.84367956135878
2025-09-29,SKU009,70,66.47658324190354
2025-10-06,SKU009,51,62.10305875047671
2025-10-13,SKU009,61,66.71834960617034
2025-10-20,SKU009,57,58.74932652549474
2025-10-27,SKU009,53,55.489938948850245
2025-11-03,SKU009,76,67.37164681260516
2025-11-10,SKU009,56,63.3407163211908
2025-11-17,SKU009,62,62.77918586571883
2025-11-24,SKU009,60,62.67087208259682
2025-12-01,SKU009,69,62.13855798722389
2025-12-08,SKU009,73,63.00645174937597
2025-12-15,SKU009,87,70.62291272961669
2025-12-22,SKU009,70,70.08037172496773
2025-12-29,SKU009,76,68.48748768056588
2026-01-05,SKU009,12,42.853336247595465
2024-12-30,SKU010,107,111.16913662209988
2025-01-06,SKU010,115,75.24824670357458
2025-01-13,SKU010,121,120.5673293739215
2025-01-20,SKU010,110,118.47729425857622
2025-01-27,SKU010,111,108.72410592565029
2025-02-03,SKU010,100,116.82765881233675
2025-02-10,SKU010,132,120.1559031798994
2025-02-17,SKU010,124,126.37815755302188
2025-02-24,SKU010,135,128.02984817116229
2025-03-03,SKU010,153,145.03329478640666
2025-03-10,SKU010,158,145.842606744356
2025-03-17,SKU010,130,141.2155917379984
2025-03-24,SKU010,154,147.49499232009896
2025-03-31,SKU010,155,154.30801282202643
2025-04-07,SKU010,143,137.02432036797364
2025-04-14,SKU010,137,141.75267039042492
2025-04-21,SKU010,133,142.27463246545003
2025-04-28,SKU010,145,138.19438799209956
2025-05-05,SKU010,132,138.29972446886228
2025-05-12,SKU010,129,131.21679745479224
2025-05-19,SKU010,128,135.10540405700561
2025-05-26,SKU010,147,130.00016831167252
2025-06-02,SKU010,142,141.1965020886232
2025-06-09,SKU010,141,139.2685643034216
2025-06-16,SKU010,135,135.59890344271977
2025-06-23,SKU010,149,136.28390809712684
2025-06-30,SKU010,113,131.40780594384088
2025-07-07,SKU010,116,119.35615803447789
2025-07-14,SKU010,117,114.8120227185965
2025-07-21,SKU010,118,113.82916501606559
2025-07-28,SKU010,110,110.36166233245642
2025-08-04,SKU010,89,102.59456644237241
2025-08-11,SKU010,100,101.29887757080473
2025-08-18,SKU010,102,102.22767570157089
2025-08-25,SKU010,120,99.15599550122177
2025-09-01,SKU010,99,99.00984699654207
2025-09-08,SKU010,107,106.24774403223208
2025-09-15,SKU010,91,106.18325560079309
2025-09-22,SKU010,108,105.28944969198554
2025-09-29,SKU010,100,99.78092853141798
2025-10-06,SKU010,87,98.09017264599451
2025-10-13,SKU010,75,87.53725397431639
2025-10-20,SKU010,98,88.05812024416176
2025-10-27,SKU010,89,88.29632473800469
2025-11-03,SKU010,121,101.46818781949088
2025-11-10,SKU010,83,101.81291226077093
2025-11-17,SKU010,110,102.68744721207442
2025-11-24,SKU010,98,104.24366069516553
2025-12-01,SKU010,103,104.53401403570162
2025-12-08,SKU010,131,109.00283337220323
2025-12-15,SKU010,110,109.76791168958476
2025-12-22,SKU010,98,107.01268851110001
2025-12-29,SKU010,110,98.55862342571834
2026-01-05,SKU010,29,77.7225710112553
2024-12-30,SKU011,16,18.72591436571264
2025-01-06,SKU011,19,11.616947117877658
2025-01-13,SKU011,19,20.257125318892797
2025-01-20,SKU011,19,20.835021207728772
2025-01-27,SKU011,25,22.06888526686065
2025-02-03,SKU011,15,20.364998299243737
2025-02-10,SKU011,14,21.72759956158875
2025-02-17,SKU011,17,20.703946697492043
2025-02-24,SKU011,21,22.296313430018458
2025-03-03,SKU011,18,22.63747267651678
2025-03-10,SKU011,15,22.063821004651484
2025-03-17,SKU011,21,21.993026609147297
2025-03-24,SKU011,20,20.955145327839972
2025-03-31,SKU011,22,21.71578698896087
2025-04-07,SKU011,21,19.82410025102181
2025-04-14,SKU011,23,20.816655351999728
2025-04-21,SKU011,20,20.008768542733225
2025-04-28,SKU011,25,21.909994990818387
2025-05-05,SKU011,20,20.425101566564532
2025-05-12,SKU011,13,22.294229976968342
2025-05-19,SKU011,15,21.26506903841805
2025-05-26,SKU011,17,19.90295340547702
2025-06-02,SKU011,28,22.279385585406228
2025-06-09,SKU011,20,19.468062112565462
2025-06-16,SKU011,25,21.851578839911625
2025-06-23,SKU011,24,20.93884441095898
2025-06-30,SKU011,16,21.550067975748597
2025-07-07,SKU011,26,17.025204380193394
2025-07-14,SKU011,15,19.198720718663104
2025-07-21,SKU011,19,18.904977244317628
2025-07-28,SKU011,13,17.59800141595371
2025-08-04,SKU011,17,18.97889141761276
2025-08-11,SKU011,23,18.02633704204409
2025-08-18,SKU011,15,16.6891319962316
2025-08-25,SKU011,24,19.0046731288234
2025-09-01,SKU011,8,16.58420430723315
2025-09-08,SKU011,17,20.066178265469798
2025-09-15,SKU011,15,18.911697672360162
2025-09-22,SKU011,18,18.39279540315283
2025-09-29,SKU011,12,17.918809581033084
2025-10-06,SKU011,27,17.676686223932414
2025-10-13,SKU011,14,15.727365563491736
2025-10-20,SKU011,11,17.843484249157736
2025-10-27,SKU011,21,16.72395331148284
2025-11-03,SKU011,16,18.652222045878457
2025-11-10,SKU011,21,19.30803903185484
2025-11-17,SKU011,23,18.18574925272617
2025-11-24,SKU011,9,18.484759936180414
2025-12-01,SKU011,18,19.728285845894604
2025-12-08,SKU011,16,17.768778941190412
2025-12-15,SKU011,23,18.820315288318916
2025-12-22,SKU011,16,16.444561398510977
2025-12-29,SKU011,22,19.40768028295767
2026-01-05,SKU011,2,9.737898022875656
2024-12-30,SKU012,163,165.79812318849383
2025-01-06,SKU012,169,149.55130304400885
2025-01-13,SKU012,179,179.14139937212755
2025-01-20,SKU012,185,185.1239931080166
2025-01-27,SKU012,192,183.74085640424926
2025-02-03,SKU012,174,188.60656710682107
2025-02-10,SKU012,206,196.71812036419564
2025-02-17,SKU012,200,204.14980312969686
2025-02-24,SKU012,215,205.80417615317668
2025-03-03,SKU012,202,217.8151843713363
2025-03-10,SKU012,228,214.8082742160056
2025-03-17,SKU012,215,212.7238265814543
2025-03-24,SKU012,228,215.2381154958406
2025-03-31,SKU012,257,229.1528993274197
2025-04-07,SKU012,211,203.058015320143
2025-04-14,SKU012,185,200.30321273638174
2025-04-21,SKU012,210,211.98911497073487
2025-04-28,SKU012,205,201.19245366906887
2025-05-05,SKU012,205,200.10265096657207
2025-05-12,SKU012,191,200.67352275894376
2025-05-19,SKU012,201,197.40045617327368
2025-05-26,SKU012,203,194.4695513204031
2025-06-02,SKU012,195,200.7431203780145
2025-06-09,SKU012,205,196.7818075077629
2025-06-16,SKU012,211,208.17328776250122
2025-06-23,SKU012,186,197.14082309800455
2025-06-30,SKU012,167,187.3827812380253
2025-07-07,SKU012,179,166.45148551606036
2025-07-14,SKU012,188,173.63113106935486
2025-07-21,SKU012,181,176.95871357360556
2025-07-28,SKU012,147,169.2606652823706
2025-08-04,SKU012,168,162.31716701809245
2025-08-11,SKU012,164,158.6185641585918
2025-08-18,SKU012,165,161.84256430416417
2025-08-25,SKU012,190,160.14542261852205
2025-09-01,SKU012,158,160.812753562401
2025-09-08,SKU012,179,166.87061876141314
2025-09-15,SKU012,168,161.37102650885916
2025-09-22,SKU012,167,160.03167066175232
2025-09-29,SKU012,146,160.90341925843316
2025-10-06,SKU012,144,146.89327335590482
2025-10-13,SKU012,140,142.4161524894127
2025-10-20,SKU012,130,140.07956822077762
2025-10-27,SKU012,141,137.06467737891901
2025-11-03,SKU012,141,146.79907113550348
2025-11-10,SKU012,166,151.00820620148076
2025-11-17,SKU012,157,156.9451145173458
2025-11-24,SKU012,155,154.98149485573973
2025-12-01,SKU012,166,156.09464049304037
2025-12-08,SKU012,168,163.47959342633686
2025-12-15,SKU012,149,151.6422996968049
2025-12-22,SKU012,177,160.4927831902851
2025-12-29,SKU012,145,151.78601772658095
2026-01-05,SKU012,52,95.5736172946746
2024-12-30,SKU013,84,86.77561151515849
2025-01-06,SKU013,82,66.20882755349975
2025-01-13,SKU013,94,93.51567192372865
2025-01-20,SKU013,93,97.15350844303362
2025-01-27,SKU013,92,91.02133039594494
2025-02-03,SKU013,94,95.51640153763846
2025-02-10,SKU013,97,101.73270832844413
2025-02-17,SKU013,95,99.28101877605016
2025-02-24,SKU013,100,94.5078373614549
2025-03-03,SKU013,109,108.6693864197614
2025-03-10,SKU013,101,110.37367680497283
2025-03-17,SKU013,117,112.60290581429548
2025-03-24,SKU013,115,119.78167318335284
2025-03-31,SKU013,128,122.43405511132447
2025-04-07,SKU013,109,108.54336371580132
2025-04-14,SKU013,107,110.51849673673719
2025-04-21,SKU013,114,111.68527802731101
2025-04-28,SKU013,105,109.55444558310083
2025-05-05,SKU013,117,110.93176448571317
2025-05-12,SKU013,141,112.41398600215614
2025-05-19,SKU013,96,109.52903155552312
2025-05-26,SKU013,92,106.1023266714532
2025-06-02,SKU013,119,114.89173554549679
2025-06-09,SKU013,98,110.7517671101414
2025-06-16,SKU013,114,101.20369077017392
2025-06-23,SKU013,119,109.43613302307173
2025-06-30,SKU013,127,114.11308572344605
2025-07-07,SKU013,104,101.01495346959135
2025-07-14,SKU013,109,100.23473461966582
2025-07-21,SKU013,83,99.23351119899799
2025-07-28,SKU013,87,98.12000165401948
2025-08-04,SKU013,82,88.81600691474742
2025-08-11,SKU013,83,84.35791585943575
2025-08-18,SKU013,109,85.28746190796551
2025-08-25,SKU013,92,89.10276694490953
2025-09-01,SKU013,89,88.19408188566933
2025-09-08,SKU013,98,89.91588733988581
2025-09-15,SKU013,102,93.96424111943159
2025-09-22,SKU013,85,89.13195656951972
2025-09-29,SKU013,88,90.9675620648707
2025-10-06,SKU013,94,85.02345928965492
2025-10-13,SKU013,79,82.47817467931499
2025-10-20,SKU013,61,78.67113465172476
2025-10-27,SKU013,68,74.50028329038427
2025-11-03,SKU013,81,86.07578438709564
2025-11-10,SKU013,86,84.0649092692002
2025-11-17,SKU013,89,90.74003955119828
2025-11-24,SKU013,84,89.65188653696015
2025-12-01,SKU013,84,87.70209214705474
2025-12-08,SKU013,81,90.28005493958685
2025-12-15,SKU013,113,89.50639626774695
2025-12-22,SKU013,94,90.83136383306044
2025-12-29,SKU013,66,83.80283417046017
2026-01-05,SKU013,20,48.72156588552136
2024-12-30,SKU014,143,134.43641880731553
2025-01-06,SKU014,130,93.81761266723207
2025-01-13,SKU014,130,143.39445836389513
2025-01-20,SKU014,146,147.19243146976396
2025-01-27,SKU014,170,146.89713616262273
2025-02-03,SKU014,131,152.65703060884303
2025-02-10,SKU014,178,166.7530466258863
2025-02-17,SKU014,181,170.5361067458331
2025-02-24,SKU014,161,164.76323222627525
2025-03-03,SKU014,176,179.89811338749666
2025-03-10,SKU014,190,178.64246936717038
2025-03-17,SKU014,191,194.62472726263684
2025-03-24,SKU014,194,190.74778845257967
2025-03-31,SKU014,171,191.74083603015595
2025-04-07,SKU014,161,172.0049353548976
2025-04-14,SKU014,186,176.25288553080014
2025-04-21,SKU014,179,183.29931028579244
2025-04-28,SKU014,170,164.72535447712715
2025-05-05,SKU014,162,169.6167405330265
2025-05-12,SKU014,146,159.6802720751097
2025-05-19,SKU014,159,167.20306784973945
2025-05-26,SKU014,172,159.8814152785244
2025-06-02,SKU014,161,161.89767596675858
2025-06-09,SKU014,194,167.08545864157205
2025-06-16,SKU014,164,171.70591742734607
2025-06-23,SKU014,160,168.65725816424765
2025-06-30,SKU014,190,173.2296535659971
2025-07-07,SKU014,125,137.57799499598065
2025-07-14,SKU014,127,144.0907255536452
2025-07-21,SKU014,145,140.7474379981265
2025-07-28,SKU014,146,148.6159919902613
2025-08-04,SKU014,140,127.82393389204947
2025-08-11,SKU014,120,131.01708948326902
2025-08-18,SKU014,124,129.54547380317922
2025-08-25,SKU014,133,131.07060403596597
2025-09-01,SKU014,151,129.17067313798515
2025-09-08,SKU014,137,134.48398675621198
2025-09-15,SKU014,144,135.6769813768966
2025-09-22,SKU014,140,135.136246573708
2025-09-29,SKU014,134,138.34984553001888
2025-10-06,SKU014,121,127.9726796826156
2025-10-13,SKU014,130,124.51113832030363
2025-10-20,SKU014,116,120.23492200872407
2025-10-27,SKU014,135,123.56033877310149
2025-11-03,SKU014,119,127.11578284274569
2025-11-10,SKU014,120,131.9695940067402
2025-11-17,SKU014,139,130.06005454829875
2025-11-24,SKU014,119,131.29232201393705
2025-12-01,SKU014,153,136.61445914158497
2025-12-08,SKU014,122,125.479997537474
2025-12-15,SKU014,149,135.49197310838747
2025-12-22,SKU014,112,127.97195447017664
2025-12-29,SKU014,111,113.44446602844398
2026-01-05,SKU014,40,78.70012390571125
2024-12-30,SKU015,30,24.93275340178358
2025-01-06,SKU015,34,18.82163234861777
2025-01-13,SKU015,21,30.38091072268322
2025-01-20,SKU015,31,29.761369708289816
2025-01-27,SKU015,30,29.632776797730816
2025-02-03,SKU015,29,32.05138035442196
2025-02-10,SKU015,38,31.062347750288037
2025-02-17,SKU015,29,32.478074399159034
2025-02-24,SKU015,34,32.44303717644142
2025-03-03,SKU015,33,34.24625804771559
2025-03-10,SKU015,41,37.726074628803914
2025-03-17,SKU015,31,36.11230709777313
2025-03-24,SKU015,28,37.08506300484114
2025-03-31,SKU015,28,36.130531809801035
2025-04-07,SKU015,41,33.355455229783075
2025-04-14,SKU015,36,33.02104142958422
2025-04-21,SKU015,38,34.87928769933466
2025-04-28,SKU015,33,34.71554067262654
2025-05-05,SKU015,28,35.17441593492696
2025-05-12,SKU015,39,35.10609328299458
2025-05-19,SKU015,35,34.15425446948392
2025-05-26,SKU015,30,34.559288291563576
2025-06-02,SKU015,34,32.5608432820482
2025-06-09,SKU015,30,34.51538355230742
2025-06-16,SKU015,23,32.387724055148624
2025-06-23,SKU015,31,31.401817729647046
2025-06-30,SKU015,25,29.619512740117237
2025-07-07,SKU015,23,27.594099986146166
2025-07-14,SKU015,23,27.683131251660637
2025-07-21,SKU015,25,26.896938421891026
2025-07-28,SKU015,35,26.453751277002485
2025-08-04,SKU015,19,25.99735273428272
2025-08-11,SKU015,22,23.609168806103707
2025-08-18,SKU015,28,24.008168743701475
2025-08-25,SKU015,25,24.260989984912975
2025-09-01,SKU015,28,25.129120398889643
2025-09-08,SKU015,30,25.127533257733287
2025-09-15,SKU015,21,27.01907585051227
2025-09-22,SKU015,24,25.524681169754928
2025-09-29,SKU015,27,23.335741152736365
2025-10-06,SKU015,20,25.379761800822692
2025-10-13,SKU015,16,24.110494177676387
2025-10-20,SKU015,23,21.348364358269396
2025-10-27,SKU015,17,18.885330148056468
2025-11-03,SKU015,17,21.68328121046484
2025-11-10,SKU015,14,20.492756802784683
2025-11-17,SKU015,31,20.77106282270464
2025-11-24,SKU015,17,20.98914549234242
2025-12-01,SKU015,32,23.29002596854854
2025-12-08,SKU015,23,21.764671256387494
2025-12-15,SKU015,31,24.555437155433864
2025-12-22,SKU015,20,22.438923433731084
2025-12-29,SKU015,27,26.738297922046765
2026-01-05,SKU015,5,14.49341243756361
2024-12-30,SKU016,71,89.76123389264812
2025-01-06,SKU016,91,66.9653289997069
2025-01-13,SKU016,96,92.58779895654749
2025-01-20,SKU016,79,88.7625138738653
2025-01-27,SKU016,107,96.54864274246756
2025-02-03,SKU016,94,99.58600889342901
2025-02-10,SKU016,110,103.65769694393474
2025-02-17,SKU016,83,96.91062918678453
2025-02-24,SKU016,102,98.08127809467291
2025-03-03,SKU016,131,113.23369925560682
2025-03-10,SKU016,113,118.92528408114109
2025-03-17,SKU016,111,121.94517733211751
2025-03-24,SKU016,114,119.0938241564508
2025-03-31,SKU016,145,126.95290452824536
2025-04-07,SKU016,116,109.26141752480784
2025-04-14,SKU016,123,113.2740059191305
2025-04-21,SKU016,99,115.76879261349818
2025-04-28,SKU016,98,105.96803299652129
2025-05-05,SKU016,118,107.45155483252508
2025-05-12,SKU016,115,109.68237652239274
2025-05-19,SKU016,125,113.60105137648644
2025-05-26,SKU016,100,111.54499858936957
2025-06-02,SKU016,121,117.40872374553466
2025-06-09,SKU016,112,115.48892408386509
2025-06-16,SKU016,112,117.33505840704865
2025-06-23,SKU016,113,115.01747651986919
2025-06-30,SKU016,111,118.16343439069435
2025-07-07,SKU016,103,98.3362806719567
2025-07-14,SKU016,108,101.66364331987226
2025-07-21,SKU016,95,98.25859034324647
2025-07-28,SKU016,101,100.10558152816864
2025-08-04,SKU016,82,86.52987935971485
2025-08-11,SKU016,92,87.82205864831063
2025-08-18,SKU016,93,86.69125904887562
2025-08-25,SKU016,76,86.75320346307795
2025-09-01,SKU016,86,85.82221691582362
2025-09-08,SKU016,73,85.10079104459662
2025-09-15,SKU016,77,82.18159389945478
2025-09-22,SKU016,76,84.47838696018313
2025-09-29,SKU016,78,84.42727034090632
2025-10-06,SKU016,71,76.80907991650261
2025-10-13,SKU016,84,75.5305970726229
2025-10-20,SKU016,91,80.88720214099716
2025-10-27,SKU016,64,76.77344159324285
2025-11-03,SKU016,112,86.9243260154654
2025-11-10,SKU016,92,89.19374517104222
2025-11-17,SKU016,93,91.4670055267125
2025-11-24,SKU016,78,89.45926132790537
2025-12-01,SKU016,71,87.41967845973774
2025-12-08,SKU016,79,83.2071328152756
2025-12-15,SKU016,72,82.10783955381119
2025-12-22,SKU016,84,85.26167668287577
2025-12-29,SKU016,98,86.18499242945988
2026-01-05,SKU016,27,49.738569543610446
2024-12-30,SKU017,94,90.25299027400028
2025-01-06,SKU017,81,66.28730177847349
2025-01-13,SKU017,96,86.29546076599945
2025-01-20,SKU017,107,93.62229007128524
2025-01-27,SKU017,89,94.74065138880917
2025-02-03,SKU017,97,97.44676032531714
2025-02-10,SKU017,108,106.06721055587995
2025-02-17,SKU017,98,97.58790335631497
2025-02-24,SKU017,106,102.84717702392633
2025-03-03,SKU017,123,112.03850059658781
2025-03-10,SKU017,108,125.01012613959249
2025-03-17,SKU017,123,118.56426107877633
2025-03-24,SKU017,135,121.29973828593621
2025-03-31,SKU017,129,130.27514998597388
2025-04-07,SKU017,109,118.29270884386587
2025-04-14,SKU017,121,117.12686753261713
2025-04-21,SKU017,111,113.63866619156003
2025-04-28,SKU017,131,116.61105346218739
2025-05-05,SKU017,106,114.97973026814041
2025-05-12,SKU017,99,110.07110696598313
2025-05-19,SKU017,110,110.97147802551574
2025-05-26,SKU017,111,114.23733630118396
2025-06-02,SKU017,105,111.8663995723527
2025-06-09,SKU017,116,113.69978240790581
2025-06-16,SKU017,117,114.95450123280521
2025-06-23,SKU017,110,117.22480687611883
2025-06-30,SKU017,137,114.12552946969042
2025-07-07,SKU017,105,103.2851454116482
2025-07-14,SKU017,100,104.45685624925623
2025-07-21,SKU017,90,100.42017440886069
2025-07-28,SKU017,82,98.01333074827879
2025-08-04,SKU017,78,87.28517077302712
2025-08-11,SKU017,79,84.13151961026756
2025-08-18,SKU017,89,87.19703357941256
2025-08-25,SKU017,81,87.72965350248619
2025-09-01,SKU017,79,82.79371247781704
2025-09-08,SKU017,67,85.70740332191701
2025-09-15,SKU017,77,76.53657093880464
2025-09-22,SKU017,85,82.32544928218701
2025-09-29,SKU017,93,82.81138364689161
2025-10-06,SKU017,69,75.71335385288712
2025-10-13,SKU017,78,71.22129070914843
2025-10-20,SKU017,82,81.94812993045821
2025-10-27,SKU017,71,75.43053764504954
2025-11-03,SKU017,79,84.917170990661
2025-11-10,SKU017,103,88.30067144999101
2025-11-17,SKU017,88,90.30963562067306
2025-11-24,SKU017,86,88.89459326078597
2025-12-01,SKU017,97,87.06444415575328
2025-12-08,SKU017,110,93.1453530994521
2025-12-15,SKU017,79,93.45273124942914
2025-12-22,SKU017,90,88.27310299715064
2025-12-29,SKU017,99,92.81657853990525
2026-01-05,SKU017,21,50.39952473594202
2024-12-30,SKU018,148,152.86744376194054
2025-01-06,SKU018,184,149.3331272943991
2025-01-13,SKU018,168,172.11119734051692
2025-01-20,SKU018,174,168.43008069570288
2025-01-27,SKU018,165,176.1366207719227
2025-02-03,SKU018,173,180.48619788137614
2025-02-10,SKU018,183,176.09092602084684
2025-02-17,SKU018,180,178.81025513100283
2025-02-24,SKU018,192,190.57039816627307
2025-03-03,SKU018,225,207.21317665116564
2025-03-10,SKU018,195,204.81575294191342
2025-03-17,SKU018,217,216.76483390877038
2025-03-24,SKU018,222,220.18419265557407
2025-03-31,SKU018,189,210.62282657589824
2025-04-07,SKU018,206,201.43813798209266
2025-04-14,SKU018,209,200.97308558323732
2025-04-21,SKU018,204,199.58420528068802
2025-04-28,SKU018,216,203.04641366993138
2025-05-05,SKU018,211,202.56381517083548
2025-05-12,SKU018,227,212.86391718982486
2025-05-19,SKU018,204,202.64882031026886
2025-05-26,SKU018,197,198.18900691837305
2025-06-02,SKU018,205,204.7460068492688
2025-06-09,SKU018,190,198.49673888012458
2025-06-16,SKU018,209,196.01720950734955
2025-06-23,SKU018,202,197.3641408765679
2025-06-30,SKU018,195,198.671829188366
2025-07-07,SKU018,167,170.73819015801774
2025-07-14,SKU018,153,171.24862218784645
2025-07-21,SKU018,168,162.89984450521723
2025-07-28,SKU018,160,161.12198399026698
2025-08-04,SKU018,173,160.8536905822084
2025-08-11,SKU018,142,155.76681643580187
2025-08-18,SKU018,138,152.4881746584382
2025-08-25,SKU018,163,158.98972743010077
2025-09-01,SKU018,165,156.54268416765146
2025-09-08,SKU018,143,156.98258463244795
2025-09-15,SKU018,156,158.58819835672088
2025-09-22,SKU018,147,157.57530434473586
2025-09-29,SKU018,144,153.9659851797234
2025-10-06,SKU018,136,139.7488852681708
2025-10-13,SKU018,162,140.98754861062488
2025-10-20,SKU018,141,139.978954197142
2025-10-27,SKU018,133,144.11197224433724
2025-11-03,SKU018,159,156.76586371291089
2025-11-10,SKU018,158,155.52133367352096
2025-11-17,SKU018,145,153.76321163873476
2025-11-24,SKU018,148,151.4230697912319
2025-12-01,SKU018,163,160.43872558559397
2025-12-08,SKU018,147,156.7456486736341
2025-12-15,SKU018,164,156.07212234549243
2025-12-22,SKU018,166,154.9268579145442
2025-12-29,SKU018,156,150.91297300317044
2026-01-05,SKU018,37,83.89376171100925
2024-12-30,SKU019,91,104.15375226400143
2025-01-06,SKU019,98,73.0310884958877
2025-01-13,SKU019,115,106.02012551699345
2025-01-20,SKU019,116,110.57291360101023
2025-01-27,SKU019,110,114.95428615718157
2025-02-03,SKU019,119,113.99876647714854
2025-02-10,SKU019,88,121.13694438566101
2025-02-17,SKU019,113,111.9870903816649
2025-02-24,SKU019,128,120.93347546379387
2025-03-03,SKU019,149,134.2993318579776
2025-03-10,SKU019,146,131.2812815576243
2025-03-17,SKU019,126,135.50619559888042
2025-03-24,SKU019,132,139.52452924627295
2025-03-31,SKU019,133,137.44765281436327
2025-04-07,SKU019,130,128.44223799834842
2025-04-14,SKU019,143,125.8609030043935
2025-04-21,SKU019,137,127.37872610302496
2025-04-28,SKU019,107,124.7266701392283
2025-05-05,SKU019,123,125.89527291119055
2025-05-12,SKU019,131,123.44880575685048
2025-05-19,SKU019,110,125.53782805010619
2025-05-26,SKU019,137,119.90792355486595
2025-06-02,SKU019,126,127.65169905029245
2025-06-09,SKU019,150,128.37348706834635
2025-06-16,SKU019,112,124.0278580707831
2025-06-23,SKU019,134,126.63320534280615
2025-06-30,SKU019,132,121.78519009261454
2025-07-07,SKU019,89,113.89517600622534
2025-07-14,SKU019,105,107.661885560871
2025-07-21,SKU019,105,102.3990008638084
2025-07-28,SKU019,102,107.71426095142162
2025-08-04,SKU019,108,102.66373566150806
2025-08-11,SKU019,107,102.16261905633698
2025-08-18,SKU019,100,102.29415259363783
2025-08-25,SKU019,115,103.10753863957143
2025-09-01,SKU019,85,103.50173443804185
2025-09-08,SKU019,104,96.95902709039713
2025-09-15,SKU019,78,95.3007567024791
2025-09-22,SKU019,100,94.28109177372573
2025-09-29,SKU019,106,93.42397819222602
2025-10-06,SKU019,81,91.21424015253618
2025-10-13,SKU019,89,90.28230753817238
2025-10-20,SKU019,97,87.53732278058386
2025-10-27,SKU019,82,84.52675849359109
2025-11-03,SKU019,100,97.65925914849885
2025-11-10,SKU019,97,97.47384249848963
2025-11-17,SKU019,116,104.69160434241786
2025-11-24,SKU019,113,105.73160966951532
2025-12-01,SKU019,84,104.32686355352787
2025-12-08,SKU019,98,98.61403597957599
2025-12-15,SKU019,104,104.38032388527736
2025-12-22,SKU019,104,103.18925678507063
2025-12-29,SKU019,108,92.05834372441545
2026-01-05,SKU019,23,53.672315879046195
2024-12-30,SKU020,87,84.94096153104655
2025-01-06,SKU020,91,63.06996770789651
2025-01-13,SKU020,87,92.10991890520408
2025-01-20,SKU020,93,90.48336913095184
2025-01-27,SKU020,102,87.79229695723758
2025-02-03,SKU020,85,93.68131242723251
2025-02-10,SKU020,90,99.43183852921592
2025-02-17,SKU020,102,99.34595822928003
2025-02-24,SKU020,92,99.4025207306153
2025-03-03,SKU020,107,103.67489836481667
2025-03-10,SKU020,111,110.34450349453722
2025-03-17,SKU020,109,107.855656368088
2025-03-24,SKU020,99,112.51485057836514
2025-03-31,SKU020,110,114.25157080741366
2025-04-07,SKU020,138,111.03690602748252
2025-04-14,SKU020,106,108.97139679137912
2025-04-21,SKU020,109,109.60901659519737
2025-04-28,SKU020,116,106.59359605107208
2025-05-05,SKU020,113,109.89852773531995
2025-05-12,SKU020,112,108.10669614856329
2025-05-19,SKU020,106,109.02582301206557
2025-05-26,SKU020,100,109.72643235608233
2025-06-02,SKU020,114,113.70010976636873
2025-06-09,SKU020,111,110.55871943338916
2025-06-16,SKU020,91,111.69981468901575
2025-06-23,SKU020,121,109.9214292572714
2025-06-30,SKU020,100,108.89256345020374
2025-07-07,SKU020,100,98.87744039023931
2025-07-14,SKU020,90,92.79314035869675
2025-07-21,SKU020,97,95.58232557352612
2025-07-28,SKU020,89,94.02988901721234
2025-08-04,SKU020,75,86.01923272429724
2025-08-11,SKU020,98,85.6844876601112
2025-08-18,SKU020,82,91.05684797540968
2025-08-25,SKU020,105,85.4054083751389
2025-09-01,SKU020,73,90.31013404239002
2025-09-08,SKU020,93,85.1070908185889
2025-09-15,SKU020,89,82.69240833107847
2025-09-22,SKU020,84,78.71655141147353
2025-09-29,SKU020,86,82.18979331216552
2025-10-06,SKU020,76,78.31252694807745
2025-10-13,SKU020,105,85.3891529364818
2025-10-20,SKU020,71,79.65006460839284
2025-10-27,SKU020,98,85.85440279594648
2025-11-03,SKU020,90,85.65846645427179
2025-11-10,SKU020,83,84.96301521890979
2025-11-17,SKU020,92,89.41465428741871
2025-11-24,SKU020,80,86.58479839598333
2025-12-01,SKU020,95,89.81227890341611
2025-12-08,SKU020,88,90.29407930193179
2025-12-15,SKU020,79,85.69689563842103
2025-12-22,SKU020,78,85.80904553070658
2025-12-29,SKU020,100,89.16331666602989
2026-01-05,SKU020,28,51.60830113439719
2024-12-30,SKU021,53,55.071971858978785
2025-01-06,SKU021,48,35.92120594469174
2025-01-13,SKU021,61,60.98295531892181
2025-01-20,SKU021,67,56.7190278830402
2025-01-27,SKU021,57,58.406794424278885
2025-02-03,SKU021,68,62.43676678660125
2025-02-10,SKU021,66,60.44453329486566
2025-02-17,SKU021,72,69.41944556042735
2025-02-24,SKU021,66,69.77569147977955
2025-03-03,SKU021,71,74.3854970027321
2025-03-10,SKU021,62,74.13106285890966
2025-03-17,SKU021,63,73.95305654386758
2025-03-24,SKU021,80,68.91140781807259
2025-03-31,SKU021,70,69.39178252301393
2025-04-07,SKU021,68,68.11309363878351
2025-04-14,SKU021,48,67.35257605322344
2025-04-21,SKU021,72,69.77667954878945
2025-04-28,SKU021,62,67.39477582880303
2025-05-05,SKU021,63,69.54686317125392
2025-05-12,SKU021,77,64.8609614853435
2025-05-19,SKU021,77,68.7541798134121
2025-05-26,SKU021,66,68.64463587534628
2025-06-02,SKU021,71,70.63669392355953
2025-06-09,SKU021,83,68.80381582560763
2025-06-16,SKU021,72,73.32178503054234
2025-06-23,SKU021,70,67.98558380522314
2025-06-30,SKU021,68,68.25886586616524
2025-07-07,SKU021,57,62.48758760110951
2025-07-14,SKU021,70,63.07820278107162
2025-07-21,SKU021,61,61.565975441942065
2025-07-28,SKU021,55,61.71333428667561
2025-08-04,SKU021,58,59.520092213724254
2025-08-11,SKU021,56,57.07023205431785
2025-08-18,SKU021,52,59.60580208904071
2025-08-25,SKU021,61,55.15177741896146
2025-09-01,SKU021,42,50.79621144990736
2025-09-08,SKU021,47,52.71606628153996
2025-09-15,SKU021,59,51.13545846201048
2025-09-22,SKU021,52,50.95073392829362
2025-09-29,SKU021,54,57.38758340172821
2025-10-06,SKU021,40,50.21967755644998
2025-10-13,SKU021,49,49.003771349077724
2025-10-20,SKU021,60,46.89103644084252
2025-10-27,SKU021,42,47.03147140901689
2025-11-03,SKU021,55,54.78632845352621
2025-11-10,SKU021,50,58.06593434728442
2025-11-17,SKU021,46,52.98860914974932
2025-11-24,SKU021,44,52.145938220794854
2025-12-01,SKU021,44,51.94916494931224
2025-12-08,SKU021,58,49.42062055630689
2025-12-15,SKU021,53,52.52016647043995
2025-12-22,SKU021,45,49.01902853873988
2025-12-29,SKU021,52,51.28343975087616
2026-01-05,SKU021,14,34.82835787691669
2024-12-30,SKU022,55,64.27547817421052
2025-01-06,SKU022,77,45.92819587934629
2025-01-13,SKU022,81,69.35878354817362
2025-01-20,SKU022,64,69.69661730840832
2025-01-27,SKU022,85,72.1727255126138
2025-02-03,SKU022,74,70.4330144542455
2025-02-10,SKU022,73,80.9176483282776
2025-02-17,SKU022,90,78.76272136461914
2025-02-24,SKU022,85,84.46542073895604
2025-03-03,SKU022,73,88.95537676423967
2025-03-10,SKU022,78,83.9396427149074
2025-03-17,SKU022,87,87.70912164691428
2025-03-24,SKU022,83,82.05767852773339
2025-03-31,SKU022,83,84.08666477847106
2025-04-07,SKU022,58,79.3262574918252
2025-04-14,SKU022,73,80.4320783981538
2025-04-21,SKU022,74,74.2653435299763
2025-04-28,SKU022,86,82.85062083876701
2025-05-05,SKU022,77,77.46861394076562
2025-05-12,SKU022,81,80.11062362478691
2025-05-19,SKU022,73,81.4102171096668
2025-05-26,SKU022,93,79.88701081688454
2025-06-02,SKU022,89,79.84965219712868
2025-06-09,SKU022,90,80.75697007489507
2025-06-16,SKU022,90,85.51068738591425
2025-06-23,SKU022,84,83.02849696472126
2025-06-30,SKU022,87,80.98163658574911
2025-07-07,SKU022,64,74.02081022609777
2025-07-14,SKU022,65,72.24318356161022
2025-07-21,SKU022,79,70.90383609445463
2025-07-28,SKU022,63,73.54886315435908
2025-08-04,SKU022,68,67.8596432668641
2025-08-11,SKU022,65,66.79640365610646
2025-08-18,SKU022,62,64.13006554133547
2025-08-25,SKU022,72,61.49571171352123
2025-09-01,SKU022,48,62.48995266224493
2025-09-08,SKU022,58,62.62635280607737
2025-09-15,SKU022,64,60.89055987360973
2025-09-22,SKU022,60,62.95195575612184
2025-09-29,SKU022,62,62.74415479992359
2025-10-06,SKU022,45,57.941857699103
2025-10-13,SKU022,62,52.29484625788277
2025-10-20,SKU022,58,49.87665407281171
2025-10-27,SKU022,50,52.0994226894818
2025-11-03,SKU022,59,57.76375830591962
2025-11-10,SKU022,42,55.01247941565886
2025-11-17,SKU022,78,63.58552088615501
2025-11-24,SKU022,58,60.384622097564154
2025-12-01,SKU022,66,63.769424385297405
2025-12-08,SKU022,75,61.91158993131511
2025-12-15,SKU022,60,63.49140819209045
2025-12-22,SKU022,57,62.0372570333004
2025-12-29,SKU022,78,65.8629919390424
2026-01-05,SKU022,16,43.86155439301702
2024-12-30,SKU023,91,92.14691004044904
2025-01-06,SKU023,118,68.9216306453525
2025-01-13,SKU023,109,109.25554225340748
2025-01-20,SKU023,93,102.64662026302071
2025-01-27,SKU023,83,96.64189848194509
2025-02-03,SKU023,105,108.40099728090149
2025-02-10,SKU023,107,111.51109436836408
2025-02-17,SKU023,110,106.53068528971491
2025-02-24,SKU023,114,108.34173333805064
2025-03-03,SKU023,124,123.77700815567692
2025-03-10,SKU023,123,127.07203026747698
2025-03-17,SKU023,129,132.15890238359705
2025-03-24,SKU023,131,130.51198942530021
2025-03-31,SKU023,137,131.97069110948462
2025-04-07,SKU023,118,119.35178159906998
2025-04-14,SKU023,139,122.65911066494316
2025-04-21,SKU023,115,115.66526429590635
2025-04-28,SKU023,123,118.40922486781875
2025-05-05,SKU023,113,116.02009682187571
2025-05-12,SKU023,134,121.01446731664953
2025-05-19,SKU023,106,115.49523653971346
2025-05-26,SKU023,116,111.87598306785034
2025-06-02,SKU023,111,121.63463592474645
2025-06-09,SKU023,123,122.11853560336408
2025-06-16,SKU023,133,117.80422954452978
2025-06-23,SKU023,116,122.89783588086873
2025-06-30,SKU023,135,123.09222654775128
2025-07-07,SKU023,96,107.66948235111286
2025-07-14,SKU023,112,103.10781297921483
2025-07-21,SKU023,84,102.07936779635807
2025-07-28,SKU023,105,101.97283922314955
2025-08-04,SKU023,101,98.27603946436545
2025-08-11,SKU023,106,98.42247735954668
2025-08-18,SKU023,101,94.2371233092069
2025-08-25,SKU023,98,95.64304091724901
2025-09-01,SKU023,78,86.94881415549739
2025-09-08,SKU023,69,87.58217564845964
2025-09-15,SKU023,64,78.64195406276204
2025-09-22,SKU023,109,82.54515438948066
2025-09-29,SKU023,100,88.73373420235087
2025-10-06,SKU023,84,82.71048981495723
2025-10-13,SKU023,75,78.10998794855023
2025-10-20,SKU023,79,79.92135477330334
2025-10-27,SKU023,86,79.6995957599294
2025-11-03,SKU023,86,91.44365002472165
2025-11-10,SKU023,92,88.70786160920696
2025-11-17,SKU023,84,92.8385910687112
2025-11-24,SKU023,86,88.0402296904712
2025-12-01,SKU023,94,92.94882587663282
2025-12-08,SKU023,100,95.10873384528911
2025-12-15,SKU023,88,92.33122186497404
2025-12-22,SKU023,106,95.10960890797901
2025-12-29,SKU023,97,89.53449884928459
2026-01-05,SKU023,27,50.75780742033482
2024-12-30,SKU024,75,84.60564420616738
2025-01-06,SKU024,97,63.66132836574111
2025-01-13,SKU024,78,80.42426081635963
2025-01-20,SKU024,75,84.95823369976577
2025-01-27,SKU024,74,82.11200979337568
2025-02-03,SKU024,95,90.56358681977082
2025-02-10,SKU024,78,89.74584173850286
2025-02-17,SKU024,98,84.68356049130173
2025-02-24,SKU024,98,89.0246751535715
2025-03-03,SKU024,108,104.16218606075762
2025-03-10,SKU024,113,103.07159611962179
2025-03-17,SKU024,112,117.42969607709287
2025-03-24,SKU024,137,118.60103461311313
2025-03-31,SKU024,128,126.01816126439412
2025-04-07,SKU024,109,113.84065170356352
2025-04-14,SKU024,93,112.8941641016391
2025-04-21,SKU024,104,107.79199178664501
2025-04-28,SKU024,113,105.89151168493326
2025-05-05,SKU024,106,108.78290822532679
2025-05-12,SKU024,123,110.87077651025507
2025-05-19,SKU024,86,107.37923356770757
2025-05-26,SKU024,94,103.20911892799721
2025-06-02,SKU024,88,99.65408517349168
2025-06-09,SKU024,104,100.73172452881872
2025-06-16,SKU024,107,97.10975080682448
2025-06-23,SKU024,92,102.46699969133749
2025-06-30,SKU024,110,104.1071915153804
2025-07-07,SKU024,88,87.59522835135404
2025-07-14,SKU024,87,87.48235980346251
2025-07-21,SKU024,67,86.31456615070098
2025-07-28,SKU024,79,79.6930576777722
2025-08-04,SKU024,97,86.93014195827942
2025-08-11,SKU024,81,77.25416173579102
2025-08-18,SKU024,82,83.26033721968159
2025-08-25,SKU024,77,82.32283183581993
2025-09-01,SKU024,89,83.86868674965913
2025-09-08,SKU024,101,81.69267483521163
2025-09-15,SKU024,82,83.8958159484053
2025-09-22,SKU024,78,85.88885494791856
2025-09-29,SKU024,82,79.51573885076822
2025-10-06,SKU024,70,75.05407088941651
2025-10-13,SKU024,68,70.47000724920531
2025-10-20,SKU024,74,71.36070938229739
2025-10-27,SKU024,82,71.22886983462784
2025-11-03,SKU024,85,83.62888841926535
2025-11-10,SKU024,75,83.95021791854049
2025-11-17,SKU024,84,82.8058400391176
2025-11-24,SKU024,76,83.3274569583256
2025-12-01,SKU024,84,81.64117773783073
2025-12-08,SKU024,87,85.31656402037679
2025-12-15,SKU024,76,87.67920940800542
2025-12-22,SKU024,84,82.93484996529901
2025-12-29,SKU024,70,85.1723017017429
2026-01-05,SKU024,18,56.32235727211057
2024-12-30,SKU025,12,18.18671508071817
2025-01-06,SKU025,15,13.247796055326436
2025-01-13,SKU025,22,21.51222131634013
2025-01-20,SKU025,13,19.78758251180619
2025-01-27,SKU025,21,22.476082468148576
2025-02-03,SKU025,19,20.561930987696883
2025-02-10,SKU025,25,21.754841805459982
2025-02-17,SKU025,17,20.466546600643866
2025-02-24,SKU025,18,21.73874296437049
2025-03-03,SKU025,26,21.824393569127515
2025-03-10,SKU025,19,20.807817648141246
2025-03-17,SKU025,18,21.422233098386872
2025-03-24,SKU025,28,22.075866684057264
2025-03-31,SKU025,25,23.028553504626114
2025-04-07,SKU025,12,20.41923365318393
2025-04-14,SKU025,25,21.165281382730967
2025-04-21,SKU025,12,19.646676573585513
2025-04-28,SKU025,18,21.67047218003613
2025-05-05,SKU025,12,19.989188024122466
2025-05-12,SKU025,18,20.71998699548609
2025-05-19,SKU025,22,19.57921757382883
2025-05-26,SKU025,18,19.322691383086028
2025-06-02,SKU025,29,21.278316991524314
2025-06-09,SKU025,22,20.234354499571637
2025-06-16,SKU025,20,21.288237423853364
2025-06-23,SKU025,16,21.005137071844928
2025-06-30,SKU025,25,21.35933220964642
2025-07-07,SKU025,18,15.85369756175033
2025-07-14,SKU025,15,18.700143862716477
2025-07-21,SKU025,26,18.929457227735767
2025-07-28,SKU025,21,17.006563179649937
2025-08-04,SKU025,19,18.84880318573958
2025-08-11,SKU025,19,18.836565005655043
2025-08-18,SKU025,14,18.741209067996074
2025-08-25,SKU025,16,18.67673513346514
2025-09-01,SKU025,24,18.326890223831256
2025-09-08,SKU025,14,17.02209472871166
2025-09-15,SKU025,18,19.490980664342988
2025-09-22,SKU025,14,17.92072474098304
2025-09-29,SKU025,22,18.868354345777885
2025-10-06,SKU025,11,16.29608359890713
2025-10-13,SKU025,14,18.55334619565238
2025-10-20,SKU025,19,16.631501951526555
2025-10-27,SKU025,16,16.52231279820898
2025-11-03,SKU025,20,17.893673846785457
2025-11-10,SKU025,18,16.982144130345
2025-11-17,SKU025,17,17.720038331035397
2025-11-24,SKU025,10,18.2540817112301
2025-12-01,SKU025,10,17.079592714340585
2025-12-08,SKU025,17,17.99513801802795
2025-12-15,SKU025,16,17.54670231600997
2025-12-22,SKU025,14,17.444366724432207
2025-12-29,SKU025,15,17.30399472568222
2026-01-05,SKU025,5,11.361251234571492
2024-12-30,SKU026,143,145.54767307974396
2025-01-06,SKU026,150,106.47499795796611
2025-01-13,SKU026,166,153.31431822943287
2025-01-20,SKU026,130,143.05761537422993
2025-01-27,SKU026,166,154.9523677164154
2025-02-03,SKU026,174,170.58699299397514
2025-02-10,SKU026,168,161.82613280374395
2025-02-17,SKU026,159,165.9419493609409
2025-02-24,SKU026,174,168.8526482964495
2025-03-03,SKU026,175,178.91629276613622
2025-03-10,SKU026,169,185.16431417169807
2025-03-17,SKU026,208,189.63575909624973
2025-03-24,SKU026,203,193.77419483487748
2025-03-31,SKU026,196,186.69363263293803
2025-04-07,SKU026,182,178.78140035470494
2025-04-14,SKU026,191,185.0197388377611
2025-04-21,SKU026,161,187.78742856585674
2025-04-28,SKU026,188,179.5230845322623
2025-05-05,SKU026,183,177.7623419419218
2025-05-12,SKU026,162,174.7055842714934
2025-05-19,SKU026,184,174.70562632892657
2025-05-26,SKU026,198,187.4213222522678
2025-06-02,SKU026,193,191.03498085205217
2025-06-09,SKU026,205,194.2878261602302
2025-06-16,SKU026,199,183.0897423397912
2025-06-23,SKU026,162,187.16534173531986
2025-06-30,SKU026,174,174.3199439427826
2025-07-07,SKU026,144,157.71397605127623
2025-07-14,SKU026,149,151.29591605093222
2025-07-21,SKU026,147,150.06654434069335
2025-07-28,SKU026,181,154.22161466287255
2025-08-04,SKU026,154,150.67650557047537
2025-08-11,SKU026,148,138.743231613083
2025-08-18,SKU026,132,138.64424948454226
2025-08-25,SKU026,115,143.34444788715678
2025-09-01,SKU026,133,131.92320571321386
2025-09-08,SKU026,147,137.74022762975886
2025-09-15,SKU026,128,136.01147212968695
2025-09-22,SKU026,131,130.63921098389687
2025-09-29,SKU026,144,135.25810596391784
2025-10-06,SKU026,108,129.5708622501279
2025-10-13,SKU026,142,125.51780639107356
2025-10-20,SKU026,139,126.31764525523556
2025-10-27,SKU026,122,128.84726124357786
2025-11-03,SKU026,134,130.3507554546186
2025-11-10,SKU026,132,131.90078883573486
2025-11-17,SKU026,127,131.06897272012105
2025-11-24,SKU026,128,128.6122103527631
2025-12-01,SKU026,133,132.75878965680386
2025-12-08,SKU026,151,135.72182399185772
2025-12-15,SKU026,127,133.79439416634466
2025-12-22,SKU026,160,142.27287137927684
2025-12-29,SKU026,129,136.97656683364778
2026-01-05,SKU026,41,89.90732794642116
2024-12-30,SKU027,184,161.0227687459445
2025-01-06,SKU027,178,126.81819643440761
2025-01-13,SKU027,163,166.9898341267996
2025-01-20,SKU027,194,167.9864718415402
2025-01-27,SKU027,174,169.08234107115842
2025-02-03,SKU027,167,177.49283922789127
2025-02-10,SKU027,204,184.5514178817829
2025-02-17,SKU027,171,184.87553622338692
2025-02-24,SKU027,161,176.66768153598548
2025-03-03,SKU027,208,200.8739604467233
2025-03-10,SKU027,201,206.12762071083532
2025-03-17,SKU027,234,218.66178818994038
2025-03-24,SKU027,200,208.63632737190045
2025-03-31,SKU027,207,211.70671965826895
2025-04-07,SKU027,199,201.76153059847903
2025-04-14,SKU027,189,187.9493807314927
2025-04-21,SKU027,220,200.80481954767265
2025-04-28,SKU027,183,198.88584404755366
2025-05-05,SKU027,191,195.19025617008236
2025-05-12,SKU027,186,197.30569186010175
2025-05-19,SKU027,209,201.52842182647038
2025-05-26,SKU027,210,200.52602874798012
2025-06-02,SKU027,191,197.1179304742007
2025-06-09,SKU027,169,186.63301431021114
2025-06-16,SKU027,168,181.2926330873352
2025-06-23,SKU027,189,185.80915743319062
2025-06-30,SKU027,187,182.16914179206515
2025-07-07,SKU027,165,166.57623866102546
2025-07-14,SKU027,186,167.02512251355378
2025-07-21,SKU027,158,161.60768548410874
2025-07-28,SKU027,156,155.29255426617576
2025-08-04,SKU027,155,153.67626344521992
2025-08-11,SKU027,114,146.28437050568286
2025-08-18,SKU027,153,148.9691257804355
2025-08-25,SKU027,147,149.90926501318003
2025-09-01,SKU027,134,135.7317702617418
2025-09-08,SKU027,161,143.5466113339861
2025-09-15,SKU027,161,149.57117032921641
2025-09-22,SKU027,146,146.25030978770044
2025-09-29,SKU027,151,149.23375324736563
2025-10-06,SKU027,159,145.21013320735975
2025-10-13,SKU027,139,143.8530237954231
2025-10-20,SKU027,122,135.56894837475426
2025-10-27,SKU027,135,135.6462596478494
2025-11-03,SKU027,143,150.01574431881818
2025-11-10,SKU027,140,143.73716385112664
2025-11-17,SKU027,154,149.19814820175222
2025-11-24,SKU027,160,152.95145105918294
2025-12-01,SKU027,165,158.94901356625036
2025-12-08,SKU027,144,152.99095658569877
2025-12-15,SKU027,170,158.68814664549376
2025-12-22,SKU027,181,162.2625374678674
2025-12-29,SKU027,143,148.5270659696755
2026-01-05,SKU027,46,91.67747790111014
2024-12-30,SKU028,45,44.85645700316139
2025-01-06,SKU028,44,30.707365512327645
2025-01-13,SKU028,38,41.675566859521645
2025-01-20,SKU028,42,40.46407226154377
2025-01-27,SKU028,44,42.623818339871875
2025-02-03,SKU028,42,44.27834477829236
2025-02-10,SKU028,40,44.549190842088
2025-02-17,SKU028,37,43.32438807248179
2025-02-24,SKU028,31,41.247039762202256
2025-03-03,SKU028,43,43.52083287896297
2025-03-10,SKU028,53,43.359339761965344
2025-03-17,SKU028,46,46.21087073638717
2025-03-24,SKU028,49,48.8554660478801
2025-03-31,SKU028,51,51.742176424916224
2025-04-07,SKU028,40,46.722610198392786
2025-04-14,SKU028,42,44.24319658703369
2025-04-21,SKU028,37,43.722391912844785
2025-04-28,SKU028,53,44.48366712122962
2025-05-05,SKU028,50,46.088757166163674
2025-05-12,SKU028,47,45.91301522062211
2025-05-19,SKU028,43,45.21355962683688
2025-05-26,SKU028,49,45.80131653090386
2025-06-02,SKU028,47,50.72467713530932
2025-06-09,SKU028,44,47.600256766849434
2025-06-16,SKU028,41,47.37079867502087
2025-06-23,SKU028,42,47.10043505575148
2025-06-30,SKU028,43,46.50698549963086
2025-07-07,SKU028,32,37.44110224073218
2025-07-14,SKU028,48,35.580574904259194
2025-07-21,SKU028,41,40.67658215441876
2025-07-28,SKU028,32,35.8627554828447
2025-08-04,SKU028,34,34.349904917248004
2025-08-11,SKU028,41,33.789386561985125
2025-08-18,SKU028,36,33.783091090151906
2025-08-25,SKU028,28,33.59097746228616
2025-09-01,SKU028,43,33.783091090151906
2025-09-08,SKU028,34,36.48516591744126
2025-09-15,SKU028,34,35.98999675842178
2025-09-22,SKU028,34,35.46233177489605
2025-09-29,SKU028,30,35.225479440303346
2025-10-06,SKU028,17,30.31805414460113
2025-10-13,SKU028,34,29.235689265247753
2025-10-20,SKU028,33,27.988323882976243
2025-10-27,SKU028,26,29.033922445367317
2025-11-03,SKU028,29,31.049786042969583
2025-11-10,SKU028,37,32.286326378061034
2025-11-17,SKU028,37,33.114565079012834
2025-11-24,SKU028,40,32.79185713241979
2025-12-01,SKU028,36,34.73886248436548
2025-12-08,SKU028,35,33.65270850816173
2025-12-15,SKU028,29,33.5046829906945
2025-12-22,SKU028,19,32.748458484621686
2025-12-29,SKU028,32,33.70654624439662
2026-01-05,SKU028,10,21.0513884471678
2024-12-30,SKU029,93,98.43271277908917
2025-01-06,SKU029,119,74.75613316453808
2025-01-13,SKU029,114,117.60004989851359
2025-01-20,SKU029,125,117.88502655678484
2025-01-27,SKU029,93,113.10923022537337
2025-02-03,SKU029,103,110.09465118641377
2025-02-10,SKU029,106,112.21882029296012
2025-02-17,SKU029,129,116.4129900376666
2025-02-24,SKU029,121,119.6805590504445
2025-03-03,SKU029,113,122.1716307505925
2025-03-10,SKU029,124,127.00741842227973
2025-03-17,SKU029,109,133.11113381274066
2025-03-24,SKU029,145,130.28507321444272
2025-03-31,SKU029,134,132.20968666756067
2025-04-07,SKU029,133,121.30195565516652
2025-04-14,SKU029,127,125.60194205214034
2025-04-21,SKU029,126,123.4279032901316
2025-04-28,SKU029,116,121.41133703099185
2025-05-05,SKU029,124,121.57116205906615
2025-05-12,SKU029,128,121.80845700312923
2025-05-19,SKU029,136,123.50512590894829
2025-05-26,SKU029,129,120.86374123795407
2025-06-02,SKU029,132,127.4342965956893
2025-06-09,SKU029,127,124.65519920239606
2025-06-16,SKU029,108,126.55883450014142
2025-06-23,SKU029,127,123.7224229870309
2025-06-30,SKU029,117,122.16847687001425
2025-07-07,SKU029,99,107.94528796709542
2025-07-14,SKU029,107,104.4855764801515
2025-07-21,SKU029,118,104.67389440546499
2025-07-28,SKU029,112,113.7220270184694
2025-08-04,SKU029,90,102.88915063806274
2025-08-11,SKU029,101,100.2926730388549
2025-08-18,SKU029,112,104.03503681190637
2025-08-25,SKU029,114,107.11731581165536
2025-09-01,SKU029,102,103.15528068610612
2025-09-08,SKU029,93,102.66152334840436
2025-09-15,SKU029,88,101.55516654700449
2025-09-22,SKU029,99,93.29026647143154
2025-09-29,SKU029,90,89.05519951985112
2025-10-06,SKU029,79,93.57388854233747
2025-10-13,SKU029,90,87.08315708222425
2025-10-20,SKU029,87,83.62176066120799
2025-10-27,SKU029,97,86.1216031385311
2025-11-03,SKU029,102,92.39400676242737
2025-11-10,SKU029,87,98.21144487316768
2025-11-17,SKU029,106,99.11156161459938
2025-11-24,SKU029,96,99.63806418887194
2025-12-01,SKU029,86,94.83571202161687
2025-12-08,SKU029,98,98.56453030537376
2025-12-15,SKU029,113,102.55407928105075
2025-12-22,SKU029,105,103.337190683463
2025-12-29,SKU029,95,89.04862811119476
2026-01-05,SKU029,21,55.16579841349573
2024-12-30,SKU030,26,30.062734433749515
2025-01-06,SKU030,22,22.861287399485025
2025-01-13,SKU030,32,32.30406617166565
2025-01-20,SKU030,33,28.919336767327366
2025-01-27,SKU030,32,30.449476856772836
2025-02-03,SKU030,29,32.928104050293086
2025-02-10,SKU030,39,34.746896059934095
2025-02-17,SKU030,33,37.184985460897465
2025-02-24,SKU030,41,37.27231105080392
2025-03-03,SKU030,48,39.680731353666395
2025-03-10,SKU030,35,38.97775364550736
2025-03-17,SKU030,32,36.834259070531495
2025-03-24,SKU030,44,37.72835796279098
2025-03-31,SKU030,43,40.11689095783832
2025-04-07,SKU030,29,36.87385136364196
2025-04-14,SKU030,35,36.93076994858407
2025-04-21,SKU030,34,36.9462892818144
2025-04-28,SKU030,39,36.946732222270875
2025-05-05,SKU030,39,36.74197550312435
2025-05-12,SKU030,32,36.7903349804097
2025-05-19,SKU030,34,35.12106589171608
2025-05-26,SKU030,43,35.36869542043395
2025-06-02,SKU030,36,36.491176402103
2025-06-09,SKU030,46,36.61858606855524
2025-06-16,SKU030,44,39.87743954470563
2025-06-23,SKU030,33,40.46157142704056
2025-06-30,SKU030,44,38.06456955000892
2025-07-07,SKU030,28,35.90300948231536
2025-07-14,SKU030,31,33.352558885000576
2025-07-21,SKU030,34,33.104023091407505
2025-07-28,SKU030,32,33.096240358380456
2025-08-04,SKU030,29,30.89556092501495
2025-08-11,SKU030,29,30.279394719892345
2025-08-18,SKU030,31,30.536526062799584
2025-08-25,SKU030,37,29.97627445884441
2025-09-01,SKU030,28,30.383098353595262
2025-09-08,SKU030,29,31.732725767125682
2025-09-15,SKU030,35,30.863417496251948
2025-09-22,SKU030,32,31.851042043064517
2025-09-29,SKU030,38,31.689716345515258
2025-10-06,SKU030,26,30.47694750090438
2025-10-13,SKU030,30,28.400180869169894
2025-10-20,SKU030,28,29.93416799894712
2025-10-27,SKU030,26,27.67487283838854
2025-11-03,SKU030,29,31.032401709743063
2025-11-10,SKU030,28,31.93983184797477
2025-11-17,SKU030,31,31.406871053521908
2025-11-24,SKU030,33,31.71798963016739
2025-12-01,SKU030,25,31.59257609314034
2025-12-08,SKU030,28,31.127194789223715
2025-12-15,SKU030,34,29.79724385961617
2025-12-22,SKU030,25,30.204323278564775
2025-12-29,SKU030,29,29.788939119357615
2026-01-05,SKU030,10,18.4251358203304
2024-12-30,SKU031,116,109.56603550223095
2025-01-06,SKU031,134,106.15765093994511
2025-01-13,SKU031,144,121.8537260135564
2025-01-20,SKU031,138,133.3561499017495
2025-01-27,SKU031,131,136.91254818961244
2025-02-03,SKU031,137,139.19666009442398
2025-02-10,SKU031,151,142.56849770577261
2025-02-17,SKU031,152,150.79064881250966
2025-02-24,SKU031,131,140.95220044674056
2025-03-03,SKU031,156,154.4713998484469
2025-03-10,SKU031,158,165.09685333844314
2025-03-17,SKU031,135,158.82181618420213
2025-03-24,SKU031,153,156.77887570266213
2025-03-31,SKU031,164,159.12021841447194
2025-04-07,SKU031,126,151.33635399787292
2025-04-14,SKU031,166,146.897057910492
2025-04-21,SKU031,128,150.58383816329496
2025-04-28,SKU031,138,144.86692863988554
2025-05-05,SKU031,152,143.63459721457127
2025-05-12,SKU031,160,148.0573018885562
2025-05-19,SKU031,152,139.0874052966406
2025-05-26,SKU031,147,138.42638322480417
2025-06-02,SKU031,146,153.78584815779578
2025-06-09,SKU031,158,150.39119588975012
2025-06-16,SKU031,158,145.4779286989947
2025-06-23,SKU031,143,150.67506100262995
2025-06-30,SKU031,146,147.03321573330047
2025-07-07,SKU031,120,133.1601120122198
2025-07-14,SKU031,113,127.48389282375699
2025-07-21,SKU031,133,126.76525790749706
2025-07-28,SKU031,126,123.5719790747688
2025-08-04,SKU031,115,118.56828290673809
2025-08-11,SKU031,130,122.38426285972521
2025-08-18,SKU031,138,120.10825778939903
2025-08-25,SKU031,115,116.64340674133557
2025-09-01,SKU031,112,120.6578541716232
2025-09-08,SKU031,122,123.39043256927
2025-09-15,SKU031,125,124.75154395373174
2025-09-22,SKU031,110,121.54482363388837
2025-09-29,SKU031,114,118.70470568406043
2025-10-06,SKU031,114,111.0804681966578
2025-10-13,SKU031,108,110.35576251922403
2025-10-20,SKU031,118,106.66375997266873
2025-10-27,SKU031,115,110.29977884578174
2025-11-03,SKU031,109,120.0168383910518
2025-11-10,SKU031,109,114.29630748181424
2025-11-17,SKU031,126,114.59866766297337
2025-11-24,SKU031,118,117.01827108683457
2025-12-01,SKU031,101,117.66052978902505
2025-12-08,SKU031,95,108.0585981647441
2025-12-15,SKU031,114,110.13508104092793
2025-12-22,SKU031,126,114.47953488448532
2025-12-29,SKU031,106,111.97800274225555
2026-01-05,SKU031,27,59.446753363998
2024-12-30,SKU032,59,56.84824172334724
2025-01-06,SKU032,60,38.77261709217999
2025-01-13,SKU032,57,66.13223981769856
2025-01-20,SKU032,62,66.40296421622863
2025-01-27,SKU032,68,62.88214611865214
2025-02-03,SKU032,55,68.6788865383618
2025-02-10,SKU032,80,75.626981784368
2025-02-17,SKU032,61,68.4716051166561
2025-02-24,SKU032,82,75.24285948995663
2025-03-03,SKU032,74,76.62018536442088
2025-03-10,SKU032,62,75.13046760293327
2025-03-17,SKU032,98,78.2100945517559
2025-03-24,SKU032,85,80.86690582650452
2025-03-31,SKU032,68,80.32701250832982
2025-04-07,SKU032,66,72.17795763782831
2025-04-14,SKU032,83,71.10847514504837
2025-04-21,SKU032,91,77.19861462265084
2025-04-28,SKU032,76,76.59251007299076
2025-05-05,SKU032,91,79.76884243298696
2025-05-12,SKU032,92,81.03909513971735
2025-05-19,SKU032,63,82.13332638548953
2025-05-26,SKU032,76,74.36252584393266
2025-06-02,SKU032,77,79.23890794547773
2025-06-09,SKU032,73,76.12939606776924
2025-06-16,SKU032,79,73.38496250904603
2025-06-23,SKU032,73,75.410383331331
2025-06-30,SKU032,54,74.86125937876709
2025-07-07,SKU032,69,64.3446589514437
2025-07-14,SKU032,62,63.4227116776742
2025-07-21,SKU032,54,62.54500372021806
2025-07-28,SKU032,58,57.55589549394902
2025-08-04,SKU032,78,59.28270614025506
2025-08-11,SKU032,50,58.61376243910695
2025-08-18,SKU032,65,57.75091841746129
2025-08-25,SKU032,49,57.44741422751063
2025-09-01,SKU032,59,57.7165377327871
2025-09-08,SKU032,45,54.848757594977506
2025-09-15,SKU032,83,62.106656878704904
2025-09-22,SKU032,50,54.53119783696461
2025-09-29,SKU032,58,55.71225201521783
2025-10-06,SKU032,48,50.21967755644998
2025-10-13,SKU032,47,49.75549483195667
2025-10-20,SKU032,51,50.20181357470294
2025-10-27,SKU032,50,50.20181357470294
2025-11-03,SKU032,68,57.516195676485125
2025-11-10,SKU032,62,61.90284248267675
2025-11-17,SKU032,57,55.89206649758218
2025-11-24,SKU032,64,55.804038660008835
2025-12-01,SKU032,52,57.82108596293
2025-12-08,SKU032,61,57.03270641384187
2025-12-15,SKU032,57,56.15182997384576
2025-12-22,SKU032,62,59.24177864017142
2025-12-29,SKU032,55,61.42151880284163
2026-01-05,SKU032,19,36.678345414798606
2024-12-30,SKU033,112,111.24745195197895
2025-01-06,SKU033,105,85.58637412793297
2025-01-13,SKU033,122,111.16782205492835
2025-01-20,SKU033,131,121.26626212468555
2025-01-27,SKU033,134,126.68608286551621
2025-02-03,SKU033,143,133.2468413487314
2025-02-10,SKU033,144,134.54921415119907
2025-02-17,SKU033,123,137.93634668530314
2025-02-24,SKU033,130,132.84172923185432
2025-03-03,SKU033,149,144.21981280092865
2025-03-10,SKU033,146,145.4666225694751
2025-03-17,SKU033,157,148.75532982628133
2025-03-24,SKU033,158,151.6556842612044
2025-03-31,SKU033,174,162.52881626948331
2025-04-07,SKU033,151,152.95026801701104
2025-04-14,SKU033,160,160.07923637938273
2025-04-21,SKU033,132,143.52147470242446
2025-04-28,SKU033,163,149.87037383984872
2025-05-05,SKU033,147,145.66961298943676
2025-05-12,SKU033,155,146.4579049083399
2025-05-19,SKU033,142,139.44288508730043
2025-05-26,SKU033,133,144.18921156624342
2025-06-02,SKU033,155,151.56525969684452
2025-06-09,SKU033,132,145.47980376848864
2025-06-16,SKU033,153,147.73377736859777
2025-06-23,SKU033,157,150.1645866318237
2025-06-30,SKU033,161,146.23485245069293
2025-07-07,SKU033,119,131.24231276425994
2025-07-14,SKU033,121,137.7590012443004
2025-07-21,SKU033,120,127.00820831992465
2025-07-28,SKU033,126,121.77719014645479
2025-08-04,SKU033,105,115.55794388848216
2025-08-11,SKU033,105,108.74045706910157
2025-08-18,SKU033,106,106.27709434762957
2025-08-25,SKU033,107,106.84757296952563
2025-09-01,SKU033,115,108.4985521007413
2025-09-08,SKU033,104,112.32282059575107
2025-09-15,SKU033,121,110.09275658959312
2025-09-22,SKU033,111,112.64106055840494
2025-09-29,SKU033,123,113.45018803758158
2025-10-06,SKU033,104,104.928923592859
2025-10-13,SKU033,91,101.7402085058154
2025-10-20,SKU033,97,100.74695114212862
2025-10-27,SKU033,101,101.12137709643491
2025-11-03,SKU033,95,102.62083379625311
2025-11-10,SKU033,113,104.645069886445
2025-11-17,SKU033,113,103.45662101505108
2025-11-24,SKU033,120,109.0635550374912
2025-12-01,SKU033,129,116.90734659341028
2025-12-08,SKU033,113,111.2270299911705
2025-12-15,SKU033,108,113.82530898977075
2025-12-22,SKU033,115,109.41363445263792
2025-12-29,SKU033,102,108.36630405934376
2026-01-05,SKU033,22,67.68739635057854
2024-12-30,SKU034,123,125.28796625130016
2025-01-06,SKU034,131,97.57494905970964
2025-01-13,SKU034,127,131.69807375129923
2025-01-20,SKU034,142,134.24223180385206
2025-01-27,SKU034,145,131.19732892808454
2025-02-03,SKU034,135,148.04376548217638
2025-02-10,SKU034,146,156.29739342007667
2025-02-17,SKU034,165,154.46837149567344
2025-02-24,SKU034,159,154.56822962930698
2025-03-03,SKU034,154,159.45854450661133
2025-03-10,SKU034,174,170.7780666127981
2025-03-17,SKU034,208,181.54139436653836
2025-03-24,SKU034,166,172.8125663778331
2025-03-31,SKU034,167,171.56843737893666
2025-04-07,SKU034,167,171.68976011586236
2025-04-14,SKU034,144,164.19268076776493
2025-04-21,SKU034,163,166.26715502343288
2025-04-28,SKU034,162,155.25580873062282
2025-05-05,SKU034,153,159.01717416883668
2025-05-12,SKU034,128,143.93906975753694
2025-05-19,SKU034,186,160.7270693498236
2025-05-26,SKU034,145,152.5488533524931
2025-06-02,SKU034,184,168.67878109387226
2025-06-09,SKU034,161,165.76787767185996
2025-06-16,SKU034,164,168.49098649435228
2025-06-23,SKU034,151,159.5459101485999
2025-06-30,SKU034,184,172.522797610892
2025-07-07,SKU034,126,136.35598683695423
2025-07-14,SKU034,129,134.7107203710129
2025-07-21,SKU034,139,139.60005271268992
2025-07-28,SKU034,156,142.7398793557465
2025-08-04,SKU034,121,127.91060670406941
2025-08-11,SKU034,113,125.32451555379276
2025-08-18,SKU034,123,124.93286487191568
2025-08-25,SKU034,108,116.42212567609705
2025-09-01,SKU034,141,113.68508898798594
2025-09-08,SKU034,148,124.43545096599578
2025-09-15,SKU034,115,128.71634299440905
2025-09-22,SKU034,109,127.97593028364062
2025-09-29,SKU034,150,121.85044097461737
2025-10-06,SKU034,98,113.92277131868266
2025-10-13,SKU034,108,105.50941538242975
2025-10-20,SKU034,107,110.85155079283678
2025-10-27,SKU034,104,103.70730368119952
2025-11-03,SKU034,122,116.20972836151232
2025-11-10,SKU034,135,121.52568550389365
2025-11-17,SKU034,118,125.07643644083335
2025-11-24,SKU034,132,126.20994870620655
2025-12-01,SKU034,129,129.50151546058225
2025-12-08,SKU034,143,129.47596270098194
2025-12-15,SKU034,118,124.0713835153065
2025-12-22,SKU034,121,125.0671437491829
2025-12-29,SKU034,125,119.82174226420507
2026-01-05,SKU034,26,84.16182546559591
2024-12-30,SKU035,125,126.7809732257748
2025-01-06,SKU035,148,103.5367391262109
2025-01-13,SKU035,153,147.5060070116139
2025-01-20,SKU035,118,133.0716942303551
2025-01-27,SKU035,153,143.20339907938018
2025-02-03,SKU035,137,158.68418898593853
2025-02-10,SKU035,186,158.2839555003535
2025-02-17,SKU035,176,165.24940019122698
2025-02-24,SKU035,163,172.76323615133393
2025-03-03,SKU035,199,187.03369618138478
2025-03-10,SKU035,165,176.68236459407
2025-03-17,SKU035,167,173.2361268653082
2025-03-24,SKU035,172,180.73267249451774
2025-03-31,SKU035,186,179.3714642484475
2025-04-07,SKU035,173,173.39495419191974
2025-04-14,SKU035,181,172.67063112022976
2025-04-21,SKU035,169,171.79353556699454
2025-04-28,SKU035,159,173.77269477972942
2025-05-05,SKU035,182,175.76230037182484
2025-05-12,SKU035,177,170.1496003284818
2025-05-19,SKU035,186,174.57269383478493
2025-05-26,SKU035,165,174.3648030840405
2025-06-02,SKU035,180,178.76274193817832
2025-06-09,SKU035,190,181.32425485863132
2025-06-16,SKU035,159,177.00067214654575
2025-06-23,SKU035,159,167.94895724224477
2025-06-30,SKU035,173,171.63714014903033
2025-07-07,SKU035,143,141.21650727449426
2025-07-14,SKU035,125,142.01266904058627
2025-07-21,SKU035,131,140.12264238643078
2025-07-28,SKU035,167,151.64715957530848
2025-08-04,SKU035,121,132.9528143817882
2025-08-11,SKU035,135,130.77488222635702
2025-08-18,SKU035,143,137.42941123370002
2025-08-25,SKU035,125,131.6873851374897
2025-09-01,SKU035,130,126.83649235823962
2025-09-08,SKU035,146,131.18765991471435
2025-09-15,SKU035,123,130.8890161940399
2025-09-22,SKU035,132,129.40426584100447
2025-09-29,SKU035,121,130.4601847606154
2025-10-06,SKU035,134,118.21090719609646
2025-10-13,SKU035,113,121.77858602541257
2025-10-20,SKU035,132,120.5025352602954
2025-10-27,SKU035,133,117.55905489822155
2025-11-03,SKU035,112,126.23913944947599
2025-11-10,SKU035,116,126.87572566438142
2025-11-17,SKU035,122,125.78320925751049
2025-11-24,SKU035,126,126.2170637210652
2025-12-01,SKU035,140,129.7269206728102
2025-12-08,SKU035,133,127.47923270304906
2025-12-15,SKU035,123,129.94911476901817
2025-12-22,SKU035,131,128.8988489064878
2025-12-29,SKU035,136,128.16705561547818
2026-01-05,SKU035,30,81.35352378480037
2024-12-30,SKU036,39,33.413780993074596
2025-01-06,SKU036,22,20.047265332083114
2025-01-13,SKU036,35,32.003329329143135
2025-01-20,SKU036,31,30.393439438851328
2025-01-27,SKU036,39,32.85917142669982
2025-02-03,SKU036,39,34.15864651720631
2025-02-10,SKU036,38,36.86568677923181
2025-02-17,SKU036,32,37.144683056547535
2025-02-24,SKU036,41,36.95151130707928
2025-03-03,SKU036,30,40.269650201257164
2025-03-10,SKU036,36,38.80928412967149
2025-03-17,SKU036,29,36.276289914652374
2025-03-24,SKU036,30,39.94887995199759
2025-03-31,SKU036,49,35.33452841798517
2025-04-07,SKU036,36,37.99436631498071
2025-04-14,SKU036,47,36.76022416310418
2025-04-21,SKU036,33,38.8362200550017
2025-04-28,SKU036,47,40.847828591187124
2025-05-05,SKU036,44,39.11415821071491
2025-05-12,SKU036,46,40.420096988923476
2025-05-19,SKU036,40,41.17705264518958
2025-05-26,SKU036,33,42.01345874825303
2025-06-02,SKU036,39,40.15550616610798
2025-06-09,SKU036,30,37.91898877750658
2025-06-16,SKU036,32,36.958668866553936
2025-06-23,SKU036,42,36.71959259830783
2025-06-30,SKU036,41,36.89395897840129
2025-07-07,SKU036,35,32.00923345164858
2025-07-14,SKU036,29,33.54841175648486
2025-07-21,SKU036,38,33.238014091488154
2025-07-28,SKU036,26,32.70078542977459
2025-08-04,SKU036,32,30.133988531347534
2025-08-11,SKU036,25,29.61591427366398
2025-08-18,SKU036,22,28.042617263644303
2025-08-25,SKU036,29,28.49055842342701
2025-09-01,SKU036,42,28.43377926907785
2025-09-08,SKU036,26,30.454452236666157
2025-09-15,SKU036,28,29.906427154397655
2025-09-22,SKU036,35,31.408495039396254
2025-09-29,SKU036,30,31.734287042144633
2025-10-06,SKU036,28,28.76247379984802
2025-10-13,SKU036,19,28.722796894084123
2025-10-20,SKU036,21,27.588597155782793
2025-10-27,SKU036,33,25.98622345227535
2025-11-03,SKU036,29,28.879008825669466
2025-11-10,SKU036,30,29.514038671849303
2025-11-17,SKU036,26,29.514038671849303
2025-11-24,SKU036,38,30.822756169516914
2025-12-01,SKU036,26,30.721621760655395
2025-12-08,SKU036,32,30.08734406230102
2025-12-15,SKU036,31,29.917338689094752
2025-12-22,SKU036,34,29.76134219952832
2025-12-29,SKU036,31,30.867412572485073
2026-01-05,SKU036,5,20.476673214350033
2024-12-30,SKU037,143,146.29103240164523
2025-01-06,SKU037,159,130.4341951179413
2025-01-13,SKU037,140,161.41981964427364
2025-01-20,SKU037,167,160.2661389594937
2025-01-27,SKU037,155,157.91344623629527
2025-02-03,SKU037,176,163.985733515259
2025-02-10,SKU037,175,168.37689863359464
2025-02-17,SKU037,167,174.75939214195125
2025-02-24,SKU037,195,182.76148158631034
2025-03-03,SKU037,215,204.52095056631603
2025-03-10,SKU037,206,204.4458534258324
2025-03-17,SKU037,223,215.611910606289
2025-03-24,SKU037,215,212.6365190475414
2025-03-31,SKU037,227,213.7697080936953
2025-04-07,SKU037,199,201.09250824423341
2025-04-14,SKU037,200,210.05967090183015
2025-04-21,SKU037,184,199.9095518525646
2025-04-28,SKU037,188,193.6926459117224
2025-05-05,SKU037,234,205.30408385483014
2025-05-12,SKU037,202,203.33660354191494
2025-05-19,SKU037,189,198.01132466999277
2025-05-26,SKU037,189,192.70222622843264
2025-06-02,SKU037,221,208.07231416706128
2025-06-09,SKU037,207,204.11710068525642
2025-06-16,SKU037,208,196.37155613289755
2025-06-23,SKU037,196,201.03132391671207
2025-06-30,SKU037,195,201.48774707570232
2025-07-07,SKU037,189,171.88828335781056
2025-07-14,SKU037,218,180.10269704541983
2025-07-21,SKU037,177,177.432105962498
2025-07-28,SKU037,137,165.7493235132157
2025-08-04,SKU037,152,162.16208815226088
2025-08-11,SKU037,159,152.30086307172894
2025-08-18,SKU037,148,156.78354531603037
2025-08-25,SKU037,166,149.2322347237359
2025-09-01,SKU037,162,153.69278675604758
2025-09-08,SKU037,140,157.05374335813997
2025-09-15,SKU037,148,153.3100633068153
2025-09-22,SKU037,175,161.1911185595502
2025-09-29,SKU037,153,152.22947128121336
2025-10-06,SKU037,138,140.1761099721288
2025-10-13,SKU037,129,137.89204593733146
2025-10-20,SKU037,149,138.9938176056474
2025-10-27,SKU037,143,136.9875392315454
2025-11-03,SKU037,155,152.43027810201667
2025-11-10,SKU037,168,157.01635064497282
2025-11-17,SKU037,153,156.4422479881746
2025-11-24,SKU037,160,153.47502811942525
2025-12-01,SKU037,151,160.0863238605621
2025-12-08,SKU037,145,150.87580977930176
2025-12-15,SKU037,136,150.66640979811876
2025-12-22,SKU037,148,155.6126214010049
2025-12-29,SKU037,152,147.72439640485234
2026-01-05,SKU037,40,80.83519482159711
2024-12-30,SKU038,45,51.47972248036801
2025-01-06,SKU038,58,34.806174372804165
2025-01-13,SKU038,47,49.32914762830056
2025-01-20,SKU038,47,48.85335638706984
2025-01-27,SKU038,37,47.6602183234861
2025-02-03,SKU038,49,48.843555461144256
2025-02-10,SKU038,49,47.6440679628762
2025-02-17,SKU038,59,48.223695207670374
2025-02-24,SKU038,52,49.710908128488526
2025-03-03,SKU038,60,58.46051951922226
2025-03-10,SKU038,60,58.43427938659767
2025-03-17,SKU038,72,65.28750104873971
2025-03-24,SKU038,68,66.45033999058592
2025-03-31,SKU038,58,62.751482402618635
2025-04-07,SKU038,74,65.63303340805176
2025-04-14,SKU038,79,65.70860691971146
2025-04-21,SKU038,61,66.58346252519613
2025-04-28,SKU038,62,65.74855666386358
2025-05-05,SKU038,58,64.61231277708458
2025-05-12,SKU038,65,65.59429608764137
2025-05-19,SKU038,67,63.80292401549118
2025-05-26,SKU038,70,63.874443990101426
2025-06-02,SKU038,57,66.91188648603541
2025-06-09,SKU038,60,65.67888862194387
2025-06-16,SKU038,61,65.20327965301801
2025-06-23,SKU038,65,63.20188849181653
2025-06-30,SKU038,74,68.18487067279337
2025-07-07,SKU038,54,57.40467718091563
2025-07-14,SKU038,58,57.55193627095477
2025-07-21,SKU038,57,55.545783276645764
2025-07-28,SKU038,48,55.82064592433616
2025-08-04,SKU038,47,53.335041921333946
2025-08-11,SKU038,45,49.79467381979761
2025-08-18,SKU038,57,50.15897494150456
2025-08-25,SKU038,46,50.15897494150456
2025-09-01,SKU038,50,50.54483705834121
2025-09-08,SKU038,49,51.93441671865134
2025-09-15,SKU038,47,50.94132834738711
2025-09-22,SKU038,37,49.10272891194246
2025-09-29,SKU038,51,45.308607375257765
2025-10-06,SKU038,41,42.72867066175051
2025-10-13,SKU038,50,41.13948575071564
2025-10-20,SKU038,41,42.556130190230164
2025-10-27,SKU038,41,41.24415917567924
2025-11-03,SKU038,42,50.92583599081451
2025-11-10,SKU038,47,47.288833636704666
2025-11-17,SKU038,50,49.006117160711916
2025-11-24,SKU038,60,50.22584217833053
2025-12-01,SKU038,60,52.34710825533512
2025-12-08,SKU038,43,50.23513699334645
2025-12-15,SKU038,45,49.95139171764721
2025-12-22,SKU038,50,48.70462123928846
2025-12-29,SKU038,57,51.30981392223093
2026-01-05,SKU038,24,33.57376505538327
2024-12-30,SKU039,13,17.601629222296356
2025-01-06,SKU039,15,10.914154603327221
2025-01-13,SKU039,25,20.33580611793096
2025-01-20,SKU039,25,20.04112607291358
2025-01-27,SKU039,23,21.496891226365086
2025-02-03,SKU039,32,23.267890408537287
2025-02-10,SKU039,20,22.78440547249246
2025-02-17,SKU039,30,25.33710566776951
2025-02-24,SKU039,16,23.269640887970095
2025-03-03,SKU039,31,27.5819321379296
2025-03-10,SKU039,29,23.685304668426003
2025-03-17,SKU039,18,26.90943581027221
2025-03-24,SKU039,26,25.882432746571787
2025-03-31,SKU039,21,24.57244847608987
2025-04-07,SKU039,24,26.642496770098184
2025-04-14,SKU039,23,23.731538455483435
2025-04-21,SKU039,29,23.674986274666303
2025-04-28,SKU039,15,23.894350923754537
2025-05-05,SKU039,23,23.953567348953214
2025-05-12,SKU039,32,22.494690050123612
2025-05-19,SKU039,28,24.07445488522727
2025-05-26,SKU039,25,24.47512650552173
2025-06-02,SKU039,23,26.21469134959853
2025-06-09,SKU039,22,23.99755652101237
2025-06-16,SKU039,30,25.270210907757473
2025-06-23,SKU039,30,23.50527094069038
2025-06-30,SKU039,30,27.517199930317965
2025-07-07,SKU039,21,24.116089897132362
2025-07-14,SKU039,24,24.6932117675076
2025-07-21,SKU039,18,21.90849434900064
2025-07-28,SKU039,37,24.487830991545497
2025-08-04,SKU039,21,24.851372439094483
2025-08-11,SKU039,23,23.89980423258921
2025-08-18,SKU039,19,23.127889190607572
2025-08-25,SKU039,15,23.13661390438585
2025-09-01,SKU039,16,19.223132983373592
2025-09-08,SKU039,15,20.569183069528577
2025-09-15,SKU039,20,20.343653715787728
2025-09-22,SKU039,22,19.829303930203757
2025-09-29,SKU039,24,19.33477528519079
2025-10-06,SKU039,23,18.103653238184506
2025-10-13,SKU039,17,18.675371156197404
2025-10-20,SKU039,17,18.8307689436273
2025-10-27,SKU039,19,18.064232891077893
2025-11-03,SKU039,19,19.308903222399007
2025-11-10,SKU039,17,19.8864119363343
2025-11-17,SKU039,26,20.006211642191204
2025-11-24,SKU039,13,18.567359083323364
2025-12-01,SKU039,20,20.470086934446318
2025-12-08,SKU039,16,18.62039620363255
2025-12-15,SKU039,16,20.174593159100546
2025-12-22,SKU039,14,18.615326974370493
2025-12-29,SKU039,21,18.567220682802148
2026-01-05,SKU039,9,10.742730196090973
2024-12-30,SKU040,110,96.94024076579846
2025-01-06,SKU040,100,62.27977652320307
2025-01-13,SKU040,117,108.15007120250026
2025-01-20,SKU040,111,113.71904530983541
2025-01-27,SKU040,98,104.0118376338728
2025-02-03,SKU040,110,111.38092614090544
2025-02-10,SKU040,102,115.38784625607325
2025-02-17,SKU040,122,116.7200120755055
2025-02-24,SKU040,117,117.92205875923432
2025-03-03,SKU040,132,132.1442435107841
2025-03-10,SKU040,133,128.19894317308507
2025-03-17,SKU040,149,142.84349489318453
2025-03-24,SKU040,145,145.85874014441234
2025-03-31,SKU040,120,135.97220130370872
2025-04-07,SKU040,132,124.77999157635412
2025-04-14,SKU040,127,126.46546345828091
2025-04-21,SKU040,109,119.47506487625276
2025-04-28,SKU040,111,120.22633887966833
2025-05-05,SKU040,126,112.22312707616534
2025-05-12,SKU040,133,118.48915080645361
2025-05-19,SKU040,121,114.40628450206556
2025-05-26,SKU040,124,121.74013579371075
2025-06-02,SKU040,141,133.62952937262435
2025-06-09,SKU040,109,124.13875386599544
2025-06-16,SKU040,120,127.26336623316084
2025-06-23,SKU040,119,123.98713056468355
2025-06-30,SKU040,128,125.08367046791564
2025-07-07,SKU040,111,105.93598883738161
2025-07-14,SKU040,110,110.34591247583644
2025-07-21,SKU040,95,104.74551464832491
2025-07-28,SKU040,100,103.31208640221895
2025-08-04,SKU040,109,102.80116046948054
2025-08-11,SKU040,88,94.87716447101832
2025-08-18,SKU040,95,97.32067471157961
2025-08-25,SKU040,103,96.04894961345494
2025-09-01,SKU040,100,92.89101299768541
2025-09-08,SKU040,106,96.02844851693787
2025-09-15,SKU040,109,99.71435721360317
2025-09-22,SKU040,104,100.85905216302444
2025-09-29,SKU040,84,99.42769289359124
2025-10-06,SKU040,80,91.37834258921256
2025-10-13,SKU040,85,89.27491824003522
2025-10-20,SKU040,75,85.80067568962619
2025-10-27,SKU040,98,88.08341821769159
2025-11-03,SKU040,99,92.65777672321337
2025-11-10,SKU040,91,98.69518331302923
2025-11-17,SKU040,94,95.22990519864719
2025-11-24,SKU040,84,94.39103928049711
2025-12-01,SKU040,82,90.11154719056022
2025-12-08,SKU040,98,90.33721801725183
2025-12-15,SKU040,104,93.58959498121945
2025-12-22,SKU040,98,99.43887366115166
2025-12-29,SKU040,69,80.00678014901051
2026-01-05,SKU040,22,57.74173957527192
2024-12-30,SKU041,82,75.11047334906453
2025-01-06,SKU041,79,60.37520455290949
2025-01-13,SKU041,94,77.05907325167236
2025-01-20,SKU041,72,78.08224278178606
2025-01-27,SKU041,74,82.63913006584373
2025-02-03,SKU041,83,83.04595913868569
2025-02-10,SKU041,83,85.98942395621276
2025-02-17,SKU041,73,83.75822230492422
2025-02-24,SKU041,93,81.58874848194543
2025-03-03,SKU041,99,93.24894544648996
2025-03-10,SKU041,103,93.24936605370577
2025-03-17,SKU041,99,98.39689028926401
2025-03-24,SKU041,90,102.7140840886536
2025-03-31,SKU041,103,102.5425804616064
2025-04-07,SKU041,91,91.91072282217759
2025-04-14,SKU041,103,91.64229096055146
2025-04-21,SKU041,87,98.67600523993073
2025-04-28,SKU041,97,91.58336089161288
2025-05-05,SKU041,95,99.39283473678029
2025-05-12,SKU041,74,94.74258088825488
2025-05-19,SKU041,84,85.3435561853076
2025-05-26,SKU041,75,85.7519131577364
2025-06-02,SKU041,85,87.88040742433508
2025-06-09,SKU041,89,85.1063990770869
2025-06-16,SKU041,107,90.3120197037843
2025-06-23,SKU041,74,88.28088758756576
2025-06-30,SKU041,75,86.49401082407121
2025-07-07,SKU041,77,75.99672271015488
2025-07-14,SKU041,70,75.73494323950865
2025-07-21,SKU041,93,72.85215531134298
2025-07-28,SKU041,69,77.06535032076121
2025-08-04,SKU041,66,71.69470605141757
2025-08-11,SKU041,76,70.95182722429702
2025-08-18,SKU041,77,71.60142758131788
2025-08-25,SKU041,65,69.46479702178736
2025-09-01,SKU041,79,69.4919549651355
2025-09-08,SKU041,66,69.91810261338318
2025-09-15,SKU041,64,66.43605639792771
2025-09-22,SKU041,64,68.19009901646832
2025-09-29,SKU041,62,65.90336168566195
2025-10-06,SKU041,63,62.9903107695773
2025-10-13,SKU041,63,62.85000772602482
2025-10-20,SKU041,56,59.010593435877254
2025-10-27,SKU041,52,61.01185754483719
2025-11-03,SKU041,66,66.28570100258587
2025-11-10,SKU041,81,65.7503069284156
2025-11-17,SKU041,65,64.69657612644693
2025-11-24,SKU041,52,65.85357385246989
2025-12-01,SKU041,86,70.61461238429399
2025-12-08,SKU041,74,68.37157233348209
2025-12-15,SKU041,73,67.77726787888622
2025-12-22,SKU041,62,70.76817220194968
2025-12-29,SKU041,74,69.67530001240942
2026-01-05,SKU041,16,47.229144496433
2024-12-30,SKU042,156,145.53309065829563
2025-01-06,SKU042,159,115.25129232145215
2025-01-13,SKU042,135,141.05619604114892
2025-01-20,SKU042,166,146.77244354981804
2025-01-27,SKU042,142,156.0958744887312
2025-02-03,SKU042,155,167.16253499666192
2025-02-10,SKU042,157,157.58935464804637
2025-02-17,SKU042,181,166.0656762965022
2025-02-24,SKU042,168,161.10001391098416
2025-03-03,SKU042,177,177.4898727891915
2025-03-10,SKU042,188,180.8655893097969
2025-03-17,SKU042,190,185.85989016142287
2025-03-24,SKU042,181,181.13768706755687
2025-03-31,SKU042,185,197.60452214400505
2025-04-07,SKU042,207,190.74962715223313
2025-04-14,SKU042,165,178.22809404793583
2025-04-21,SKU042,169,173.58654460517675
2025-04-28,SKU042,189,179.06513409874475
2025-05-05,SKU042,194,194.6213458285697
2025-05-12,SKU042,192,182.62994383957448
2025-05-19,SKU042,198,192.23159119875902
2025-05-26,SKU042,178,181.84585745404934
2025-06-02,SKU042,175,186.1912259934282
2025-06-09,SKU042,201,188.38318793086478
2025-06-16,SKU042,175,185.45012636878064
2025-06-23,SKU042,190,186.14803700845792
2025-06-30,SKU042,189,186.73976594316727
2025-07-07,SKU042,170,163.30190420426746
2025-07-14,SKU042,150,156.6323286428562
2025-07-21,SKU042,160,155.44877008331665
2025-07-28,SKU042,160,159.53159669369842
2025-08-04,SKU042,159,151.00076386182798
2025-08-11,SKU042,140,144.8263088687727
2025-08-18,SKU042,143,146.25659325414915
2025-08-25,SKU042,165,146.11139572809046
2025-09-01,SKU042,156,148.15612308307584
2025-09-08,SKU042,144,152.77117411929768
2025-09-15,SKU042,155,147.4434786632561
2025-09-22,SKU042,154,150.47952972296994
2025-09-29,SKU042,133,143.28316254232166
2025-10-06,SKU042,131,137.57507947099865
2025-10-13,SKU042,138,139.63020685557768
2025-10-20,SKU042,130,132.11464298097437
2025-10-27,SKU042,122,128.90309689004584
2025-11-03,SKU042,137,136.6323545089527
2025-11-10,SKU042,137,135.41802426367826
2025-11-17,SKU042,133,135.19098435728492
2025-11-24,SKU042,120,133.79490423807906
2025-12-01,SKU042,149,138.1874181152984
2025-12-08,SKU042,153,143.32577931991491
2025-12-15,SKU042,128,139.84572358560183
2025-12-22,SKU042,169,146.41112586098222
2025-12-29,SKU042,152,150.16231053066107
2026-01-05,SKU042,36,92.31069833457708
2024-12-30,SKU043,144,139.25161496858044
2025-01-06,SKU043,166,110.90634267511983
2025-01-13,SKU043,167,143.55895906719005
2025-01-20,SKU043,150,143.76027835716735
2025-01-27,SKU043,161,159.5233010028446
2025-02-03,SKU043,159,175.16087906934212
2025-02-10,SKU043,185,168.8194394917101
2025-02-17,SKU043,170,164.7569244948592
2025-02-24,SKU043,171,167.14848455648513
2025-03-03,SKU043,180,188.1820094708231
2025-03-10,SKU043,189,188.37103727732293
2025-03-17,SKU043,192,187.35100137012188
2025-03-24,SKU043,182,190.42113342856143
2025-03-31,SKU043,200,191.58066768373865
2025-04-07,SKU043,188,182.16053032081777
2025-04-14,SKU043,170,175.943404817781
2025-04-21,SKU043,185,186.07415335599427
2025-04-28,SKU043,183,180.29226384496687
2025-05-05,SKU043,173,178.50310138862463
2025-05-12,SKU043,168,174.99997046322093
2025-05-19,SKU043,163,173.1102676367664
2025-05-26,SKU043,189,180.62849899297308
2025-06-02,SKU043,192,192.88971149744626
2025-06-09,SKU043,194,185.7305872859194
2025-06-16,SKU043,174,184.03214463138016
2025-06-23,SKU043,183,174.22819873537873
2025-06-30,SKU043,180,180.67956552815653
2025-07-07,SKU043,167,156.07443520068094
2025-07-14,SKU043,150,161.42294590035317
2025-07-21,SKU043,155,152.03191112436778
2025-07-28,SKU043,135,154.02386488356098
2025-08-04,SKU043,144,145.95216671572982
2025-08-11,SKU043,168,144.393808995376
2025-08-18,SKU043,128,144.9019995110915
2025-08-25,SKU043,138,140.44101769331138
2025-09-01,SKU043,137,141.66177133016737
2025-09-08,SKU043,127,139.3664276290878
2025-09-15,SKU043,146,137.89801557397013
2025-09-22,SKU043,140,138.9972811568198
2025-09-29,SKU043,121,139.03985753525782
2025-10-06,SKU043,115,127.0839623926454
2025-10-13,SKU043,134,122.04224347904861
2025-10-20,SKU043,120,122.79394761577181
2025-10-27,SKU043,116,122.61760963306826
2025-11-03,SKU043,149,134.25422625296767
2025-11-10,SKU043,145,125.97352770565658
2025-11-17,SKU043,140,133.77917043306618
2025-11-24,SKU043,143,136.73904214044958
2025-12-01,SKU043,124,142.59026143926832
2025-12-08,SKU043,122,143.16485116052394
2025-12-15,SKU043,138,140.68098400763463
2025-12-22,SKU043,131,127.95551963438415
2025-12-29,SKU043,136,136.26466608423732
2026-01-05,SKU043,53,89.85286830854547
2024-12-30,SKU044,61,56.42330564440362
2025-01-06,SKU044,61,40.60733432106519
2025-01-13,SKU044,73,68.09147450958352
2025-01-20,SKU044,90,68.38752950428665
2025-01-27,SKU044,66,66.43408883150286
2025-02-03,SKU044,65,74.84241495830774
2025-02-10,SKU044,76,68.36003564051931
2025-02-17,SKU044,57,71.31075497313397
2025-02-24,SKU044,72,76.18816234740646
2025-03-03,SKU044,79,79.77348885294201
2025-03-10,SKU044,93,77.67335184529394
2025-03-17,SKU044,82,84.73243915992825
2025-03-24,SKU044,80,80.13357507688703
2025-03-31,SKU044,77,82.66398940984341
2025-04-07,SKU044,88,78.62546745237731
2025-04-14,SKU044,65,78.76168044148886
2025-04-21,SKU044,83,76.52219064843744
2025-04-28,SKU044,79,78.67889131315397
2025-05-05,SKU044,78,80.00635687817996
2025-05-12,SKU044,79,77.0640512402497
2025-05-19,SKU044,89,79.58836379193994
2025-05-26,SKU044,68,78.22689229123189
2025-06-02,SKU044,90,78.06609812684361
2025-06-09,SKU044,74,78.63327458857178
2025-06-16,SKU044,88,80.09712683569023
2025-06-23,SKU044,67,77.72617820951125
2025-06-30,SKU044,66,75.05745578731721
2025-07-07,SKU044,61,68.08862111491369
2025-07-14,SKU044,84,68.58769907519812
2025-07-21,SKU044,62,68.32497980916433
2025-07-28,SKU044,72,68.55615515028248
2025-08-04,SKU044,69,62.98011495885905
2025-08-11,SKU044,63,63.67509165808381
2025-08-18,SKU044,58,66.1037656876132
2025-08-25,SKU044,69,63.0417000409988
2025-09-01,SKU044,51,60.25362099314629
2025-09-08,SKU044,57,60.765903811528865
2025-09-15,SKU044,61,56.78595855281313
2025-09-22,SKU044,47,56.27268104790014
2025-09-29,SKU044,64,62.312575871573756
2025-10-06,SKU044,55,50.89390242945363
2025-10-13,SKU044,47,58.053242601298344
2025-10-20,SKU044,54,50.45793975804933
2025-10-27,SKU044,54,49.945955369020254
2025-11-03,SKU044,59,59.34543143968077
2025-11-10,SKU044,58,55.118721268361405
2025-11-17,SKU044,55,55.95566907137537
2025-11-24,SKU044,45,54.44776732174285
2025-12-01,SKU044,55,55.587937872367185
2025-12-08,SKU044,51,56.35164656002502
2025-12-15,SKU044,62,56.291418819320704
2025-12-22,SKU044,58,55.34787403113651
2025-12-29,SKU044,64,56.93364389640561
2026-01-05,SKU044,10,34.537034127627216
2024-12-30,SKU045,180,160.92969167907142
2025-01-06,SKU045,164,126.29240725218237
2025-01-13,SKU045,176,168.47443715569435
2025-01-20,SKU045,149,170.7017538149576
2025-01-27,SKU045,186,181.88012140591368
2025-02-03,SKU045,184,184.42049760280872
2025-02-10,SKU045,178,186.13374687543651
2025-02-17,SKU045,206,189.4259259945421
2025-02-24,SKU045,200,190.28687452245717
2025-03-03,SKU045,219,220.7228515156766
2025-03-10,SKU045,244,225.21239279160017
2025-03-17,SKU045,214,213.08523733154482
2025-03-24,SKU045,229,226.02993540666927
2025-03-31,SKU045,215,216.28359980597327
2025-04-07,SKU045,211,201.17061649634928
2025-04-14,SKU045,224,212.09391237721943
2025-04-21,SKU045,210,200.79179065998326
2025-04-28,SKU045,193,210.39940877656517
2025-05-05,SKU045,186,200.2471323826569
2025-05-12,SKU045,189,199.81634283736727
2025-05-19,SKU045,203,210.93105348837477
2025-05-26,SKU045,210,193.70737445958784
2025-06-02,SKU045,227,212.13647580174342
2025-06-09,SKU045,206,212.7200615398188
2025-06-16,SKU045,212,205.89981714828784
2025-06-23,SKU045,177,197.18408004254186
2025-06-30,SKU045,212,194.8404147905846
2025-07-07,SKU045,150,170.35780105507587
2025-07-14,SKU045,159,161.23923916664495
2025-07-21,SKU045,194,170.4115156270069
2025-07-28,SKU045,163,165.71871602222788
2025-08-04,SKU045,148,159.03264275402012
2025-08-11,SKU045,152,155.95292449528765
2025-08-18,SKU045,163,165.2421015094197
2025-08-25,SKU045,142,147.79752394581618
2025-09-01,SKU045,143,148.8424731027613
2025-09-08,SKU045,162,158.36453213115433
2025-09-15,SKU045,169,160.90028299125092
2025-09-22,SKU045,145,153.942395053214
2025-09-29,SKU045,164,155.71109831996426
2025-10-06,SKU045,143,144.73723365602862
2025-10-13,SKU045,127,138.53154379975882
2025-10-20,SKU045,121,141.6863056445541
2025-10-27,SKU045,142,145.43230723421766
2025-11-03,SKU045,134,145.625770008754
2025-11-10,SKU045,167,144.48313753003887
2025-11-17,SKU045,141,151.6768729481876
2025-11-24,SKU045,158,153.26410334812354
2025-12-01,SKU045,164,158.9729064532416
2025-12-08,SKU045,168,160.78074458265922
2025-12-15,SKU045,152,149.32621184640684
2025-12-22,SKU045,125,151.00802780764292
2025-12-29,SKU045,154,154.52821550690692
2026-01-05,SKU045,40,97.44317161508057
2024-12-30,SKU046,66,56.82269932327513
2025-01-06,SKU046,60,39.203165030622905
2025-01-13,SKU046,70,65.88822120894517
2025-01-20,SKU046,59,61.842179132063826
2025-01-27,SKU046,68,64.72329665525852
2025-02-03,SKU046,64,71.95392068235448
2025-02-10,SKU046,79,73.9277524584316
2025-02-17,SKU046,66,70.58351408132332
2025-02-24,SKU046,65,69.18299493301724
2025-03-03,SKU046,91,79.15051095796841
2025-03-10,SKU046,70,79.52415596118108
2025-03-17,SKU046,81,82.8426060203526
2025-03-24,SKU046,70,78.5094078377453
2025-03-31,SKU046,69,72.01541072492525
2025-04-07,SKU046,73,69.57968030653207
2025-04-14,SKU046,62,70.87662007019766
2025-04-21,SKU046,78,73.2273820055698
2025-04-28,SKU046,80,73.58619685468528
2025-05-05,SKU046,78,75.1279548646405
2025-05-12,SKU046,60,74.5978226809069
2025-05-19,SKU046,83,73.52389339420085
2025-05-26,SKU046,63,72.17332925670732
2025-06-02,SKU046,78,73.5795698172033
2025-06-09,SKU046,71,72.2337746494258
2025-06-16,SKU046,69,73.48593186102414
2025-06-23,SKU046,60,68.09802856523241
2025-06-30,SKU046,77,72.4901054118478
2025-07-07,SKU046,55,61.89834680424354
2025-07-14,SKU046,80,62.48258194532669
2025-07-21,SKU046,76,63.31521247485899
2025-07-28,SKU046,69,64.20106917300066
2025-08-04,SKU046,54,62.292205664829496
2025-08-11,SKU046,70,67.1652278531237
2025-08-18,SKU046,60,61.413918489263196
2025-08-25,SKU046,54,59.95391702129093
2025-09-01,SKU046,60,55.54503471583242
2025-09-08,SKU046,53,59.34844195299151
2025-09-15,SKU046,60,57.90234476413861
2025-09-22,SKU046,64,56.939273652275894
2025-09-29,SKU046,67,57.61630355665189
2025-10-06,SKU046,57,58.24806431101981
2025-10-13,SKU046,51,57.09074224790314
2025-10-20,SKU046,41,49.59294258146122
2025-10-27,SKU046,51,48.678611847186495
2025-11-03,SKU046,60,56.936098834697425
2025-11-10,SKU046,51,55.34784289526957
2025-11-17,SKU046,63,65.33728014338375
2025-11-24,SKU046,46,54.83528254314271
2025-12-01,SKU046,53,56.874907914424625
2025-12-08,SKU046,56,55.966259317429476
2025-12-15,SKU046,67,59.703387002053034
2025-12-22,SKU046,58,55.93126146151154
2025-12-29,SKU046,58,60.71907186762236
2026-01-05,SKU046,8,34.63779852433207
2024-12-30,SKU047,88,91.26937467224491
2025-01-06,SKU047,115,76.54844671882317
2025-01-13,SKU047,108,100.77601373799581
2025-01-20,SKU047,83,98.09612364269007
2025-01-27,SKU047,88,92.6239948572347
2025-02-03,SKU047,100,102.30427775219775
2025-02-10,SKU047,114,104.37980500958203
2025-02-17,SKU047,98,106.82575878794209
2025-02-24,SKU047,105,107.38433541408979
2025-03-03,SKU047,105,115.04793800667767
2025-03-10,SKU047,154,125.6761381341204
2025-03-17,SKU047,139,127.26453301006529
2025-03-24,SKU047,116,127.07287525219888
2025-03-31,SKU047,126,127.11972658993795
2025-04-07,SKU047,122,119.6954409682178
2025-04-14,SKU047,94,115.9817600607127
2025-04-21,SKU047,122,113.50244955832659
2025-04-28,SKU047,114,116.72602299680076
2025-05-05,SKU047,117,118.35818934313247
2025-05-12,SKU047,104,109.31898575663323
2025-05-19,SKU047,109,108.94999634225883
2025-05-26,SKU047,120,112.76782310989942
2025-06-02,SKU047,125,121.17286281582525
2025-06-09,SKU047,120,118.10512052936964
2025-06-16,SKU047,133,118.3622818136332
2025-06-23,SKU047,123,123.16913939644478
2025-06-30,SKU047,107,123.28195555300815
2025-07-07,SKU047,113,110.06295348454951
2025-07-14,SKU047,99,105.39872163539245
2025-07-21,SKU047,112,104.1658915676469
2025-07-28,SKU047,104,102.14429199149949
2025-08-04,SKU047,118,104.48889029413255
2025-08-11,SKU047,95,103.78368606902123
2025-08-18,SKU047,95,99.73982831709522
2025-08-25,SKU047,91,92.44264187316787
2025-09-01,SKU047,96,95.96715815022885
2025-09-08,SKU047,101,91.00084149335412
2025-09-15,SKU047,73,87.73006814229107
2025-09-22,SKU047,93,93.45105992171987
2025-09-29,SKU047,91,91.97082130980903
2025-10-06,SKU047,77,81.73144471708643
2025-10-13,SKU047,81,84.95709925789852
2025-10-20,SKU047,74,79.57821557797676
2025-10-27,SKU047,86,80.25465281106683
2025-11-03,SKU047,93,92.6526257042339
2025-11-10,SKU047,99,92.1698011007256
2025-11-17,SKU047,100,88.4122155126006
2025-11-24,SKU047,86,93.23227494945792
2025-12-01,SKU047,87,88.79636067693716
2025-12-08,SKU047,110,92.8150028562645
2025-12-15,SKU047,91,95.52266029715632
2025-12-22,SKU047,91,95.6811872603193
2025-12-29,SKU047,99,93.62274022136377
2026-01-05,SKU047,21,54.63764557369454
2024-12-30,SKU048,63,55.99767675743758
2025-01-06,SKU048,53,44.13077375337712
2025-01-13,SKU048,53,58.11595971357477
2025-01-20,SKU048,64,56.346677386804465
2025-01-27,SKU048,76,56.357328427515775
2025-02-03,SKU048,58,61.188313208797894
2025-02-10,SKU048,49,63.33276905188175
2025-02-17,SKU048,43,59.06178635677527
2025-02-24,SKU048,66,60.92225320524818
2025-03-03,SKU048,67,65.49231555799135
2025-03-10,SKU048,67,68.95282099903496
2025-03-17,SKU048,72,69.42148839834884
2025-03-24,SKU048,64,72.59161398147772
2025-03-31,SKU048,78,72.06715004428574
2025-04-07,SKU048,63,67.81624971892855
2025-04-14,SKU048,85,67.53635708062555
2025-04-21,SKU048,66,69.1884032965558
2025-04-28,SKU048,66,66.51025394645777
2025-05-05,SKU048,71,67.40418700730613
2025-05-12,SKU048,74,71.19334240729266
2025-05-19,SKU048,62,68.34744749026592
2025-05-26,SKU048,72,71.39985835196663
2025-06-02,SKU048,70,71.86615542880163
2025-06-09,SKU048,62,68.63719050014376
2025-06-16,SKU048,58,68.81219210922437
2025-06-23,SKU048,81,68.88629079274673
2025-06-30,SKU048,74,68.85913034536478
2025-07-07,SKU048,43,60.36593191638128
2025-07-14,SKU048,48,58.994411796473734
2025-07-21,SKU048,63,58.787296551709545
2025-07-28,SKU048,55,54.7792802645183
2025-08-04,SKU048,47,55.838647996099105
2025-08-11,SKU048,46,49.73099004229776
2025-08-18,SKU048,41,49.770131662113485
2025-08-25,SKU048,46,54.34824598530957
2025-09-01,SKU048,54,48.5880162637355
2025-09-08,SKU048,66,50.6214587502758
2025-09-15,SKU048,53,53.44352634119962
2025-09-22,SKU048,55,52.189431945289854
2025-09-29,SKU048,46,50.132012740024116
2025-10-06,SKU048,46,45.51905229854565
2025-10-13,SKU048,55,45.68330119305521
2025-10-20,SKU048,58,45.9427661376125
2025-10-27,SKU048,29,45.4341010706671
2025-11-03,SKU048,66,54.76722885516911
2025-11-10,SKU048,59,54.226741615957806
2025-11-17,SKU048,48,55.37768517119156
2025-11-24,SKU048,62,58.595425440215166
2025-12-01,SKU048,37,54.88222226925172
2025-12-08,SKU048,57,52.41847397213267
2025-12-15,SKU048,59,52.84815548329309
2025-12-22,SKU048,53,51.923638866564595
2025-12-29,SKU048,41,58.375492091597
2026-01-05,SKU048,14,33.82781945761552
2024-12-30,SKU049,135,147.24588934535043
2025-01-06,SKU049,192,118.39540462307725
2025-01-13,SKU049,182,176.33268286486944
2025-01-20,SKU049,171,171.84404170249138
2025-01-27,SKU049,164,170.3632828693695
2025-02-03,SKU049,161,172.31746565406695
2025-02-10,SKU049,196,186.61130279826963
2025-02-17,SKU049,180,181.0668272122063
2025-02-24,SKU049,195,186.50447522840426
2025-03-03,SKU049,209,209.80003586374443
2025-03-10,SKU049,202,205.89095033273725
2025-03-17,SKU049,197,205.3776939031793
2025-03-24,SKU049,226,221.3038903664086
2025-03-31,SKU049,218,220.14037611814618
2025-04-07,SKU049,189,200.29548724955558
2025-04-14,SKU049,208,200.81675067708997
2025-04-21,SKU049,201,200.2154786836313
2025-04-28,SKU049,214,212.58597725063237
2025-05-05,SKU049,192,202.19850916078968
2025-05-12,SKU049,219,204.79468807369278
2025-05-19,SKU049,198,200.26067109217962
2025-05-26,SKU049,185,198.59823549839152
2025-06-02,SKU049,204,204.5128305981041
2025-06-09,SKU049,207,208.7962512017599
2025-06-16,SKU049,205,200.13257898894838
2025-06-23,SKU049,193,191.690752855946
2025-06-30,SKU049,213,197.26587503677473
2025-07-07,SKU049,171,174.08381496981397
2025-07-14,SKU049,171,166.38145417136178
2025-07-21,SKU049,168,171.49216138572166
2025-07-28,SKU049,171,165.59029915564005
2025-08-04,SKU049,158,163.71251440473608
2025-08-11,SKU049,156,162.7936612094907
2025-08-18,SKU049,161,153.7823618636453
2025-08-25,SKU049,144,152.23559066831666
2025-09-01,SKU049,164,154.77084003824297
2025-09-08,SKU049,151,157.64751820393488
2025-09-15,SKU049,167,161.5361079666074
2025-09-22,SKU049,160,156.60820902820234
2025-09-29,SKU049,169,159.68529017754443
2025-10-06,SKU049,135,143.38286097666452
2025-10-13,SKU049,146,145.61417032262463
2025-10-20,SKU049,142,143.82765403460635
2025-10-27,SKU049,142,144.09048566490608
2025-11-03,SKU049,152,147.75276722948243
2025-11-10,SKU049,149,153.43660403052655
2025-11-17,SKU049,163,150.69910997840643
2025-11-24,SKU049,134,150.36280040788378
2025-12-01,SKU049,174,163.98659884994714
2025-12-08,SKU049,162,158.81226231905498
2025-12-15,SKU049,160,159.61320344913383
2025-12-22,SKU049,152,150.31787394338411
2025-12-29,SKU049,160,154.64516572174367
2026-01-05,SKU049,32,91.11180724311674
2024-12-30,SKU050,55,45.96142291087763
2025-01-06,SKU050,41,32.559670709922656
2025-01-13,SKU050,41,43.290020134380896
2025-01-20,SKU050,38,41.8818214726386
2025-01-27,SKU050,43,42.38180785053289
2025-02-03,SKU050,39,41.31135101699972
2025-02-10,SKU050,41,41.61861373313213
2025-02-17,SKU050,54,41.51233482663469
2025-02-24,SKU050,42,45.797597323724844
2025-03-03,SKU050,60,51.149880106005284
2025-03-10,SKU050,62,55.6044248473464
2025-03-17,SKU050,51,57.261602706680435
2025-03-24,SKU050,59,55.39246152002382
2025-03-31,SKU050,54,53.60905255316199
2025-04-07,SKU050,60,51.13440540804476
2025-04-14,SKU050,48,48.95040153528875
2025-04-21,SKU050,49,50.890642212521705
2025-04-28,SKU050,44,48.13850667647251
2025-05-05,SKU050,53,47.69827032249229
2025-05-12,SKU050,47,50.07252174229182
2025-05-19,SKU050,55,49.67594840294399
2025-05-26,SKU050,72,53.630766071925486
2025-06-02,SKU050,50,53.45100709705049
2025-06-09,SKU050,49,54.96856368607933
2025-06-16,SKU050,48,52.35993295257259
2025-06-23,SKU050,59,51.22943791619705
2025-06-30,SKU050,62,51.57465001898216
2025-07-07,SKU050,42,47.494927369199054
2025-07-14,SKU050,54,48.23383855294261
2025-07-21,SKU050,47,46.734932604065456
2025-07-28,SKU050,41,50.05614954418899
2025-08-04,SKU050,37,43.67623608911053
2025-08-11,SKU050,38,41.04823534966294
2025-08-18,SKU050,38,39.2706467560416
2025-08-25,SKU050,39,36.33660816478907
2025-09-01,SKU050,29,34.19693290919798
2025-09-08,SKU050,30,36.98285842204436
2025-09-15,SKU050,36,37.43287470257172
2025-09-22,SKU050,27,35.98326883626947
2025-09-29,SKU050,36,31.64344260261188
2025-10-06,SKU050,37,30.594182349745996
2025-10-13,SKU050,38,32.59815036386178
2025-10-20,SKU050,34,32.64406261895414
2025-10-27,SKU050,28,32.288930300725774
2025-11-03,SKU050,34,35.00796312677015
2025-11-10,SKU050,51,36.878904297695755
2025-11-17,SKU050,39,38.29532294836933
2025-11-24,SKU050,36,36.52821925836126
2025-12-01,SKU050,32,38.23508350733806
2025-12-08,SKU050,44,37.14241106076891
2025-12-15,SKU050,29,36.89955809978268
2025-12-22,SKU050,35,36.95256893629303
2025-12-29,SKU050,54,42.96704617652316
2026-01-05,SKU050,17,29.30558630037783
